lot_id,temporal_split
LOT-0000001,Test (Temporal)
LOT-0000002,Train
LOT-0000003,Test (Temporal)
LOT-0000004,Train
LOT-0000005,Train
LOT-0000006,Train
LOT-0000007,Train
LOT-0000008,Train
LOT-0000009,Train
LOT-0000010,Train
LOT-0000011,Train
LOT-0000012,Train
LOT-0000013,Train
LOT-0000014,Test (Temporal)
LOT-0000015,Train
LOT-0000016,Train
LOT-0000017,Train
LOT-0000018,Train
LOT-0000019,Train
LOT-0000020,Train
LOT-0000021,Train
LOT-0000022,Train
LOT-0000023,Test (Temporal)
LOT-0000024,Test (Temporal)
LOT-0000025,Train
LOT-0000026,Train
LOT-0000027,Train
LOT-0000028,Train
LOT-0000029,Train
LOT-0000030,Train
LOT-0000031,Train
LOT-0000032,Train
LOT-0000033,Train
LOT-0000034,Train
LOT-0000035,Train
LOT-0000036,Train
LOT-0000037,Train
LOT-0000038,Train
LOT-0000039,Train
LOT-0000040,Train
LOT-0000041,Test (Temporal)
LOT-0000042,Train
LOT-0000043,Train
LOT-0000044,Train
LOT-0000045,Train
LOT-0000046,Test (Temporal)
LOT-0000047,Test (Temporal)
LOT-0000048,Train
LOT-0000049,Test (Temporal)
LOT-0000050,Train
LOT-0000051,Train
LOT-0000052,Train
LOT-0000053,Train
LOT-0000054,Train
LOT-0000055,Train
LOT-0000056,Train
LOT-0000057,Train
LOT-0000058,Train
LOT-0000059,Train
LOT-0000060,Train
LOT-0000061,Train
LOT-0000062,Train
LOT-0000063,Test (Temporal)
LOT-0000064,Train
LOT-0000065,Train
LOT-0000066,Train
LOT-0000067,Test (Temporal)
LOT-0000068,Train
LOT-0000069,Train
LOT-0000070,Test (Temporal)
LOT-0000071,Train
LOT-0000072,Train
LOT-0000073,Train
LOT-0000074,Train
LOT-0000075,Train
LOT-0000076,Train
LOT-0000077,Train
LOT-0000078,Train
LOT-0000079,Train
LOT-0000080,Train
LOT-0000081,Train
LOT-0000082,Test (Temporal)
LOT-0000083,Train
LOT-0000084,Train
LOT-0000085,Train
LOT-0000086,Train
LOT-0000087,Train
LOT-0000088,Train
LOT-0000089,Train
LOT-0000090,Train
LOT-0000091,Train
LOT-0000092,Test (Temporal)
LOT-0000093,Test (Temporal)
LOT-0000094,Test (Temporal)
LOT-0000095,Train
LOT-0000096,Train
LOT-0000097,Train
LOT-0000098,Train
LOT-0000099,Train
LOT-0000100,Train
LOT-0000101,Train
LOT-0000102,Train
LOT-0000103,Train
LOT-0000104,Test (Temporal)
LOT-0000105,Train
LOT-0000106,Train
LOT-0000107,Train
LOT-0000108,Train
LOT-0000109,Train
LOT-0000110,Train
LOT-0000111,Train
LOT-0000112,Test (Temporal)
LOT-0000113,Train
LOT-0000114,Train
LOT-0000115,Train
LOT-0000116,Train
LOT-0000117,Train
LOT-0000118,Test (Temporal)
LOT-0000119,Train
LOT-0000120,Train
LOT-0000121,Train
LOT-0000122,Test (Temporal)
LOT-0000123,Train
LOT-0000124,Train
LOT-0000125,Train
LOT-0000126,Train
LOT-0000127,Train
LOT-0000128,Train
LOT-0000129,Train
LOT-0000130,Test (Temporal)
LOT-0000131,Train
LOT-0000132,Train
LOT-0000133,Train
LOT-0000134,Train
LOT-0000135,Train
LOT-0000136,Test (Temporal)
LOT-0000137,Test (Temporal)
LOT-0000138,Train
LOT-0000139,Train
LOT-0000140,Train
LOT-0000141,Train
LOT-0000142,Train
LOT-0000143,Train
LOT-0000144,Train
LOT-0000145,Train
LOT-0000146,Train
LOT-0000147,Train
LOT-0000148,Train
LOT-0000149,Train
LOT-0000150,Train
LOT-0000151,Train
LOT-0000152,Train
LOT-0000153,Test (Temporal)
LOT-0000154,Train
LOT-0000155,Train
LOT-0000156,Train
LOT-0000157,Train
LOT-0000158,Train
LOT-0000159,Train
LOT-0000160,Train
LOT-0000161,Train
LOT-0000162,Train
LOT-0000163,Train
LOT-0000164,Train
LOT-0000165,Train
LOT-0000166,Train
LOT-0000167,Test (Temporal)
LOT-0000168,Train
LOT-0000169,Train
LOT-0000170,Train
LOT-0000171,Train
LOT-0000172,Train
LOT-0000173,Train
LOT-0000174,Train
LOT-0000175,Train
LOT-0000176,Train
LOT-0000177,Train
LOT-0000178,Train
LOT-0000179,Train
LOT-0000180,Train
LOT-0000181,Train
LOT-0000182,Test (Temporal)
LOT-0000183,Test (Temporal)
LOT-0000184,Train
LOT-0000185,Train
LOT-0000186,Train
LOT-0000187,Train
LOT-0000188,Train
LOT-0000189,Train
LOT-0000190,Train
LOT-0000191,Train
LOT-0000192,Test (Temporal)
LOT-0000193,Train
LOT-0000194,Train
LOT-0000195,Train
LOT-0000196,Train
LOT-0000197,Train
LOT-0000198,Train
LOT-0000199,Train
LOT-0000200,Test (Temporal)
LOT-0000201,Train
LOT-0000202,Train
LOT-0000203,Train
LOT-0000204,Train
LOT-0000205,Train
LOT-0000206,Test (Temporal)
LOT-0000207,Train
LOT-0000208,Train
LOT-0000209,Train
LOT-0000210,Train
LOT-0000211,Test (Temporal)
LOT-0000212,Test (Temporal)
LOT-0000213,Train
LOT-0000214,Train
LOT-0000215,Train
LOT-0000216,Test (Temporal)
LOT-0000217,Train
LOT-0000218,Train
LOT-0000219,Train
LOT-0000220,Train
LOT-0000221,Test (Temporal)
LOT-0000222,Train
LOT-0000223,Train
LOT-0000224,Train
LOT-0000225,Train
LOT-0000226,Train
LOT-0000227,Train
LOT-0000228,Train
LOT-0000229,Train
LOT-0000230,Train
LOT-0000231,Train
LOT-0000232,Train
LOT-0000233,Train
LOT-0000234,Test (Temporal)
LOT-0000235,Train
LOT-0000236,Train
LOT-0000237,Train
LOT-0000238,Train
LOT-0000239,Train
LOT-0000240,Train
LOT-0000241,Train
LOT-0000242,Train
LOT-0000243,Train
LOT-0000244,Test (Temporal)
LOT-0000245,Train
LOT-0000246,Train
LOT-0000247,Train
LOT-0000248,Train
LOT-0000249,Train
LOT-0000250,Train
LOT-0000251,Test (Temporal)
LOT-0000252,Train
LOT-0000253,Train
LOT-0000254,Test (Temporal)
LOT-0000255,Train
LOT-0000256,Train
LOT-0000257,Train
LOT-0000258,Train
LOT-0000259,Train
LOT-0000260,Train
LOT-0000261,Train
LOT-0000262,Train
LOT-0000263,Train
LOT-0000264,Train
LOT-0000265,Train
LOT-0000266,Train
LOT-0000267,Train
LOT-0000268,Train
LOT-0000269,Train
LOT-0000270,Train
LOT-0000271,Train
LOT-0000272,Train
LOT-0000273,Train
LOT-0000274,Test (Temporal)
LOT-0000275,Train
LOT-0000276,Train
LOT-0000277,Train
LOT-0000278,Test (Temporal)
LOT-0000279,Train
LOT-0000280,Train
LOT-0000281,Train
LOT-0000282,Test (Temporal)
LOT-0000283,Test (Temporal)
LOT-0000284,Train
LOT-0000285,Train
LOT-0000286,Train
LOT-0000287,Test (Temporal)
LOT-0000288,Train
LOT-0000289,Test (Temporal)
LOT-0000290,Train
LOT-0000291,Train
LOT-0000292,Test (Temporal)
LOT-0000293,Train
LOT-0000294,Train
LOT-0000295,Train
LOT-0000296,Train
LOT-0000297,Train
LOT-0000298,Test (Temporal)
LOT-0000299,Train
LOT-0000300,Train
LOT-0000301,Test (Temporal)
LOT-0000302,Train
LOT-0000303,Train
LOT-0000304,Test (Temporal)
LOT-0000305,Train
LOT-0000306,Train
LOT-0000307,Train
LOT-0000308,Train
LOT-0000309,Train
LOT-0000310,Train
LOT-0000311,Train
LOT-0000312,Train
LOT-0000313,Train
LOT-0000314,Train
LOT-0000315,Train
LOT-0000316,Train
LOT-0000317,Train
LOT-0000318,Train
LOT-0000319,Train
LOT-0000320,Train
LOT-0000321,Train
LOT-0000322,Train
LOT-0000323,Train
LOT-0000324,Train
LOT-0000325,Train
LOT-0000326,Train
LOT-0000327,Train
LOT-0000328,Test (Temporal)
LOT-0000329,Train
LOT-0000330,Train
LOT-0000331,Train
LOT-0000332,Train
LOT-0000333,Test (Temporal)
LOT-0000334,Test (Temporal)
LOT-0000335,Train
LOT-0000336,Test (Temporal)
LOT-0000337,Train
LOT-0000338,Train
LOT-0000339,Train
LOT-0000340,Train
LOT-0000341,Train
LOT-0000342,Train
LOT-0000343,Train
LOT-0000344,Test (Temporal)
LOT-0000345,Train
LOT-0000346,Train
LOT-0000347,Train
LOT-0000348,Train
LOT-0000349,Train
LOT-0000350,Train
LOT-0000351,Test (Temporal)
LOT-0000352,Train
LOT-0000353,Train
LOT-0000354,Train
LOT-0000355,Train
LOT-0000356,Train
LOT-0000357,Train
LOT-0000358,Train
LOT-0000359,Train
LOT-0000360,Train
LOT-0000361,Train
LOT-0000362,Train
LOT-0000363,Train
LOT-0000364,Train
LOT-0000365,Train
LOT-0000366,Test (Temporal)
LOT-0000367,Train
LOT-0000368,Train
LOT-0000369,Train
LOT-0000370,Train
LOT-0000371,Train
LOT-0000372,Train
LOT-0000373,Train
LOT-0000374,Train
LOT-0000375,Train
LOT-0000376,Train
LOT-0000377,Train
LOT-0000378,Test (Temporal)
LOT-0000379,Train
LOT-0000380,Test (Temporal)
LOT-0000381,Train
LOT-0000382,Train
LOT-0000383,Test (Temporal)
LOT-0000384,Train
LOT-0000385,Train
LOT-0000386,Train
LOT-0000387,Test (Temporal)
LOT-0000388,Train
LOT-0000389,Train
LOT-0000390,Train
LOT-0000391,Train
LOT-0000392,Train
LOT-0000393,Train
LOT-0000394,Test (Temporal)
LOT-0000395,Train
LOT-0000396,Train
LOT-0000397,Test (Temporal)
LOT-0000398,Train
LOT-0000399,Train
LOT-0000400,Train
LOT-0000401,Test (Temporal)
LOT-0000402,Train
LOT-0000403,Train
LOT-0000404,Train
LOT-0000405,Train
LOT-0000406,Train
LOT-0000407,Train
LOT-0000408,Train
LOT-0000409,Train
LOT-0000410,Test (Temporal)
LOT-0000411,Train
LOT-0000412,Train
LOT-0000413,Train
LOT-0000414,Train
LOT-0000415,Train
LOT-0000416,Train
LOT-0000417,Test (Temporal)
LOT-0000418,Train
LOT-0000419,Train
LOT-0000420,Test (Temporal)
LOT-0000421,Train
LOT-0000422,Train
LOT-0000423,Train
LOT-0000424,Train
LOT-0000425,Train
LOT-0000426,Train
LOT-0000427,Train
LOT-0000428,Train
LOT-0000429,Train
LOT-0000430,Train
LOT-0000431,Train
LOT-0000432,Train
LOT-0000433,Train
LOT-0000434,Train
LOT-0000435,Train
LOT-0000436,Train
LOT-0000437,Train
LOT-0000438,Train
LOT-0000439,Test (Temporal)
LOT-0000440,Train
LOT-0000441,Train
LOT-0000442,Train
LOT-0000443,Train
LOT-0000444,Train
LOT-0000445,Train
LOT-0000446,Train
LOT-0000447,Train
LOT-0000448,Train
LOT-0000449,Test (Temporal)
LOT-0000450,Train
LOT-0000451,Train
LOT-0000452,Train
LOT-0000453,Train
LOT-0000454,Train
LOT-0000455,Train
LOT-0000456,Train
LOT-0000457,Train
LOT-0000458,Train
LOT-0000459,Train
LOT-0000460,Train
LOT-0000461,Train
LOT-0000462,Train
LOT-0000463,Train
LOT-0000464,Train
LOT-0000465,Train
LOT-0000466,Train
LOT-0000467,Test (Temporal)
LOT-0000468,Train
LOT-0000469,Train
LOT-0000470,Test (Temporal)
LOT-0000471,Train
LOT-0000472,Train
LOT-0000473,Train
LOT-0000474,Train
LOT-0000475,Train
LOT-0000476,Train
LOT-0000477,Test (Temporal)
LOT-0000478,Train
LOT-0000479,Train
LOT-0000480,Train
LOT-0000481,Train
LOT-0000482,Train
LOT-0000483,Test (Temporal)
LOT-0000484,Train
LOT-0000485,Train
LOT-0000486,Train
LOT-0000487,Train
LOT-0000488,Train
LOT-0000489,Train
LOT-0000490,Train
LOT-0000491,Test (Temporal)
LOT-0000492,Train
LOT-0000493,Train
LOT-0000494,Train
LOT-0000495,Train
LOT-0000496,Train
LOT-0000497,Train
LOT-0000498,Train
LOT-0000499,Train
LOT-0000500,Test (Temporal)
LOT-0000501,Train
LOT-0000502,Train
LOT-0000503,Train
LOT-0000504,Train
LOT-0000505,Train
LOT-0000506,Train
LOT-0000507,Train
LOT-0000508,Train
LOT-0000509,Train
LOT-0000510,Train
LOT-0000511,Train
LOT-0000512,Train
LOT-0000513,Train
LOT-0000514,Train
LOT-0000515,Train
LOT-0000516,Train
LOT-0000517,Train
LOT-0000518,Train
LOT-0000519,Train
LOT-0000520,Train
LOT-0000521,Train
LOT-0000522,Train
LOT-0000523,Train
LOT-0000524,Train
LOT-0000525,Train
LOT-0000526,Train
LOT-0000527,Train
LOT-0000528,Train
LOT-0000529,Train
LOT-0000530,Train
LOT-0000531,Train
LOT-0000532,Train
LOT-0000533,Train
LOT-0000534,Train
LOT-0000535,Test (Temporal)
LOT-0000536,Train
LOT-0000537,Train
LOT-0000538,Train
LOT-0000539,Train
LOT-0000540,Train
LOT-0000541,Test (Temporal)
LOT-0000542,Train
LOT-0000543,Train
LOT-0000544,Train
LOT-0000545,Test (Temporal)
LOT-0000546,Train
LOT-0000547,Train
LOT-0000548,Train
LOT-0000549,Train
LOT-0000550,Train
LOT-0000551,Train
LOT-0000552,Train
LOT-0000553,Train
LOT-0000554,Train
LOT-0000555,Train
LOT-0000556,Train
LOT-0000557,Train
LOT-0000558,Train
LOT-0000559,Train
LOT-0000560,Train
LOT-0000561,Train
LOT-0000562,Train
LOT-0000563,Train
LOT-0000564,Train
LOT-0000565,Train
LOT-0000566,Train
LOT-0000567,Train
LOT-0000568,Train
LOT-0000569,Train
LOT-0000570,Train
LOT-0000571,Train
LOT-0000572,Train
LOT-0000573,Train
LOT-0000574,Train
LOT-0000575,Test (Temporal)
LOT-0000576,Train
LOT-0000577,Train
LOT-0000578,Train
LOT-0000579,Train
LOT-0000580,Train
LOT-0000581,Train
LOT-0000582,Train
LOT-0000583,Train
LOT-0000584,Train
LOT-0000585,Train
LOT-0000586,Test (Temporal)
LOT-0000587,Train
LOT-0000588,Train
LOT-0000589,Train
LOT-0000590,Train
LOT-0000591,Train
LOT-0000592,Train
LOT-0000593,Train
LOT-0000594,Train
LOT-0000595,Train
LOT-0000596,Train
LOT-0000597,Train
LOT-0000598,Train
LOT-0000599,Train
LOT-0000600,Train
LOT-0000601,Train
LOT-0000602,Test (Temporal)
LOT-0000603,Train
LOT-0000604,Train
LOT-0000605,Train
LOT-0000606,Train
LOT-0000607,Train
LOT-0000608,Train
LOT-0000609,Test (Temporal)
LOT-0000610,Train
LOT-0000611,Train
LOT-0000612,Test (Temporal)
LOT-0000613,Test (Temporal)
LOT-0000614,Train
LOT-0000615,Test (Temporal)
LOT-0000616,Train
LOT-0000617,Train
LOT-0000618,Train
LOT-0000619,Train
LOT-0000620,Train
LOT-0000621,Train
LOT-0000622,Train
LOT-0000623,Train
LOT-0000624,Test (Temporal)
LOT-0000625,Train
LOT-0000626,Test (Temporal)
LOT-0000627,Test (Temporal)
LOT-0000628,Train
LOT-0000629,Train
LOT-0000630,Train
LOT-0000631,Test (Temporal)
LOT-0000632,Train
LOT-0000633,Train
LOT-0000634,Test (Temporal)
LOT-0000635,Train
LOT-0000636,Test (Temporal)
LOT-0000637,Train
LOT-0000638,Test (Temporal)
LOT-0000639,Test (Temporal)
LOT-0000640,Train
LOT-0000641,Train
LOT-0000642,Test (Temporal)
LOT-0000643,Train
LOT-0000644,Train
LOT-0000645,Train
LOT-0000646,Train
LOT-0000647,Test (Temporal)
LOT-0000648,Train
LOT-0000649,Train
LOT-0000650,Train
LOT-0000651,Train
LOT-0000652,Test (Temporal)
LOT-0000653,Train
LOT-0000654,Train
LOT-0000655,Train
LOT-0000656,Train
LOT-0000657,Test (Temporal)
LOT-0000658,Train
LOT-0000659,Test (Temporal)
LOT-0000660,Train
LOT-0000661,Train
LOT-0000662,Test (Temporal)
LOT-0000663,Train
LOT-0000664,Train
LOT-0000665,Train
LOT-0000666,Train
LOT-0000667,Test (Temporal)
LOT-0000668,Train
LOT-0000669,Test (Temporal)
LOT-0000670,Train
LOT-0000671,Train
LOT-0000672,Train
LOT-0000673,Train
LOT-0000674,Train
LOT-0000675,Train
LOT-0000676,Train
LOT-0000677,Train
LOT-0000678,Train
LOT-0000679,Train
LOT-0000680,Train
LOT-0000681,Train
LOT-0000682,Train
LOT-0000683,Train
LOT-0000684,Train
LOT-0000685,Train
LOT-0000686,Train
LOT-0000687,Train
LOT-0000688,Train
LOT-0000689,Train
LOT-0000690,Test (Temporal)
LOT-0000691,Train
LOT-0000692,Test (Temporal)
LOT-0000693,Train
LOT-0000694,Test (Temporal)
LOT-0000695,Train
LOT-0000696,Train
LOT-0000697,Test (Temporal)
LOT-0000698,Test (Temporal)
LOT-0000699,Train
LOT-0000700,Train
LOT-0000701,Train
LOT-0000702,Train
LOT-0000703,Train
LOT-0000704,Train
LOT-0000705,Train
LOT-0000706,Train
LOT-0000707,Train
LOT-0000708,Train
LOT-0000709,Train
LOT-0000710,Train
LOT-0000711,Test (Temporal)
LOT-0000712,Train
LOT-0000713,Test (Temporal)
LOT-0000714,Test (Temporal)
LOT-0000715,Train
LOT-0000716,Train
LOT-0000717,Train
LOT-0000718,Test (Temporal)
LOT-0000719,Train
LOT-0000720,Train
LOT-0000721,Train
LOT-0000722,Train
LOT-0000723,Test (Temporal)
LOT-0000724,Test (Temporal)
LOT-0000725,Train
LOT-0000726,Train
LOT-0000727,Train
LOT-0000728,Train
LOT-0000729,Train
LOT-0000730,Test (Temporal)
LOT-0000731,Train
LOT-0000732,Train
LOT-0000733,Train
LOT-0000734,Train
LOT-0000735,Train
LOT-0000736,Test (Temporal)
LOT-0000737,Train
LOT-0000738,Train
LOT-0000739,Train
LOT-0000740,Train
LOT-0000741,Train
LOT-0000742,Train
LOT-0000743,Train
LOT-0000744,Train
LOT-0000745,Test (Temporal)
LOT-0000746,Test (Temporal)
LOT-0000747,Train
LOT-0000748,Train
LOT-0000749,Train
LOT-0000750,Train
LOT-0000751,Train
LOT-0000752,Train
LOT-0000753,Train
LOT-0000754,Train
LOT-0000755,Train
LOT-0000756,Test (Temporal)
LOT-0000757,Train
LOT-0000758,Train
LOT-0000759,Train
LOT-0000760,Train
LOT-0000761,Train
LOT-0000762,Train
LOT-0000763,Test (Temporal)
LOT-0000764,Test (Temporal)
LOT-0000765,Train
LOT-0000766,Train
LOT-0000767,Train
LOT-0000768,Train
LOT-0000769,Train
LOT-0000770,Test (Temporal)
LOT-0000771,Train
LOT-0000772,Train
LOT-0000773,Train
LOT-0000774,Train
LOT-0000775,Train
LOT-0000776,Train
LOT-0000777,Train
LOT-0000778,Test (Temporal)
LOT-0000779,Train
LOT-0000780,Train
LOT-0000781,Train
LOT-0000782,Train
LOT-0000783,Train
LOT-0000784,Train
LOT-0000785,Train
LOT-0000786,Train
LOT-0000787,Train
LOT-0000788,Test (Temporal)
LOT-0000789,Train
LOT-0000790,Train
LOT-0000791,Train
LOT-0000792,Test (Temporal)
LOT-0000793,Test (Temporal)
LOT-0000794,Train
LOT-0000795,Train
LOT-0000796,Train
LOT-0000797,Test (Temporal)
LOT-0000798,Train
LOT-0000799,Train
LOT-0000800,Train
LOT-0000801,Train
LOT-0000802,Train
LOT-0000803,Train
LOT-0000804,Train
LOT-0000805,Train
LOT-0000806,Train
LOT-0000807,Train
LOT-0000808,Train
LOT-0000809,Train
LOT-0000810,Train
LOT-0000811,Train
LOT-0000812,Train
LOT-0000813,Train
LOT-0000814,Train
LOT-0000815,Train
LOT-0000816,Train
LOT-0000817,Train
LOT-0000818,Test (Temporal)
LOT-0000819,Train
LOT-0000820,Train
LOT-0000821,Train
LOT-0000822,Train
LOT-0000823,Train
LOT-0000824,Train
LOT-0000825,Test (Temporal)
LOT-0000826,Train
LOT-0000827,Train
LOT-0000828,Train
LOT-0000829,Train
LOT-0000830,Train
LOT-0000831,Train
LOT-0000832,Train
LOT-0000833,Train
LOT-0000834,Train
LOT-0000835,Train
LOT-0000836,Train
LOT-0000837,Train
LOT-0000838,Train
LOT-0000839,Train
LOT-0000840,Train
LOT-0000841,Train
LOT-0000842,Train
LOT-0000843,Train
LOT-0000844,Train
LOT-0000845,Train
LOT-0000846,Test (Temporal)
LOT-0000847,Train
LOT-0000848,Train
LOT-0000849,Test (Temporal)
LOT-0000850,Train
LOT-0000851,Train
LOT-0000852,Train
LOT-0000853,Train
LOT-0000854,Test (Temporal)
LOT-0000855,Train
LOT-0000856,Train
LOT-0000857,Train
LOT-0000858,Train
LOT-0000859,Train
LOT-0000860,Train
LOT-0000861,Train
LOT-0000862,Train
LOT-0000863,Train
LOT-0000864,Train
LOT-0000865,Train
LOT-0000866,Train
LOT-0000867,Train
LOT-0000868,Train
LOT-0000869,Train
LOT-0000870,Train
LOT-0000871,Test (Temporal)
LOT-0000872,Train
LOT-0000873,Train
LOT-0000874,Test (Temporal)
LOT-0000875,Test (Temporal)
LOT-0000876,Train
LOT-0000877,Train
LOT-0000878,Train
LOT-0000879,Test (Temporal)
LOT-0000880,Train
LOT-0000881,Train
LOT-0000882,Train
LOT-0000883,Train
LOT-0000884,Train
LOT-0000885,Train
LOT-0000886,Train
LOT-0000887,Train
LOT-0000888,Train
LOT-0000889,Train
LOT-0000890,Train
LOT-0000891,Train
LOT-0000892,Train
LOT-0000893,Test (Temporal)
LOT-0000894,Train
LOT-0000895,Train
LOT-0000896,Train
LOT-0000897,Train
LOT-0000898,Train
LOT-0000899,Train
LOT-0000900,Train
LOT-0000901,Train
LOT-0000902,Train
LOT-0000903,Train
LOT-0000904,Train
LOT-0000905,Train
LOT-0000906,Test (Temporal)
LOT-0000907,Train
LOT-0000908,Train
LOT-0000909,Train
LOT-0000910,Train
LOT-0000911,Train
LOT-0000912,Train
LOT-0000913,Train
LOT-0000914,Train
LOT-0000915,Train
LOT-0000916,Train
LOT-0000917,Test (Temporal)
LOT-0000918,Test (Temporal)
LOT-0000919,Train
LOT-0000920,Train
LOT-0000921,Train
LOT-0000922,Test (Temporal)
LOT-0000923,Train
LOT-0000924,Train
LOT-0000925,Train
LOT-0000926,Test (Temporal)
LOT-0000927,Train
LOT-0000928,Train
LOT-0000929,Test (Temporal)
LOT-0000930,Train
LOT-0000931,Test (Temporal)
LOT-0000932,Test (Temporal)
LOT-0000933,Train
LOT-0000934,Train
LOT-0000935,Train
LOT-0000936,Train
LOT-0000937,Train
LOT-0000938,Train
LOT-0000939,Train
LOT-0000940,Train
LOT-0000941,Train
LOT-0000942,Train
LOT-0000943,Train
LOT-0000944,Train
LOT-0000945,Train
LOT-0000946,Train
LOT-0000947,Train
LOT-0000948,Train
LOT-0000949,Train
LOT-0000950,Train
LOT-0000951,Train
LOT-0000952,Train
LOT-0000953,Train
LOT-0000954,Test (Temporal)
LOT-0000955,Train
LOT-0000956,Train
LOT-0000957,Train
LOT-0000958,Train
LOT-0000959,Train
LOT-0000960,Train
LOT-0000961,Train
LOT-0000962,Train
LOT-0000963,Test (Temporal)
LOT-0000964,Train
LOT-0000965,Train
LOT-0000966,Train
LOT-0000967,Train
LOT-0000968,Train
LOT-0000969,Train
LOT-0000970,Train
LOT-0000971,Train
LOT-0000972,Train
LOT-0000973,Train
LOT-0000974,Train
LOT-0000975,Train
LOT-0000976,Test (Temporal)
LOT-0000977,Train
LOT-0000978,Train
LOT-0000979,Train
LOT-0000980,Train
LOT-0000981,Train
LOT-0000982,Train
LOT-0000983,Train
LOT-0000984,Train
LOT-0000985,Test (Temporal)
LOT-0000986,Train
LOT-0000987,Train
LOT-0000988,Train
LOT-0000989,Test (Temporal)
LOT-0000990,Test (Temporal)
LOT-0000991,Train
LOT-0000992,Test (Temporal)
LOT-0000993,Train
LOT-0000994,Train
LOT-0000995,Train
LOT-0000996,Test (Temporal)
LOT-0000997,Train
LOT-0000998,Train
LOT-0000999,Train
LOT-0001000,Train
LOT-0001001,Train
LOT-0001002,Test (Temporal)
LOT-0001003,Train
LOT-0001004,Train
LOT-0001005,Train
LOT-0001006,Train
LOT-0001007,Train
LOT-0001008,Train
LOT-0001009,Train
LOT-0001010,Train
LOT-0001011,Train
LOT-0001012,Train
LOT-0001013,Train
LOT-0001014,Train
LOT-0001015,Train
LOT-0001016,Test (Temporal)
LOT-0001017,Test (Temporal)
LOT-0001018,Train
LOT-0001019,Train
LOT-0001020,Train
LOT-0001021,Train
LOT-0001022,Train
LOT-0001023,Train
LOT-0001024,Train
LOT-0001025,Train
LOT-0001026,Train
LOT-0001027,Test (Temporal)
LOT-0001028,Train
LOT-0001029,Train
LOT-0001030,Train
LOT-0001031,Train
LOT-0001032,Train
LOT-0001033,Train
LOT-0001034,Train
LOT-0001035,Train
LOT-0001036,Train
LOT-0001037,Train
LOT-0001038,Train
LOT-0001039,Train
LOT-0001040,Train
LOT-0001041,Train
LOT-0001042,Train
LOT-0001043,Train
LOT-0001044,Test (Temporal)
LOT-0001045,Train
LOT-0001046,Test (Temporal)
LOT-0001047,Train
LOT-0001048,Train
LOT-0001049,Train
LOT-0001050,Train
LOT-0001051,Train
LOT-0001052,Test (Temporal)
LOT-0001053,Train
LOT-0001054,Train
LOT-0001055,Test (Temporal)
LOT-0001056,Train
LOT-0001057,Train
LOT-0001058,Train
LOT-0001059,Train
LOT-0001060,Train
LOT-0001061,Train
LOT-0001062,Test (Temporal)
LOT-0001063,Train
LOT-0001064,Train
LOT-0001065,Train
LOT-0001066,Train
LOT-0001067,Train
LOT-0001068,Train
LOT-0001069,Train
LOT-0001070,Train
LOT-0001071,Train
LOT-0001072,Train
LOT-0001073,Train
LOT-0001074,Train
LOT-0001075,Train
LOT-0001076,Train
LOT-0001077,Train
LOT-0001078,Train
LOT-0001079,Train
LOT-0001080,Train
LOT-0001081,Train
LOT-0001082,Train
LOT-0001083,Test (Temporal)
LOT-0001084,Train
LOT-0001085,Train
LOT-0001086,Train
LOT-0001087,Train
LOT-0001088,Train
LOT-0001089,Train
LOT-0001090,Train
LOT-0001091,Train
LOT-0001092,Train
LOT-0001093,Train
LOT-0001094,Train
LOT-0001095,Train
LOT-0001096,Train
LOT-0001097,Train
LOT-0001098,Train
LOT-0001099,Train
LOT-0001100,Train
LOT-0001101,Train
LOT-0001102,Train
LOT-0001103,Train
LOT-0001104,Train
LOT-0001105,Train
LOT-0001106,Train
LOT-0001107,Train
LOT-0001108,Train
LOT-0001109,Test (Temporal)
LOT-0001110,Train
LOT-0001111,Test (Temporal)
LOT-0001112,Train
LOT-0001113,Test (Temporal)
LOT-0001114,Test (Temporal)
LOT-0001115,Train
LOT-0001116,Train
LOT-0001117,Train
LOT-0001118,Train
LOT-0001119,Train
LOT-0001120,Test (Temporal)
LOT-0001121,Train
LOT-0001122,Train
LOT-0001123,Test (Temporal)
LOT-0001124,Train
LOT-0001125,Train
LOT-0001126,Train
LOT-0001127,Train
LOT-0001128,Train
LOT-0001129,Train
LOT-0001130,Train
LOT-0001131,Train
LOT-0001132,Train
LOT-0001133,Test (Temporal)
LOT-0001134,Train
LOT-0001135,Train
LOT-0001136,Train
LOT-0001137,Train
LOT-0001138,Train
LOT-0001139,Train
LOT-0001140,Train
LOT-0001141,Train
LOT-0001142,Train
LOT-0001143,Train
LOT-0001144,Train
LOT-0001145,Test (Temporal)
LOT-0001146,Test (Temporal)
LOT-0001147,Test (Temporal)
LOT-0001148,Train
LOT-0001149,Train
LOT-0001150,Train
LOT-0001151,Test (Temporal)
LOT-0001152,Train
LOT-0001153,Train
LOT-0001154,Train
LOT-0001155,Train
LOT-0001156,Train
LOT-0001157,Train
LOT-0001158,Train
LOT-0001159,Train
LOT-0001160,Train
LOT-0001161,Train
LOT-0001162,Train
LOT-0001163,Train
LOT-0001164,Train
LOT-0001165,Train
LOT-0001166,Train
LOT-0001167,Train
LOT-0001168,Train
LOT-0001169,Train
LOT-0001170,Train
LOT-0001171,Train
LOT-0001172,Train
LOT-0001173,Train
LOT-0001174,Test (Temporal)
LOT-0001175,Train
LOT-0001176,Train
LOT-0001177,Train
LOT-0001178,Train
LOT-0001179,Train
LOT-0001180,Train
LOT-0001181,Train
LOT-0001182,Train
LOT-0001183,Train
LOT-0001184,Train
LOT-0001185,Train
LOT-0001186,Train
LOT-0001187,Train
LOT-0001188,Train
LOT-0001189,Train
LOT-0001190,Train
LOT-0001191,Train
LOT-0001192,Train
LOT-0001193,Train
LOT-0001194,Test (Temporal)
LOT-0001195,Train
LOT-0001196,Test (Temporal)
LOT-0001197,Train
LOT-0001198,Test (Temporal)
LOT-0001199,Train
LOT-0001200,Train
LOT-0001201,Train
LOT-0001202,Train
LOT-0001203,Train
LOT-0001204,Test (Temporal)
LOT-0001205,Train
LOT-0001206,Train
LOT-0001207,Train
LOT-0001208,Train
LOT-0001209,Train
LOT-0001210,Train
LOT-0001211,Train
LOT-0001212,Test (Temporal)
LOT-0001213,Train
LOT-0001214,Train
LOT-0001215,Train
LOT-0001216,Train
LOT-0001217,Train
LOT-0001218,Train
LOT-0001219,Test (Temporal)
LOT-0001220,Train
LOT-0001221,Test (Temporal)
LOT-0001222,Train
LOT-0001223,Train
LOT-0001224,Train
LOT-0001225,Train
LOT-0001226,Train
LOT-0001227,Train
LOT-0001228,Train
LOT-0001229,Train
LOT-0001230,Train
LOT-0001231,Train
LOT-0001232,Train
LOT-0001233,Train
LOT-0001234,Test (Temporal)
LOT-0001235,Train
LOT-0001236,Train
LOT-0001237,Train
LOT-0001238,Train
LOT-0001239,Train
LOT-0001240,Train
LOT-0001241,Train
LOT-0001242,Train
LOT-0001243,Test (Temporal)
LOT-0001244,Train
LOT-0001245,Train
LOT-0001246,Train
LOT-0001247,Train
LOT-0001248,Train
LOT-0001249,Train
LOT-0001250,Train
LOT-0001251,Train
LOT-0001252,Train
LOT-0001253,Test (Temporal)
LOT-0001254,Train
LOT-0001255,Train
LOT-0001256,Train
LOT-0001257,Train
LOT-0001258,Train
LOT-0001259,Train
LOT-0001260,Train
LOT-0001261,Test (Temporal)
LOT-0001262,Train
LOT-0001263,Train
LOT-0001264,Train
LOT-0001265,Train
LOT-0001266,Train
LOT-0001267,Test (Temporal)
LOT-0001268,Train
LOT-0001269,Train
LOT-0001270,Test (Temporal)
LOT-0001271,Train
LOT-0001272,Train
LOT-0001273,Test (Temporal)
LOT-0001274,Train
LOT-0001275,Train
LOT-0001276,Train
LOT-0001277,Train
LOT-0001278,Train
LOT-0001279,Train
LOT-0001280,Test (Temporal)
LOT-0001281,Train
LOT-0001282,Test (Temporal)
LOT-0001283,Train
LOT-0001284,Train
LOT-0001285,Train
LOT-0001286,Train
LOT-0001287,Train
LOT-0001288,Train
LOT-0001289,Train
LOT-0001290,Train
LOT-0001291,Train
LOT-0001292,Test (Temporal)
LOT-0001293,Train
LOT-0001294,Train
LOT-0001295,Train
LOT-0001296,Train
LOT-0001297,Train
LOT-0001298,Train
LOT-0001299,Train
LOT-0001300,Test (Temporal)
LOT-0001301,Train
LOT-0001302,Test (Temporal)
LOT-0001303,Train
LOT-0001304,Test (Temporal)
LOT-0001305,Train
LOT-0001306,Train
LOT-0001307,Train
LOT-0001308,Train
LOT-0001309,Train
LOT-0001310,Train
LOT-0001311,Test (Temporal)
LOT-0001312,Train
LOT-0001313,Train
LOT-0001314,Test (Temporal)
LOT-0001315,Test (Temporal)
LOT-0001316,Test (Temporal)
LOT-0001317,Train
LOT-0001318,Train
LOT-0001319,Train
LOT-0001320,Train
LOT-0001321,Train
LOT-0001322,Train
LOT-0001323,Test (Temporal)
LOT-0001324,Train
LOT-0001325,Train
LOT-0001326,Train
LOT-0001327,Train
LOT-0001328,Train
LOT-0001329,Train
LOT-0001330,Test (Temporal)
LOT-0001331,Train
LOT-0001332,Train
LOT-0001333,Train
LOT-0001334,Train
LOT-0001335,Train
LOT-0001336,Train
LOT-0001337,Train
LOT-0001338,Train
LOT-0001339,Train
LOT-0001340,Train
LOT-0001341,Test (Temporal)
LOT-0001342,Train
LOT-0001343,Test (Temporal)
LOT-0001344,Train
LOT-0001345,Train
LOT-0001346,Train
LOT-0001347,Train
LOT-0001348,Train
LOT-0001349,Train
LOT-0001350,Train
LOT-0001351,Train
LOT-0001352,Train
LOT-0001353,Train
LOT-0001354,Train
LOT-0001355,Train
LOT-0001356,Train
LOT-0001357,Train
LOT-0001358,Train
LOT-0001359,Train
LOT-0001360,Train
LOT-0001361,Train
LOT-0001362,Train
LOT-0001363,Train
LOT-0001364,Train
LOT-0001365,Test (Temporal)
LOT-0001366,Train
LOT-0001367,Train
LOT-0001368,Test (Temporal)
LOT-0001369,Train
LOT-0001370,Train
LOT-0001371,Test (Temporal)
LOT-0001372,Train
LOT-0001373,Train
LOT-0001374,Train
LOT-0001375,Train
LOT-0001376,Train
LOT-0001377,Train
LOT-0001378,Train
LOT-0001379,Train
LOT-0001380,Train
LOT-0001381,Train
LOT-0001382,Train
LOT-0001383,Train
LOT-0001384,Train
LOT-0001385,Train
LOT-0001386,Train
LOT-0001387,Train
LOT-0001388,Train
LOT-0001389,Train
LOT-0001390,Train
LOT-0001391,Test (Temporal)
LOT-0001392,Train
LOT-0001393,Train
LOT-0001394,Train
LOT-0001395,Train
LOT-0001396,Train
LOT-0001397,Train
LOT-0001398,Train
LOT-0001399,Train
LOT-0001400,Train
LOT-0001401,Train
LOT-0001402,Test (Temporal)
LOT-0001403,Test (Temporal)
LOT-0001404,Train
LOT-0001405,Train
LOT-0001406,Train
LOT-0001407,Train
LOT-0001408,Train
LOT-0001409,Train
LOT-0001410,Train
LOT-0001411,Train
LOT-0001412,Train
LOT-0001413,Train
LOT-0001414,Train
LOT-0001415,Train
LOT-0001416,Train
LOT-0001417,Train
LOT-0001418,Train
LOT-0001419,Train
LOT-0001420,Train
LOT-0001421,Train
LOT-0001422,Train
LOT-0001423,Train
LOT-0001424,Train
LOT-0001425,Train
LOT-0001426,Train
LOT-0001427,Test (Temporal)
LOT-0001428,Train
LOT-0001429,Train
LOT-0001430,Train
LOT-0001431,Test (Temporal)
LOT-0001432,Train
LOT-0001433,Test (Temporal)
LOT-0001434,Train
LOT-0001435,Train
LOT-0001436,Train
LOT-0001437,Train
LOT-0001438,Train
LOT-0001439,Train
LOT-0001440,Train
LOT-0001441,Train
LOT-0001442,Test (Temporal)
LOT-0001443,Train
LOT-0001444,Test (Temporal)
LOT-0001445,Train
LOT-0001446,Train
LOT-0001447,Train
LOT-0001448,Train
LOT-0001449,Train
LOT-0001450,Train
LOT-0001451,Train
LOT-0001452,Train
LOT-0001453,Train
LOT-0001454,Train
LOT-0001455,Test (Temporal)
LOT-0001456,Test (Temporal)
LOT-0001457,Train
LOT-0001458,Train
LOT-0001459,Train
LOT-0001460,Train
LOT-0001461,Train
LOT-0001462,Test (Temporal)
LOT-0001463,Train
LOT-0001464,Train
LOT-0001465,Test (Temporal)
LOT-0001466,Test (Temporal)
LOT-0001467,Train
LOT-0001468,Train
LOT-0001469,Test (Temporal)
LOT-0001470,Train
LOT-0001471,Test (Temporal)
LOT-0001472,Train
LOT-0001473,Train
LOT-0001474,Train
LOT-0001475,Train
LOT-0001476,Train
LOT-0001477,Test (Temporal)
LOT-0001478,Train
LOT-0001479,Train
LOT-0001480,Train
LOT-0001481,Train
LOT-0001482,Train
LOT-0001483,Train
LOT-0001484,Train
LOT-0001485,Train
LOT-0001486,Train
LOT-0001487,Test (Temporal)
LOT-0001488,Train
LOT-0001489,Train
LOT-0001490,Train
LOT-0001491,Train
LOT-0001492,Train
LOT-0001493,Train
LOT-0001494,Train
LOT-0001495,Train
LOT-0001496,Train
LOT-0001497,Test (Temporal)
LOT-0001498,Train
LOT-0001499,Train
LOT-0001500,Test (Temporal)
LOT-0001501,Train
LOT-0001502,Train
LOT-0001503,Train
LOT-0001504,Train
LOT-0001505,Train
LOT-0001506,Train
LOT-0001507,Train
LOT-0001508,Train
LOT-0001509,Train
LOT-0001510,Train
LOT-0001511,Train
LOT-0001512,Train
LOT-0001513,Train
LOT-0001514,Train
LOT-0001515,Train
LOT-0001516,Train
LOT-0001517,Train
LOT-0001518,Train
LOT-0001519,Train
LOT-0001520,Test (Temporal)
LOT-0001521,Train
LOT-0001522,Train
LOT-0001523,Train
LOT-0001524,Train
LOT-0001525,Train
LOT-0001526,Train
LOT-0001527,Train
LOT-0001528,Train
LOT-0001529,Test (Temporal)
LOT-0001530,Train
LOT-0001531,Train
LOT-0001532,Train
LOT-0001533,Train
LOT-0001534,Train
LOT-0001535,Train
LOT-0001536,Train
LOT-0001537,Test (Temporal)
LOT-0001538,Train
LOT-0001539,Train
LOT-0001540,Train
LOT-0001541,Train
LOT-0001542,Test (Temporal)
LOT-0001543,Test (Temporal)
LOT-0001544,Train
LOT-0001545,Train
LOT-0001546,Train
LOT-0001547,Train
LOT-0001548,Train
LOT-0001549,Train
LOT-0001550,Train
LOT-0001551,Train
LOT-0001552,Train
LOT-0001553,Test (Temporal)
LOT-0001554,Train
LOT-0001555,Train
LOT-0001556,Train
LOT-0001557,Train
LOT-0001558,Train
LOT-0001559,Train
LOT-0001560,Train
LOT-0001561,Train
LOT-0001562,Train
LOT-0001563,Train
LOT-0001564,Test (Temporal)
LOT-0001565,Test (Temporal)
LOT-0001566,Train
LOT-0001567,Train
LOT-0001568,Train
LOT-0001569,Train
LOT-0001570,Train
LOT-0001571,Test (Temporal)
LOT-0001572,Train
LOT-0001573,Train
LOT-0001574,Train
LOT-0001575,Train
LOT-0001576,Train
LOT-0001577,Train
LOT-0001578,Train
LOT-0001579,Train
LOT-0001580,Train
LOT-0001581,Train
LOT-0001582,Train
LOT-0001583,Train
LOT-0001584,Train
LOT-0001585,Train
LOT-0001586,Test (Temporal)
LOT-0001587,Train
LOT-0001588,Train
LOT-0001589,Train
LOT-0001590,Train
LOT-0001591,Test (Temporal)
LOT-0001592,Test (Temporal)
LOT-0001593,Train
LOT-0001594,Test (Temporal)
LOT-0001595,Train
LOT-0001596,Train
LOT-0001597,Train
LOT-0001598,Train
LOT-0001599,Train
LOT-0001600,Train
LOT-0001601,Test (Temporal)
LOT-0001602,Train
LOT-0001603,Train
LOT-0001604,Test (Temporal)
LOT-0001605,Train
LOT-0001606,Test (Temporal)
LOT-0001607,Train
LOT-0001608,Train
LOT-0001609,Train
LOT-0001610,Train
LOT-0001611,Train
LOT-0001612,Test (Temporal)
LOT-0001613,Train
LOT-0001614,Train
LOT-0001615,Train
LOT-0001616,Test (Temporal)
LOT-0001617,Train
LOT-0001618,Train
LOT-0001619,Train
LOT-0001620,Train
LOT-0001621,Test (Temporal)
LOT-0001622,Train
LOT-0001623,Train
LOT-0001624,Train
LOT-0001625,Train
LOT-0001626,Train
LOT-0001627,Train
LOT-0001628,Test (Temporal)
LOT-0001629,Train
LOT-0001630,Test (Temporal)
LOT-0001631,Train
LOT-0001632,Train
LOT-0001633,Test (Temporal)
LOT-0001634,Train
LOT-0001635,Train
LOT-0001636,Train
LOT-0001637,Train
LOT-0001638,Train
LOT-0001639,Train
LOT-0001640,Train
LOT-0001641,Train
LOT-0001642,Train
LOT-0001643,Test (Temporal)
LOT-0001644,Train
LOT-0001645,Test (Temporal)
LOT-0001646,Train
LOT-0001647,Train
LOT-0001648,Test (Temporal)
LOT-0001649,Test (Temporal)
LOT-0001650,Test (Temporal)
LOT-0001651,Train
LOT-0001652,Train
LOT-0001653,Train
LOT-0001654,Train
LOT-0001655,Train
LOT-0001656,Train
LOT-0001657,Train
LOT-0001658,Train
LOT-0001659,Train
LOT-0001660,Train
LOT-0001661,Test (Temporal)
LOT-0001662,Train
LOT-0001663,Train
LOT-0001664,Train
LOT-0001665,Train
LOT-0001666,Train
LOT-0001667,Train
LOT-0001668,Train
LOT-0001669,Test (Temporal)
LOT-0001670,Train
LOT-0001671,Train
LOT-0001672,Test (Temporal)
LOT-0001673,Train
LOT-0001674,Train
LOT-0001675,Train
LOT-0001676,Train
LOT-0001677,Train
LOT-0001678,Test (Temporal)
LOT-0001679,Train
LOT-0001680,Test (Temporal)
LOT-0001681,Train
LOT-0001682,Train
LOT-0001683,Test (Temporal)
LOT-0001684,Train
LOT-0001685,Test (Temporal)
LOT-0001686,Train
LOT-0001687,Train
LOT-0001688,Train
LOT-0001689,Test (Temporal)
LOT-0001690,Train
LOT-0001691,Train
LOT-0001692,Train
LOT-0001693,Train
LOT-0001694,Train
LOT-0001695,Train
LOT-0001696,Train
LOT-0001697,Train
LOT-0001698,Train
LOT-0001699,Train
LOT-0001700,Test (Temporal)
LOT-0001701,Train
LOT-0001702,Train
LOT-0001703,Train
LOT-0001704,Train
LOT-0001705,Train
LOT-0001706,Test (Temporal)
LOT-0001707,Train
LOT-0001708,Train
LOT-0001709,Train
LOT-0001710,Train
LOT-0001711,Train
LOT-0001712,Train
LOT-0001713,Train
LOT-0001714,Train
LOT-0001715,Train
LOT-0001716,Train
LOT-0001717,Train
LOT-0001718,Train
LOT-0001719,Train
LOT-0001720,Train
LOT-0001721,Train
LOT-0001722,Train
LOT-0001723,Test (Temporal)
LOT-0001724,Train
LOT-0001725,Train
LOT-0001726,Train
LOT-0001727,Train
LOT-0001728,Test (Temporal)
LOT-0001729,Test (Temporal)
LOT-0001730,Train
LOT-0001731,Train
LOT-0001732,Test (Temporal)
LOT-0001733,Train
LOT-0001734,Test (Temporal)
LOT-0001735,Train
LOT-0001736,Test (Temporal)
LOT-0001737,Test (Temporal)
LOT-0001738,Train
LOT-0001739,Train
LOT-0001740,Train
LOT-0001741,Train
LOT-0001742,Train
LOT-0001743,Test (Temporal)
LOT-0001744,Train
LOT-0001745,Train
LOT-0001746,Train
LOT-0001747,Train
LOT-0001748,Train
LOT-0001749,Train
LOT-0001750,Train
LOT-0001751,Train
LOT-0001752,Train
LOT-0001753,Train
LOT-0001754,Train
LOT-0001755,Train
LOT-0001756,Train
LOT-0001757,Train
LOT-0001758,Train
LOT-0001759,Train
LOT-0001760,Train
LOT-0001761,Train
LOT-0001762,Test (Temporal)
LOT-0001763,Train
LOT-0001764,Train
LOT-0001765,Train
LOT-0001766,Test (Temporal)
LOT-0001767,Train
LOT-0001768,Train
LOT-0001769,Train
LOT-0001770,Train
LOT-0001771,Train
LOT-0001772,Train
LOT-0001773,Test (Temporal)
LOT-0001774,Train
LOT-0001775,Train
LOT-0001776,Train
LOT-0001777,Test (Temporal)
LOT-0001778,Train
LOT-0001779,Train
LOT-0001780,Train
LOT-0001781,Train
LOT-0001782,Test (Temporal)
LOT-0001783,Train
LOT-0001784,Train
LOT-0001785,Train
LOT-0001786,Train
LOT-0001787,Train
LOT-0001788,Test (Temporal)
LOT-0001789,Train
LOT-0001790,Train
LOT-0001791,Train
LOT-0001792,Train
LOT-0001793,Train
LOT-0001794,Train
LOT-0001795,Train
LOT-0001796,Train
LOT-0001797,Train
LOT-0001798,Train
LOT-0001799,Train
LOT-0001800,Train
LOT-0001801,Train
LOT-0001802,Train
LOT-0001803,Train
LOT-0001804,Train
LOT-0001805,Train
LOT-0001806,Train
LOT-0001807,Train
LOT-0001808,Train
LOT-0001809,Test (Temporal)
LOT-0001810,Train
LOT-0001811,Train
LOT-0001812,Train
LOT-0001813,Train
LOT-0001814,Train
LOT-0001815,Train
LOT-0001816,Train
LOT-0001817,Train
LOT-0001818,Train
LOT-0001819,Train
LOT-0001820,Train
LOT-0001821,Train
LOT-0001822,Test (Temporal)
LOT-0001823,Train
LOT-0001824,Train
LOT-0001825,Train
LOT-0001826,Test (Temporal)
LOT-0001827,Train
LOT-0001828,Train
LOT-0001829,Train
LOT-0001830,Train
LOT-0001831,Train
LOT-0001832,Train
LOT-0001833,Train
LOT-0001834,Train
LOT-0001835,Train
LOT-0001836,Train
LOT-0001837,Train
LOT-0001838,Test (Temporal)
LOT-0001839,Train
LOT-0001840,Train
LOT-0001841,Train
LOT-0001842,Test (Temporal)
LOT-0001843,Train
LOT-0001844,Train
LOT-0001845,Train
LOT-0001846,Train
LOT-0001847,Train
LOT-0001848,Train
LOT-0001849,Train
LOT-0001850,Train
LOT-0001851,Train
LOT-0001852,Train
LOT-0001853,Train
LOT-0001854,Test (Temporal)
LOT-0001855,Train
LOT-0001856,Train
LOT-0001857,Train
LOT-0001858,Train
LOT-0001859,Train
LOT-0001860,Train
LOT-0001861,Train
LOT-0001862,Train
LOT-0001863,Train
LOT-0001864,Train
LOT-0001865,Train
LOT-0001866,Train
LOT-0001867,Train
LOT-0001868,Train
LOT-0001869,Train
LOT-0001870,Train
LOT-0001871,Train
LOT-0001872,Train
LOT-0001873,Train
LOT-0001874,Train
LOT-0001875,Train
LOT-0001876,Train
LOT-0001877,Train
LOT-0001878,Train
LOT-0001879,Train
LOT-0001880,Train
LOT-0001881,Train
LOT-0001882,Train
LOT-0001883,Train
LOT-0001884,Train
LOT-0001885,Train
LOT-0001886,Train
LOT-0001887,Test (Temporal)
LOT-0001888,Train
LOT-0001889,Test (Temporal)
LOT-0001890,Train
LOT-0001891,Train
LOT-0001892,Train
LOT-0001893,Train
LOT-0001894,Train
LOT-0001895,Train
LOT-0001896,Train
LOT-0001897,Train
LOT-0001898,Train
LOT-0001899,Test (Temporal)
LOT-0001900,Test (Temporal)
LOT-0001901,Train
LOT-0001902,Train
LOT-0001903,Train
LOT-0001904,Train
LOT-0001905,Train
LOT-0001906,Train
LOT-0001907,Train
LOT-0001908,Train
LOT-0001909,Train
LOT-0001910,Train
LOT-0001911,Train
LOT-0001912,Test (Temporal)
LOT-0001913,Train
LOT-0001914,Train
LOT-0001915,Train
LOT-0001916,Train
LOT-0001917,Train
LOT-0001918,Train
LOT-0001919,Train
LOT-0001920,Train
LOT-0001921,Train
LOT-0001922,Train
LOT-0001923,Test (Temporal)
LOT-0001924,Train
LOT-0001925,Train
LOT-0001926,Train
LOT-0001927,Train
LOT-0001928,Train
LOT-0001929,Train
LOT-0001930,Train
LOT-0001931,Train
LOT-0001932,Test (Temporal)
LOT-0001933,Train
LOT-0001934,Train
LOT-0001935,Train
LOT-0001936,Train
LOT-0001937,Train
LOT-0001938,Train
LOT-0001939,Test (Temporal)
LOT-0001940,Test (Temporal)
LOT-0001941,Train
LOT-0001942,Train
LOT-0001943,Train
LOT-0001944,Train
LOT-0001945,Train
LOT-0001946,Test (Temporal)
LOT-0001947,Test (Temporal)
LOT-0001948,Train
LOT-0001949,Train
LOT-0001950,Train
LOT-0001951,Test (Temporal)
LOT-0001952,Train
LOT-0001953,Train
LOT-0001954,Train
LOT-0001955,Train
LOT-0001956,Train
LOT-0001957,Train
LOT-0001958,Train
LOT-0001959,Train
LOT-0001960,Train
LOT-0001961,Test (Temporal)
LOT-0001962,Train
LOT-0001963,Train
LOT-0001964,Train
LOT-0001965,Train
LOT-0001966,Train
LOT-0001967,Train
LOT-0001968,Train
LOT-0001969,Train
LOT-0001970,Train
LOT-0001971,Test (Temporal)
LOT-0001972,Train
LOT-0001973,Train
LOT-0001974,Test (Temporal)
LOT-0001975,Train
LOT-0001976,Train
LOT-0001977,Test (Temporal)
LOT-0001978,Train
LOT-0001979,Train
LOT-0001980,Train
LOT-0001981,Train
LOT-0001982,Train
LOT-0001983,Train
LOT-0001984,Train
LOT-0001985,Train
LOT-0001986,Train
LOT-0001987,Train
LOT-0001988,Train
LOT-0001989,Test (Temporal)
LOT-0001990,Train
LOT-0001991,Test (Temporal)
LOT-0001992,Test (Temporal)
LOT-0001993,Train
LOT-0001994,Train
LOT-0001995,Train
LOT-0001996,Train
LOT-0001997,Train
LOT-0001998,Test (Temporal)
LOT-0001999,Train
LOT-0002000,Train
LOT-0002001,Train
LOT-0002002,Train
LOT-0002003,Train
LOT-0002004,Train
LOT-0002005,Train
LOT-0002006,Train
LOT-0002007,Train
LOT-0002008,Test (Temporal)
LOT-0002009,Test (Temporal)
LOT-0002010,Train
LOT-0002011,Train
LOT-0002012,Test (Temporal)
LOT-0002013,Train
LOT-0002014,Train
LOT-0002015,Train
LOT-0002016,Train
LOT-0002017,Train
LOT-0002018,Train
LOT-0002019,Train
LOT-0002020,Test (Temporal)
LOT-0002021,Train
LOT-0002022,Train
LOT-0002023,Train
LOT-0002024,Train
LOT-0002025,Train
LOT-0002026,Train
LOT-0002027,Train
LOT-0002028,Train
LOT-0002029,Test (Temporal)
LOT-0002030,Train
LOT-0002031,Train
LOT-0002032,Train
LOT-0002033,Train
LOT-0002034,Train
LOT-0002035,Train
LOT-0002036,Test (Temporal)
LOT-0002037,Train
LOT-0002038,Train
LOT-0002039,Train
LOT-0002040,Train
LOT-0002041,Train
LOT-0002042,Train
LOT-0002043,Train
LOT-0002044,Train
LOT-0002045,Train
LOT-0002046,Train
LOT-0002047,Train
LOT-0002048,Train
LOT-0002049,Train
LOT-0002050,Train
LOT-0002051,Train
LOT-0002052,Train
LOT-0002053,Train
LOT-0002054,Train
LOT-0002055,Train
LOT-0002056,Train
LOT-0002057,Train
LOT-0002058,Train
LOT-0002059,Train
LOT-0002060,Train
LOT-0002061,Train
LOT-0002062,Train
LOT-0002063,Test (Temporal)
LOT-0002064,Train
LOT-0002065,Train
LOT-0002066,Test (Temporal)
LOT-0002067,Train
LOT-0002068,Test (Temporal)
LOT-0002069,Train
LOT-0002070,Train
LOT-0002071,Test (Temporal)
LOT-0002072,Train
LOT-0002073,Train
LOT-0002074,Test (Temporal)
LOT-0002075,Train
LOT-0002076,Train
LOT-0002077,Train
LOT-0002078,Train
LOT-0002079,Train
LOT-0002080,Train
LOT-0002081,Train
LOT-0002082,Train
LOT-0002083,Test (Temporal)
LOT-0002084,Train
LOT-0002085,Train
LOT-0002086,Train
LOT-0002087,Test (Temporal)
LOT-0002088,Test (Temporal)
LOT-0002089,Train
LOT-0002090,Train
LOT-0002091,Train
LOT-0002092,Train
LOT-0002093,Train
LOT-0002094,Train
LOT-0002095,Train
LOT-0002096,Train
LOT-0002097,Train
LOT-0002098,Test (Temporal)
LOT-0002099,Train
LOT-0002100,Test (Temporal)
LOT-0002101,Train
LOT-0002102,Train
LOT-0002103,Test (Temporal)
LOT-0002104,Train
LOT-0002105,Train
LOT-0002106,Train
LOT-0002107,Train
LOT-0002108,Train
LOT-0002109,Train
LOT-0002110,Train
LOT-0002111,Train
LOT-0002112,Train
LOT-0002113,Train
LOT-0002114,Train
LOT-0002115,Train
LOT-0002116,Train
LOT-0002117,Train
LOT-0002118,Train
LOT-0002119,Train
LOT-0002120,Train
LOT-0002121,Train
LOT-0002122,Test (Temporal)
LOT-0002123,Train
LOT-0002124,Train
LOT-0002125,Test (Temporal)
LOT-0002126,Train
LOT-0002127,Train
LOT-0002128,Train
LOT-0002129,Train
LOT-0002130,Train
LOT-0002131,Train
LOT-0002132,Train
LOT-0002133,Train
LOT-0002134,Train
LOT-0002135,Train
LOT-0002136,Train
LOT-0002137,Train
LOT-0002138,Train
LOT-0002139,Train
LOT-0002140,Train
LOT-0002141,Train
LOT-0002142,Test (Temporal)
LOT-0002143,Train
LOT-0002144,Train
LOT-0002145,Train
LOT-0002146,Train
LOT-0002147,Train
LOT-0002148,Train
LOT-0002149,Train
LOT-0002150,Train
LOT-0002151,Train
LOT-0002152,Train
LOT-0002153,Test (Temporal)
LOT-0002154,Train
LOT-0002155,Train
LOT-0002156,Train
LOT-0002157,Train
LOT-0002158,Train
LOT-0002159,Train
LOT-0002160,Train
LOT-0002161,Train
LOT-0002162,Train
LOT-0002163,Train
LOT-0002164,Test (Temporal)
LOT-0002165,Train
LOT-0002166,Train
LOT-0002167,Train
LOT-0002168,Train
LOT-0002169,Train
LOT-0002170,Test (Temporal)
LOT-0002171,Test (Temporal)
LOT-0002172,Test (Temporal)
LOT-0002173,Train
LOT-0002174,Train
LOT-0002175,Train
LOT-0002176,Train
LOT-0002177,Train
LOT-0002178,Train
LOT-0002179,Train
LOT-0002180,Train
LOT-0002181,Train
LOT-0002182,Test (Temporal)
LOT-0002183,Train
LOT-0002184,Train
LOT-0002185,Train
LOT-0002186,Train
LOT-0002187,Train
LOT-0002188,Train
LOT-0002189,Train
LOT-0002190,Train
LOT-0002191,Train
LOT-0002192,Test (Temporal)
LOT-0002193,Train
LOT-0002194,Test (Temporal)
LOT-0002195,Test (Temporal)
LOT-0002196,Train
LOT-0002197,Train
LOT-0002198,Test (Temporal)
LOT-0002199,Train
LOT-0002200,Test (Temporal)
LOT-0002201,Train
LOT-0002202,Train
LOT-0002203,Train
LOT-0002204,Train
LOT-0002205,Train
LOT-0002206,Test (Temporal)
LOT-0002207,Train
LOT-0002208,Train
LOT-0002209,Train
LOT-0002210,Train
LOT-0002211,Train
LOT-0002212,Train
LOT-0002213,Train
LOT-0002214,Train
LOT-0002215,Train
LOT-0002216,Test (Temporal)
LOT-0002217,Train
LOT-0002218,Train
LOT-0002219,Train
LOT-0002220,Train
LOT-0002221,Test (Temporal)
LOT-0002222,Train
LOT-0002223,Train
LOT-0002224,Test (Temporal)
LOT-0002225,Train
LOT-0002226,Train
LOT-0002227,Train
LOT-0002228,Train
LOT-0002229,Train
LOT-0002230,Train
LOT-0002231,Test (Temporal)
LOT-0002232,Train
LOT-0002233,Train
LOT-0002234,Train
LOT-0002235,Train
LOT-0002236,Train
LOT-0002237,Test (Temporal)
LOT-0002238,Train
LOT-0002239,Train
LOT-0002240,Train
LOT-0002241,Train
LOT-0002242,Train
LOT-0002243,Train
LOT-0002244,Train
LOT-0002245,Train
LOT-0002246,Train
LOT-0002247,Train
LOT-0002248,Train
LOT-0002249,Train
LOT-0002250,Train
LOT-0002251,Train
LOT-0002252,Train
LOT-0002253,Train
LOT-0002254,Test (Temporal)
LOT-0002255,Train
LOT-0002256,Train
LOT-0002257,Train
LOT-0002258,Train
LOT-0002259,Train
LOT-0002260,Test (Temporal)
LOT-0002261,Train
LOT-0002262,Test (Temporal)
LOT-0002263,Train
LOT-0002264,Train
LOT-0002265,Train
LOT-0002266,Train
LOT-0002267,Train
LOT-0002268,Train
LOT-0002269,Train
LOT-0002270,Train
LOT-0002271,Train
LOT-0002272,Train
LOT-0002273,Test (Temporal)
LOT-0002274,Train
LOT-0002275,Test (Temporal)
LOT-0002276,Train
LOT-0002277,Test (Temporal)
LOT-0002278,Train
LOT-0002279,Train
LOT-0002280,Test (Temporal)
LOT-0002281,Test (Temporal)
LOT-0002282,Train
LOT-0002283,Train
LOT-0002284,Train
LOT-0002285,Train
LOT-0002286,Train
LOT-0002287,Train
LOT-0002288,Train
LOT-0002289,Train
LOT-0002290,Train
LOT-0002291,Train
LOT-0002292,Train
LOT-0002293,Train
LOT-0002294,Train
LOT-0002295,Test (Temporal)
LOT-0002296,Train
LOT-0002297,Train
LOT-0002298,Train
LOT-0002299,Train
LOT-0002300,Train
LOT-0002301,Train
LOT-0002302,Train
LOT-0002303,Train
LOT-0002304,Train
LOT-0002305,Train
LOT-0002306,Train
LOT-0002307,Train
LOT-0002308,Train
LOT-0002309,Test (Temporal)
LOT-0002310,Test (Temporal)
LOT-0002311,Train
LOT-0002312,Train
LOT-0002313,Test (Temporal)
LOT-0002314,Train
LOT-0002315,Train
LOT-0002316,Test (Temporal)
LOT-0002317,Train
LOT-0002318,Train
LOT-0002319,Train
LOT-0002320,Train
LOT-0002321,Train
LOT-0002322,Train
LOT-0002323,Train
LOT-0002324,Train
LOT-0002325,Test (Temporal)
LOT-0002326,Train
LOT-0002327,Train
LOT-0002328,Train
LOT-0002329,Train
LOT-0002330,Train
LOT-0002331,Train
LOT-0002332,Train
LOT-0002333,Train
LOT-0002334,Train
LOT-0002335,Train
LOT-0002336,Train
LOT-0002337,Test (Temporal)
LOT-0002338,Train
LOT-0002339,Train
LOT-0002340,Train
LOT-0002341,Train
LOT-0002342,Train
LOT-0002343,Train
LOT-0002344,Train
LOT-0002345,Train
LOT-0002346,Train
LOT-0002347,Train
LOT-0002348,Train
LOT-0002349,Train
LOT-0002350,Train
LOT-0002351,Test (Temporal)
LOT-0002352,Train
LOT-0002353,Test (Temporal)
LOT-0002354,Test (Temporal)
LOT-0002355,Train
LOT-0002356,Train
LOT-0002357,Train
LOT-0002358,Train
LOT-0002359,Train
LOT-0002360,Train
LOT-0002361,Test (Temporal)
LOT-0002362,Train
LOT-0002363,Train
LOT-0002364,Train
LOT-0002365,Train
LOT-0002366,Train
LOT-0002367,Train
LOT-0002368,Train
LOT-0002369,Train
LOT-0002370,Test (Temporal)
LOT-0002371,Test (Temporal)
LOT-0002372,Train
LOT-0002373,Train
LOT-0002374,Train
LOT-0002375,Train
LOT-0002376,Test (Temporal)
LOT-0002377,Test (Temporal)
LOT-0002378,Train
LOT-0002379,Train
LOT-0002380,Train
LOT-0002381,Train
LOT-0002382,Train
LOT-0002383,Train
LOT-0002384,Train
LOT-0002385,Train
LOT-0002386,Train
LOT-0002387,Train
LOT-0002388,Train
LOT-0002389,Train
LOT-0002390,Train
LOT-0002391,Train
LOT-0002392,Train
LOT-0002393,Test (Temporal)
LOT-0002394,Test (Temporal)
LOT-0002395,Train
LOT-0002396,Train
LOT-0002397,Train
LOT-0002398,Train
LOT-0002399,Test (Temporal)
LOT-0002400,Train
LOT-0002401,Train
LOT-0002402,Train
LOT-0002403,Train
LOT-0002404,Train
LOT-0002405,Train
LOT-0002406,Train
LOT-0002407,Test (Temporal)
LOT-0002408,Train
LOT-0002409,Train
LOT-0002410,Train
LOT-0002411,Train
LOT-0002412,Train
LOT-0002413,Train
LOT-0002414,Train
LOT-0002415,Train
LOT-0002416,Test (Temporal)
LOT-0002417,Train
LOT-0002418,Train
LOT-0002419,Test (Temporal)
LOT-0002420,Train
LOT-0002421,Train
LOT-0002422,Train
LOT-0002423,Train
LOT-0002424,Train
LOT-0002425,Train
LOT-0002426,Test (Temporal)
LOT-0002427,Train
LOT-0002428,Train
LOT-0002429,Test (Temporal)
LOT-0002430,Train
LOT-0002431,Train
LOT-0002432,Train
LOT-0002433,Train
LOT-0002434,Train
LOT-0002435,Train
LOT-0002436,Train
LOT-0002437,Train
LOT-0002438,Train
LOT-0002439,Train
LOT-0002440,Train
LOT-0002441,Train
LOT-0002442,Test (Temporal)
LOT-0002443,Train
LOT-0002444,Test (Temporal)
LOT-0002445,Test (Temporal)
LOT-0002446,Train
LOT-0002447,Train
LOT-0002448,Train
LOT-0002449,Train
LOT-0002450,Train
LOT-0002451,Train
LOT-0002452,Test (Temporal)
LOT-0002453,Train
LOT-0002454,Train
LOT-0002455,Train
LOT-0002456,Train
LOT-0002457,Train
LOT-0002458,Train
LOT-0002459,Train
LOT-0002460,Train
LOT-0002461,Train
LOT-0002462,Train
LOT-0002463,Train
LOT-0002464,Test (Temporal)
LOT-0002465,Train
LOT-0002466,Train
LOT-0002467,Train
LOT-0002468,Test (Temporal)
LOT-0002469,Train
LOT-0002470,Train
LOT-0002471,Train
LOT-0002472,Test (Temporal)
LOT-0002473,Train
LOT-0002474,Train
LOT-0002475,Train
LOT-0002476,Train
LOT-0002477,Train
LOT-0002478,Test (Temporal)
LOT-0002479,Train
LOT-0002480,Test (Temporal)
LOT-0002481,Train
LOT-0002482,Train
LOT-0002483,Train
LOT-0002484,Train
LOT-0002485,Train
LOT-0002486,Train
LOT-0002487,Train
LOT-0002488,Train
LOT-0002489,Test (Temporal)
LOT-0002490,Train
LOT-0002491,Train
LOT-0002492,Train
LOT-0002493,Train
LOT-0002494,Train
LOT-0002495,Train
LOT-0002496,Train
LOT-0002497,Train
LOT-0002498,Train
LOT-0002499,Train
LOT-0002500,Test (Temporal)
LOT-0002501,Train
LOT-0002502,Train
LOT-0002503,Train
LOT-0002504,Train
LOT-0002505,Train
LOT-0002506,Train
LOT-0002507,Test (Temporal)
LOT-0002508,Train
LOT-0002509,Train
LOT-0002510,Train
LOT-0002511,Train
LOT-0002512,Train
LOT-0002513,Train
LOT-0002514,Train
LOT-0002515,Train
LOT-0002516,Train
LOT-0002517,Test (Temporal)
LOT-0002518,Train
LOT-0002519,Train
LOT-0002520,Train
LOT-0002521,Test (Temporal)
LOT-0002522,Train
LOT-0002523,Train
LOT-0002524,Test (Temporal)
LOT-0002525,Train
LOT-0002526,Test (Temporal)
LOT-0002527,Train
LOT-0002528,Train
LOT-0002529,Train
LOT-0002530,Train
LOT-0002531,Train
LOT-0002532,Test (Temporal)
LOT-0002533,Train
LOT-0002534,Train
LOT-0002535,Train
LOT-0002536,Train
LOT-0002537,Train
LOT-0002538,Train
LOT-0002539,Test (Temporal)
LOT-0002540,Train
LOT-0002541,Train
LOT-0002542,Train
LOT-0002543,Train
LOT-0002544,Train
LOT-0002545,Train
LOT-0002546,Train
LOT-0002547,Test (Temporal)
LOT-0002548,Train
LOT-0002549,Train
LOT-0002550,Train
LOT-0002551,Train
LOT-0002552,Train
LOT-0002553,Train
LOT-0002554,Train
LOT-0002555,Train
LOT-0002556,Train
LOT-0002557,Train
LOT-0002558,Train
LOT-0002559,Train
LOT-0002560,Train
LOT-0002561,Test (Temporal)
LOT-0002562,Train
LOT-0002563,Train
LOT-0002564,Train
LOT-0002565,Train
LOT-0002566,Train
LOT-0002567,Test (Temporal)
LOT-0002568,Test (Temporal)
LOT-0002569,Train
LOT-0002570,Train
LOT-0002571,Test (Temporal)
LOT-0002572,Train
LOT-0002573,Train
LOT-0002574,Train
LOT-0002575,Train
LOT-0002576,Train
LOT-0002577,Train
LOT-0002578,Test (Temporal)
LOT-0002579,Train
LOT-0002580,Train
LOT-0002581,Train
LOT-0002582,Train
LOT-0002583,Test (Temporal)
LOT-0002584,Test (Temporal)
LOT-0002585,Train
LOT-0002586,Test (Temporal)
LOT-0002587,Test (Temporal)
LOT-0002588,Train
LOT-0002589,Train
LOT-0002590,Train
LOT-0002591,Train
LOT-0002592,Train
LOT-0002593,Train
LOT-0002594,Test (Temporal)
LOT-0002595,Train
LOT-0002596,Train
LOT-0002597,Test (Temporal)
LOT-0002598,Train
LOT-0002599,Train
LOT-0002600,Train
LOT-0002601,Train
LOT-0002602,Train
LOT-0002603,Train
LOT-0002604,Train
LOT-0002605,Train
LOT-0002606,Train
LOT-0002607,Train
LOT-0002608,Test (Temporal)
LOT-0002609,Test (Temporal)
LOT-0002610,Train
LOT-0002611,Train
LOT-0002612,Train
LOT-0002613,Train
LOT-0002614,Train
LOT-0002615,Train
LOT-0002616,Train
LOT-0002617,Train
LOT-0002618,Train
LOT-0002619,Test (Temporal)
LOT-0002620,Train
LOT-0002621,Train
LOT-0002622,Train
LOT-0002623,Train
LOT-0002624,Train
LOT-0002625,Train
LOT-0002626,Train
LOT-0002627,Test (Temporal)
LOT-0002628,Train
LOT-0002629,Train
LOT-0002630,Train
LOT-0002631,Train
LOT-0002632,Train
LOT-0002633,Test (Temporal)
LOT-0002634,Test (Temporal)
LOT-0002635,Test (Temporal)
LOT-0002636,Train
LOT-0002637,Train
LOT-0002638,Train
LOT-0002639,Train
LOT-0002640,Train
LOT-0002641,Train
LOT-0002642,Train
LOT-0002643,Train
LOT-0002644,Train
LOT-0002645,Train
LOT-0002646,Train
LOT-0002647,Train
LOT-0002648,Test (Temporal)
LOT-0002649,Test (Temporal)
LOT-0002650,Train
LOT-0002651,Train
LOT-0002652,Train
LOT-0002653,Train
LOT-0002654,Train
LOT-0002655,Train
LOT-0002656,Train
LOT-0002657,Train
LOT-0002658,Train
LOT-0002659,Train
LOT-0002660,Train
LOT-0002661,Train
LOT-0002662,Test (Temporal)
LOT-0002663,Train
LOT-0002664,Test (Temporal)
LOT-0002665,Test (Temporal)
LOT-0002666,Train
LOT-0002667,Train
LOT-0002668,Train
LOT-0002669,Train
LOT-0002670,Train
LOT-0002671,Train
LOT-0002672,Train
LOT-0002673,Train
LOT-0002674,Train
LOT-0002675,Train
LOT-0002676,Train
LOT-0002677,Train
LOT-0002678,Train
LOT-0002679,Train
LOT-0002680,Test (Temporal)
LOT-0002681,Test (Temporal)
LOT-0002682,Train
LOT-0002683,Train
LOT-0002684,Train
LOT-0002685,Train
LOT-0002686,Train
LOT-0002687,Train
LOT-0002688,Test (Temporal)
LOT-0002689,Train
LOT-0002690,Test (Temporal)
LOT-0002691,Train
LOT-0002692,Train
LOT-0002693,Train
LOT-0002694,Train
LOT-0002695,Train
LOT-0002696,Train
LOT-0002697,Train
LOT-0002698,Train
LOT-0002699,Train
LOT-0002700,Train
LOT-0002701,Train
LOT-0002702,Train
LOT-0002703,Train
LOT-0002704,Train
LOT-0002705,Test (Temporal)
LOT-0002706,Test (Temporal)
LOT-0002707,Test (Temporal)
LOT-0002708,Train
LOT-0002709,Train
LOT-0002710,Train
LOT-0002711,Train
LOT-0002712,Train
LOT-0002713,Train
LOT-0002714,Train
LOT-0002715,Train
LOT-0002716,Train
LOT-0002717,Train
LOT-0002718,Test (Temporal)
LOT-0002719,Test (Temporal)
LOT-0002720,Train
LOT-0002721,Train
LOT-0002722,Train
LOT-0002723,Test (Temporal)
LOT-0002724,Train
LOT-0002725,Train
LOT-0002726,Train
LOT-0002727,Train
LOT-0002728,Train
LOT-0002729,Test (Temporal)
LOT-0002730,Train
LOT-0002731,Train
LOT-0002732,Train
LOT-0002733,Train
LOT-0002734,Train
LOT-0002735,Train
LOT-0002736,Train
LOT-0002737,Test (Temporal)
LOT-0002738,Train
LOT-0002739,Train
LOT-0002740,Train
LOT-0002741,Train
LOT-0002742,Train
LOT-0002743,Train
LOT-0002744,Train
LOT-0002745,Train
LOT-0002746,Train
LOT-0002747,Train
LOT-0002748,Train
LOT-0002749,Train
LOT-0002750,Train
LOT-0002751,Train
LOT-0002752,Train
LOT-0002753,Train
LOT-0002754,Train
LOT-0002755,Train
LOT-0002756,Train
LOT-0002757,Train
LOT-0002758,Train
LOT-0002759,Test (Temporal)
LOT-0002760,Train
LOT-0002761,Train
LOT-0002762,Train
LOT-0002763,Train
LOT-0002764,Test (Temporal)
LOT-0002765,Train
LOT-0002766,Train
LOT-0002767,Train
LOT-0002768,Train
LOT-0002769,Test (Temporal)
LOT-0002770,Train
LOT-0002771,Train
LOT-0002772,Train
LOT-0002773,Test (Temporal)
LOT-0002774,Train
LOT-0002775,Train
LOT-0002776,Train
LOT-0002777,Train
LOT-0002778,Train
LOT-0002779,Train
LOT-0002780,Test (Temporal)
LOT-0002781,Train
LOT-0002782,Train
LOT-0002783,Train
LOT-0002784,Train
LOT-0002785,Train
LOT-0002786,Test (Temporal)
LOT-0002787,Train
LOT-0002788,Train
LOT-0002789,Train
LOT-0002790,Test (Temporal)
LOT-0002791,Train
LOT-0002792,Train
LOT-0002793,Train
LOT-0002794,Test (Temporal)
LOT-0002795,Train
LOT-0002796,Train
LOT-0002797,Train
LOT-0002798,Train
LOT-0002799,Train
LOT-0002800,Train
LOT-0002801,Train
LOT-0002802,Train
LOT-0002803,Train
LOT-0002804,Train
LOT-0002805,Train
LOT-0002806,Train
LOT-0002807,Train
LOT-0002808,Train
LOT-0002809,Train
LOT-0002810,Train
LOT-0002811,Train
LOT-0002812,Train
LOT-0002813,Train
LOT-0002814,Test (Temporal)
LOT-0002815,Train
LOT-0002816,Train
LOT-0002817,Train
LOT-0002818,Train
LOT-0002819,Train
LOT-0002820,Train
LOT-0002821,Train
LOT-0002822,Train
LOT-0002823,Train
LOT-0002824,Train
LOT-0002825,Train
LOT-0002826,Train
LOT-0002827,Train
LOT-0002828,Train
LOT-0002829,Test (Temporal)
LOT-0002830,Train
LOT-0002831,Train
LOT-0002832,Train
LOT-0002833,Train
LOT-0002834,Train
LOT-0002835,Train
LOT-0002836,Train
LOT-0002837,Train
LOT-0002838,Test (Temporal)
LOT-0002839,Train
LOT-0002840,Train
LOT-0002841,Train
LOT-0002842,Test (Temporal)
LOT-0002843,Train
LOT-0002844,Train
LOT-0002845,Test (Temporal)
LOT-0002846,Train
LOT-0002847,Train
LOT-0002848,Test (Temporal)
LOT-0002849,Train
LOT-0002850,Train
LOT-0002851,Train
LOT-0002852,Train
LOT-0002853,Train
LOT-0002854,Train
LOT-0002855,Train
LOT-0002856,Test (Temporal)
LOT-0002857,Test (Temporal)
LOT-0002858,Train
LOT-0002859,Train
LOT-0002860,Train
LOT-0002861,Train
LOT-0002862,Train
LOT-0002863,Train
LOT-0002864,Train
LOT-0002865,Train
LOT-0002866,Train
LOT-0002867,Train
LOT-0002868,Train
LOT-0002869,Train
LOT-0002870,Test (Temporal)
LOT-0002871,Train
LOT-0002872,Train
LOT-0002873,Train
LOT-0002874,Train
LOT-0002875,Train
LOT-0002876,Train
LOT-0002877,Train
LOT-0002878,Train
LOT-0002879,Train
LOT-0002880,Train
LOT-0002881,Train
LOT-0002882,Train
LOT-0002883,Train
LOT-0002884,Train
LOT-0002885,Train
LOT-0002886,Train
LOT-0002887,Train
LOT-0002888,Test (Temporal)
LOT-0002889,Test (Temporal)
LOT-0002890,Train
LOT-0002891,Train
LOT-0002892,Train
LOT-0002893,Train
LOT-0002894,Train
LOT-0002895,Train
LOT-0002896,Train
LOT-0002897,Train
LOT-0002898,Test (Temporal)
LOT-0002899,Train
LOT-0002900,Test (Temporal)
LOT-0002901,Train
LOT-0002902,Train
LOT-0002903,Train
LOT-0002904,Train
LOT-0002905,Train
LOT-0002906,Train
LOT-0002907,Train
LOT-0002908,Test (Temporal)
LOT-0002909,Train
LOT-0002910,Train
LOT-0002911,Train
LOT-0002912,Test (Temporal)
LOT-0002913,Train
LOT-0002914,Train
LOT-0002915,Train
LOT-0002916,Train
LOT-0002917,Train
LOT-0002918,Train
LOT-0002919,Train
LOT-0002920,Train
LOT-0002921,Train
LOT-0002922,Train
LOT-0002923,Train
LOT-0002924,Train
LOT-0002925,Train
LOT-0002926,Test (Temporal)
LOT-0002927,Test (Temporal)
LOT-0002928,Train
LOT-0002929,Train
LOT-0002930,Train
LOT-0002931,Train
LOT-0002932,Train
LOT-0002933,Test (Temporal)
LOT-0002934,Train
LOT-0002935,Test (Temporal)
LOT-0002936,Train
LOT-0002937,Test (Temporal)
LOT-0002938,Train
LOT-0002939,Train
LOT-0002940,Train
LOT-0002941,Test (Temporal)
LOT-0002942,Test (Temporal)
LOT-0002943,Test (Temporal)
LOT-0002944,Train
LOT-0002945,Train
LOT-0002946,Train
LOT-0002947,Train
LOT-0002948,Train
LOT-0002949,Train
LOT-0002950,Train
LOT-0002951,Train
LOT-0002952,Train
LOT-0002953,Train
LOT-0002954,Test (Temporal)
LOT-0002955,Test (Temporal)
LOT-0002956,Train
LOT-0002957,Train
LOT-0002958,Test (Temporal)
LOT-0002959,Train
LOT-0002960,Train
LOT-0002961,Train
LOT-0002962,Train
LOT-0002963,Train
LOT-0002964,Train
LOT-0002965,Train
LOT-0002966,Train
LOT-0002967,Train
LOT-0002968,Train
LOT-0002969,Train
LOT-0002970,Train
LOT-0002971,Train
LOT-0002972,Train
LOT-0002973,Test (Temporal)
LOT-0002974,Train
LOT-0002975,Train
LOT-0002976,Train
LOT-0002977,Train
LOT-0002978,Test (Temporal)
LOT-0002979,Train
LOT-0002980,Train
LOT-0002981,Train
LOT-0002982,Train
LOT-0002983,Test (Temporal)
LOT-0002984,Train
LOT-0002985,Train
LOT-0002986,Train
LOT-0002987,Train
LOT-0002988,Train
LOT-0002989,Train
LOT-0002990,Test (Temporal)
LOT-0002991,Train
LOT-0002992,Train
LOT-0002993,Train
LOT-0002994,Train
LOT-0002995,Train
LOT-0002996,Train
LOT-0002997,Train
LOT-0002998,Train
LOT-0002999,Train
LOT-0003000,Train
LOT-0003001,Train
LOT-0003002,Train
LOT-0003003,Train
LOT-0003004,Train
LOT-0003005,Train
LOT-0003006,Train
LOT-0003007,Train
LOT-0003008,Train
LOT-0003009,Train
LOT-0003010,Train
LOT-0003011,Train
LOT-0003012,Train
LOT-0003013,Train
LOT-0003014,Train
LOT-0003015,Train
LOT-0003016,Train
LOT-0003017,Train
LOT-0003018,Train
LOT-0003019,Train
LOT-0003020,Test (Temporal)
LOT-0003021,Train
LOT-0003022,Train
LOT-0003023,Test (Temporal)
LOT-0003024,Train
LOT-0003025,Train
LOT-0003026,Train
LOT-0003027,Test (Temporal)
LOT-0003028,Train
LOT-0003029,Train
LOT-0003030,Train
LOT-0003031,Train
LOT-0003032,Train
LOT-0003033,Train
LOT-0003034,Train
LOT-0003035,Train
LOT-0003036,Train
LOT-0003037,Train
LOT-0003038,Train
LOT-0003039,Train
LOT-0003040,Train
LOT-0003041,Train
LOT-0003042,Train
LOT-0003043,Train
LOT-0003044,Test (Temporal)
LOT-0003045,Train
LOT-0003046,Train
LOT-0003047,Train
LOT-0003048,Train
LOT-0003049,Test (Temporal)
LOT-0003050,Train
LOT-0003051,Test (Temporal)
LOT-0003052,Train
LOT-0003053,Train
LOT-0003054,Train
LOT-0003055,Train
LOT-0003056,Test (Temporal)
LOT-0003057,Test (Temporal)
LOT-0003058,Train
LOT-0003059,Test (Temporal)
LOT-0003060,Test (Temporal)
LOT-0003061,Train
LOT-0003062,Test (Temporal)
LOT-0003063,Train
LOT-0003064,Train
LOT-0003065,Train
LOT-0003066,Test (Temporal)
LOT-0003067,Train
LOT-0003068,Train
LOT-0003069,Train
LOT-0003070,Train
LOT-0003071,Train
LOT-0003072,Train
LOT-0003073,Train
LOT-0003074,Test (Temporal)
LOT-0003075,Train
LOT-0003076,Train
LOT-0003077,Train
LOT-0003078,Train
LOT-0003079,Train
LOT-0003080,Test (Temporal)
LOT-0003081,Test (Temporal)
LOT-0003082,Train
LOT-0003083,Test (Temporal)
LOT-0003084,Train
LOT-0003085,Train
LOT-0003086,Train
LOT-0003087,Train
LOT-0003088,Train
LOT-0003089,Train
LOT-0003090,Train
LOT-0003091,Test (Temporal)
LOT-0003092,Test (Temporal)
LOT-0003093,Train
LOT-0003094,Train
LOT-0003095,Train
LOT-0003096,Test (Temporal)
LOT-0003097,Train
LOT-0003098,Train
LOT-0003099,Test (Temporal)
LOT-0003100,Train
LOT-0003101,Train
LOT-0003102,Train
LOT-0003103,Train
LOT-0003104,Train
LOT-0003105,Test (Temporal)
LOT-0003106,Train
LOT-0003107,Train
LOT-0003108,Train
LOT-0003109,Train
LOT-0003110,Train
LOT-0003111,Train
LOT-0003112,Train
LOT-0003113,Train
LOT-0003114,Train
LOT-0003115,Train
LOT-0003116,Train
LOT-0003117,Train
LOT-0003118,Train
LOT-0003119,Test (Temporal)
LOT-0003120,Train
LOT-0003121,Train
LOT-0003122,Train
LOT-0003123,Train
LOT-0003124,Train
LOT-0003125,Train
LOT-0003126,Train
LOT-0003127,Train
LOT-0003128,Train
LOT-0003129,Train
LOT-0003130,Test (Temporal)
LOT-0003131,Train
LOT-0003132,Test (Temporal)
LOT-0003133,Train
LOT-0003134,Train
LOT-0003135,Train
LOT-0003136,Train
LOT-0003137,Train
LOT-0003138,Train
LOT-0003139,Test (Temporal)
LOT-0003140,Train
LOT-0003141,Train
LOT-0003142,Train
LOT-0003143,Train
LOT-0003144,Train
LOT-0003145,Train
LOT-0003146,Train
LOT-0003147,Train
LOT-0003148,Train
LOT-0003149,Train
LOT-0003150,Train
LOT-0003151,Train
LOT-0003152,Train
LOT-0003153,Train
LOT-0003154,Test (Temporal)
LOT-0003155,Train
LOT-0003156,Train
LOT-0003157,Train
LOT-0003158,Train
LOT-0003159,Train
LOT-0003160,Train
LOT-0003161,Train
LOT-0003162,Test (Temporal)
LOT-0003163,Train
LOT-0003164,Train
LOT-0003165,Train
LOT-0003166,Train
LOT-0003167,Test (Temporal)
LOT-0003168,Train
LOT-0003169,Train
LOT-0003170,Train
LOT-0003171,Train
LOT-0003172,Train
LOT-0003173,Train
LOT-0003174,Train
LOT-0003175,Train
LOT-0003176,Train
LOT-0003177,Train
LOT-0003178,Train
LOT-0003179,Train
LOT-0003180,Train
LOT-0003181,Train
LOT-0003182,Train
LOT-0003183,Train
LOT-0003184,Test (Temporal)
LOT-0003185,Train
LOT-0003186,Train
LOT-0003187,Train
LOT-0003188,Train
LOT-0003189,Train
LOT-0003190,Test (Temporal)
LOT-0003191,Train
LOT-0003192,Train
LOT-0003193,Train
LOT-0003194,Train
LOT-0003195,Test (Temporal)
LOT-0003196,Train
LOT-0003197,Train
LOT-0003198,Test (Temporal)
LOT-0003199,Train
LOT-0003200,Train
LOT-0003201,Train
LOT-0003202,Train
LOT-0003203,Test (Temporal)
LOT-0003204,Train
LOT-0003205,Train
LOT-0003206,Train
LOT-0003207,Test (Temporal)
LOT-0003208,Test (Temporal)
LOT-0003209,Train
LOT-0003210,Train
LOT-0003211,Train
LOT-0003212,Train
LOT-0003213,Train
LOT-0003214,Train
LOT-0003215,Train
LOT-0003216,Test (Temporal)
LOT-0003217,Train
LOT-0003218,Train
LOT-0003219,Test (Temporal)
LOT-0003220,Train
LOT-0003221,Train
LOT-0003222,Train
LOT-0003223,Test (Temporal)
LOT-0003224,Train
LOT-0003225,Train
LOT-0003226,Train
LOT-0003227,Train
LOT-0003228,Train
LOT-0003229,Train
LOT-0003230,Train
LOT-0003231,Test (Temporal)
LOT-0003232,Train
LOT-0003233,Train
LOT-0003234,Train
LOT-0003235,Train
LOT-0003236,Train
LOT-0003237,Train
LOT-0003238,Train
LOT-0003239,Train
LOT-0003240,Train
LOT-0003241,Train
LOT-0003242,Train
LOT-0003243,Train
LOT-0003244,Train
LOT-0003245,Train
LOT-0003246,Train
LOT-0003247,Train
LOT-0003248,Train
LOT-0003249,Train
LOT-0003250,Train
LOT-0003251,Train
LOT-0003252,Train
LOT-0003253,Test (Temporal)
LOT-0003254,Train
LOT-0003255,Train
LOT-0003256,Train
LOT-0003257,Test (Temporal)
LOT-0003258,Train
LOT-0003259,Train
LOT-0003260,Train
LOT-0003261,Train
LOT-0003262,Train
LOT-0003263,Train
LOT-0003264,Train
LOT-0003265,Train
LOT-0003266,Train
LOT-0003267,Train
LOT-0003268,Test (Temporal)
LOT-0003269,Train
LOT-0003270,Train
LOT-0003271,Test (Temporal)
LOT-0003272,Train
LOT-0003273,Train
LOT-0003274,Train
LOT-0003275,Train
LOT-0003276,Train
LOT-0003277,Train
LOT-0003278,Test (Temporal)
LOT-0003279,Train
LOT-0003280,Train
LOT-0003281,Test (Temporal)
LOT-0003282,Train
LOT-0003283,Train
LOT-0003284,Train
LOT-0003285,Train
LOT-0003286,Train
LOT-0003287,Train
LOT-0003288,Train
LOT-0003289,Test (Temporal)
LOT-0003290,Train
LOT-0003291,Train
LOT-0003292,Test (Temporal)
LOT-0003293,Train
LOT-0003294,Train
LOT-0003295,Test (Temporal)
LOT-0003296,Train
LOT-0003297,Test (Temporal)
LOT-0003298,Train
LOT-0003299,Train
LOT-0003300,Train
LOT-0003301,Test (Temporal)
LOT-0003302,Train
LOT-0003303,Train
LOT-0003304,Train
LOT-0003305,Train
LOT-0003306,Train
LOT-0003307,Train
LOT-0003308,Train
LOT-0003309,Train
LOT-0003310,Test (Temporal)
LOT-0003311,Train
LOT-0003312,Test (Temporal)
LOT-0003313,Train
LOT-0003314,Test (Temporal)
LOT-0003315,Train
LOT-0003316,Train
LOT-0003317,Test (Temporal)
LOT-0003318,Train
LOT-0003319,Train
LOT-0003320,Train
LOT-0003321,Train
LOT-0003322,Train
LOT-0003323,Train
LOT-0003324,Train
LOT-0003325,Test (Temporal)
LOT-0003326,Train
LOT-0003327,Train
LOT-0003328,Train
LOT-0003329,Train
LOT-0003330,Train
LOT-0003331,Train
LOT-0003332,Test (Temporal)
LOT-0003333,Train
LOT-0003334,Train
LOT-0003335,Test (Temporal)
LOT-0003336,Test (Temporal)
LOT-0003337,Train
LOT-0003338,Test (Temporal)
LOT-0003339,Test (Temporal)
LOT-0003340,Train
LOT-0003341,Train
LOT-0003342,Train
LOT-0003343,Train
LOT-0003344,Train
LOT-0003345,Train
LOT-0003346,Train
LOT-0003347,Train
LOT-0003348,Train
LOT-0003349,Train
LOT-0003350,Train
LOT-0003351,Train
LOT-0003352,Train
LOT-0003353,Train
LOT-0003354,Test (Temporal)
LOT-0003355,Train
LOT-0003356,Train
LOT-0003357,Train
LOT-0003358,Train
LOT-0003359,Test (Temporal)
LOT-0003360,Train
LOT-0003361,Train
LOT-0003362,Train
LOT-0003363,Train
LOT-0003364,Train
LOT-0003365,Train
LOT-0003366,Train
LOT-0003367,Train
LOT-0003368,Train
LOT-0003369,Train
LOT-0003370,Train
LOT-0003371,Train
LOT-0003372,Train
LOT-0003373,Train
LOT-0003374,Train
LOT-0003375,Train
LOT-0003376,Train
LOT-0003377,Train
LOT-0003378,Train
LOT-0003379,Test (Temporal)
LOT-0003380,Train
LOT-0003381,Train
LOT-0003382,Train
LOT-0003383,Test (Temporal)
LOT-0003384,Train
LOT-0003385,Train
LOT-0003386,Train
LOT-0003387,Train
LOT-0003388,Train
LOT-0003389,Train
LOT-0003390,Train
LOT-0003391,Train
LOT-0003392,Train
LOT-0003393,Train
LOT-0003394,Train
LOT-0003395,Train
LOT-0003396,Train
LOT-0003397,Train
LOT-0003398,Train
LOT-0003399,Test (Temporal)
LOT-0003400,Train
LOT-0003401,Train
LOT-0003402,Train
LOT-0003403,Train
LOT-0003404,Train
LOT-0003405,Train
LOT-0003406,Train
LOT-0003407,Train
LOT-0003408,Train
LOT-0003409,Train
LOT-0003410,Train
LOT-0003411,Train
LOT-0003412,Train
LOT-0003413,Test (Temporal)
LOT-0003414,Test (Temporal)
LOT-0003415,Train
LOT-0003416,Train
LOT-0003417,Train
LOT-0003418,Train
LOT-0003419,Train
LOT-0003420,Train
LOT-0003421,Train
LOT-0003422,Test (Temporal)
LOT-0003423,Train
LOT-0003424,Train
LOT-0003425,Train
LOT-0003426,Test (Temporal)
LOT-0003427,Train
LOT-0003428,Train
LOT-0003429,Test (Temporal)
LOT-0003430,Train
LOT-0003431,Train
LOT-0003432,Train
LOT-0003433,Train
LOT-0003434,Train
LOT-0003435,Train
LOT-0003436,Train
LOT-0003437,Train
LOT-0003438,Train
LOT-0003439,Train
LOT-0003440,Train
LOT-0003441,Train
LOT-0003442,Train
LOT-0003443,Train
LOT-0003444,Train
LOT-0003445,Train
LOT-0003446,Train
LOT-0003447,Train
LOT-0003448,Test (Temporal)
LOT-0003449,Train
LOT-0003450,Train
LOT-0003451,Test (Temporal)
LOT-0003452,Train
LOT-0003453,Train
LOT-0003454,Train
LOT-0003455,Test (Temporal)
LOT-0003456,Train
LOT-0003457,Train
LOT-0003458,Train
LOT-0003459,Test (Temporal)
LOT-0003460,Train
LOT-0003461,Test (Temporal)
LOT-0003462,Test (Temporal)
LOT-0003463,Test (Temporal)
LOT-0003464,Train
LOT-0003465,Train
LOT-0003466,Train
LOT-0003467,Train
LOT-0003468,Train
LOT-0003469,Test (Temporal)
LOT-0003470,Train
LOT-0003471,Test (Temporal)
LOT-0003472,Train
LOT-0003473,Train
LOT-0003474,Train
LOT-0003475,Train
LOT-0003476,Train
LOT-0003477,Train
LOT-0003478,Train
LOT-0003479,Train
LOT-0003480,Train
LOT-0003481,Train
LOT-0003482,Train
LOT-0003483,Train
LOT-0003484,Train
LOT-0003485,Test (Temporal)
LOT-0003486,Test (Temporal)
LOT-0003487,Train
LOT-0003488,Test (Temporal)
LOT-0003489,Test (Temporal)
LOT-0003490,Train
LOT-0003491,Train
LOT-0003492,Train
LOT-0003493,Train
LOT-0003494,Train
LOT-0003495,Train
LOT-0003496,Train
LOT-0003497,Train
LOT-0003498,Train
LOT-0003499,Train
LOT-0003500,Train
LOT-0003501,Test (Temporal)
LOT-0003502,Train
LOT-0003503,Train
LOT-0003504,Train
LOT-0003505,Train
LOT-0003506,Train
LOT-0003507,Train
LOT-0003508,Train
LOT-0003509,Train
LOT-0003510,Train
LOT-0003511,Train
LOT-0003512,Train
LOT-0003513,Train
LOT-0003514,Train
LOT-0003515,Train
LOT-0003516,Train
LOT-0003517,Train
LOT-0003518,Train
LOT-0003519,Train
LOT-0003520,Train
LOT-0003521,Train
LOT-0003522,Train
LOT-0003523,Train
LOT-0003524,Train
LOT-0003525,Train
LOT-0003526,Train
LOT-0003527,Train
LOT-0003528,Train
LOT-0003529,Train
LOT-0003530,Train
LOT-0003531,Train
LOT-0003532,Train
LOT-0003533,Train
LOT-0003534,Train
LOT-0003535,Train
LOT-0003536,Train
LOT-0003537,Train
LOT-0003538,Train
LOT-0003539,Train
LOT-0003540,Train
LOT-0003541,Test (Temporal)
LOT-0003542,Train
LOT-0003543,Train
LOT-0003544,Train
LOT-0003545,Train
LOT-0003546,Train
LOT-0003547,Train
LOT-0003548,Test (Temporal)
LOT-0003549,Train
LOT-0003550,Train
LOT-0003551,Train
LOT-0003552,Train
LOT-0003553,Train
LOT-0003554,Train
LOT-0003555,Train
LOT-0003556,Train
LOT-0003557,Train
LOT-0003558,Train
LOT-0003559,Train
LOT-0003560,Train
LOT-0003561,Train
LOT-0003562,Train
LOT-0003563,Train
LOT-0003564,Test (Temporal)
LOT-0003565,Train
LOT-0003566,Train
LOT-0003567,Train
LOT-0003568,Train
LOT-0003569,Train
LOT-0003570,Train
LOT-0003571,Test (Temporal)
LOT-0003572,Train
LOT-0003573,Test (Temporal)
LOT-0003574,Train
LOT-0003575,Train
LOT-0003576,Test (Temporal)
LOT-0003577,Train
LOT-0003578,Train
LOT-0003579,Train
LOT-0003580,Train
LOT-0003581,Test (Temporal)
LOT-0003582,Train
LOT-0003583,Train
LOT-0003584,Test (Temporal)
LOT-0003585,Train
LOT-0003586,Test (Temporal)
LOT-0003587,Train
LOT-0003588,Train
LOT-0003589,Test (Temporal)
LOT-0003590,Test (Temporal)
LOT-0003591,Train
LOT-0003592,Train
LOT-0003593,Train
LOT-0003594,Train
LOT-0003595,Train
LOT-0003596,Train
LOT-0003597,Train
LOT-0003598,Test (Temporal)
LOT-0003599,Train
LOT-0003600,Train
LOT-0003601,Train
LOT-0003602,Train
LOT-0003603,Train
LOT-0003604,Train
LOT-0003605,Train
LOT-0003606,Train
LOT-0003607,Test (Temporal)
LOT-0003608,Train
LOT-0003609,Train
LOT-0003610,Test (Temporal)
LOT-0003611,Test (Temporal)
LOT-0003612,Train
LOT-0003613,Test (Temporal)
LOT-0003614,Train
LOT-0003615,Test (Temporal)
LOT-0003616,Train
LOT-0003617,Train
LOT-0003618,Train
LOT-0003619,Train
LOT-0003620,Train
LOT-0003621,Train
LOT-0003622,Train
LOT-0003623,Train
LOT-0003624,Train
LOT-0003625,Train
LOT-0003626,Train
LOT-0003627,Train
LOT-0003628,Train
LOT-0003629,Train
LOT-0003630,Train
LOT-0003631,Test (Temporal)
LOT-0003632,Train
LOT-0003633,Test (Temporal)
LOT-0003634,Train
LOT-0003635,Test (Temporal)
LOT-0003636,Train
LOT-0003637,Train
LOT-0003638,Test (Temporal)
LOT-0003639,Train
LOT-0003640,Train
LOT-0003641,Train
LOT-0003642,Train
LOT-0003643,Train
LOT-0003644,Train
LOT-0003645,Train
LOT-0003646,Train
LOT-0003647,Train
LOT-0003648,Train
LOT-0003649,Train
LOT-0003650,Train
LOT-0003651,Train
LOT-0003652,Train
LOT-0003653,Train
LOT-0003654,Train
LOT-0003655,Test (Temporal)
LOT-0003656,Train
LOT-0003657,Train
LOT-0003658,Train
LOT-0003659,Test (Temporal)
LOT-0003660,Train
LOT-0003661,Train
LOT-0003662,Train
LOT-0003663,Train
LOT-0003664,Train
LOT-0003665,Train
LOT-0003666,Train
LOT-0003667,Train
LOT-0003668,Test (Temporal)
LOT-0003669,Test (Temporal)
LOT-0003670,Test (Temporal)
LOT-0003671,Test (Temporal)
LOT-0003672,Test (Temporal)
LOT-0003673,Train
LOT-0003674,Train
LOT-0003675,Train
LOT-0003676,Train
LOT-0003677,Train
LOT-0003678,Train
LOT-0003679,Train
LOT-0003680,Test (Temporal)
LOT-0003681,Test (Temporal)
LOT-0003682,Test (Temporal)
LOT-0003683,Train
LOT-0003684,Train
LOT-0003685,Train
LOT-0003686,Train
LOT-0003687,Train
LOT-0003688,Train
LOT-0003689,Test (Temporal)
LOT-0003690,Test (Temporal)
LOT-0003691,Train
LOT-0003692,Train
LOT-0003693,Test (Temporal)
LOT-0003694,Train
LOT-0003695,Train
LOT-0003696,Train
LOT-0003697,Train
LOT-0003698,Test (Temporal)
LOT-0003699,Test (Temporal)
LOT-0003700,Train
LOT-0003701,Train
LOT-0003702,Train
LOT-0003703,Train
LOT-0003704,Train
LOT-0003705,Test (Temporal)
LOT-0003706,Test (Temporal)
LOT-0003707,Train
LOT-0003708,Test (Temporal)
LOT-0003709,Train
LOT-0003710,Train
LOT-0003711,Train
LOT-0003712,Train
LOT-0003713,Train
LOT-0003714,Train
LOT-0003715,Train
LOT-0003716,Train
LOT-0003717,Train
LOT-0003718,Train
LOT-0003719,Train
LOT-0003720,Train
LOT-0003721,Train
LOT-0003722,Train
LOT-0003723,Train
LOT-0003724,Train
LOT-0003725,Train
LOT-0003726,Train
LOT-0003727,Train
LOT-0003728,Test (Temporal)
LOT-0003729,Train
LOT-0003730,Train
LOT-0003731,Train
LOT-0003732,Test (Temporal)
LOT-0003733,Test (Temporal)
LOT-0003734,Test (Temporal)
LOT-0003735,Train
LOT-0003736,Train
LOT-0003737,Train
LOT-0003738,Train
LOT-0003739,Train
LOT-0003740,Train
LOT-0003741,Train
LOT-0003742,Train
LOT-0003743,Train
LOT-0003744,Train
LOT-0003745,Train
LOT-0003746,Test (Temporal)
LOT-0003747,Train
LOT-0003748,Train
LOT-0003749,Train
LOT-0003750,Train
LOT-0003751,Train
LOT-0003752,Test (Temporal)
LOT-0003753,Train
LOT-0003754,Train
LOT-0003755,Train
LOT-0003756,Train
LOT-0003757,Train
LOT-0003758,Train
LOT-0003759,Train
LOT-0003760,Train
LOT-0003761,Train
LOT-0003762,Train
LOT-0003763,Train
LOT-0003764,Train
LOT-0003765,Train
LOT-0003766,Test (Temporal)
LOT-0003767,Train
LOT-0003768,Train
LOT-0003769,Train
LOT-0003770,Train
LOT-0003771,Train
LOT-0003772,Train
LOT-0003773,Train
LOT-0003774,Train
LOT-0003775,Train
LOT-0003776,Train
LOT-0003777,Train
LOT-0003778,Train
LOT-0003779,Train
LOT-0003780,Train
LOT-0003781,Train
LOT-0003782,Train
LOT-0003783,Test (Temporal)
LOT-0003784,Train
LOT-0003785,Train
LOT-0003786,Train
LOT-0003787,Train
LOT-0003788,Test (Temporal)
LOT-0003789,Train
LOT-0003790,Train
LOT-0003791,Train
LOT-0003792,Train
LOT-0003793,Train
LOT-0003794,Train
LOT-0003795,Train
LOT-0003796,Test (Temporal)
LOT-0003797,Train
LOT-0003798,Train
LOT-0003799,Train
LOT-0003800,Train
LOT-0003801,Train
LOT-0003802,Train
LOT-0003803,Test (Temporal)
LOT-0003804,Train
LOT-0003805,Train
LOT-0003806,Test (Temporal)
LOT-0003807,Train
LOT-0003808,Train
LOT-0003809,Test (Temporal)
LOT-0003810,Train
LOT-0003811,Train
LOT-0003812,Test (Temporal)
LOT-0003813,Train
LOT-0003814,Train
LOT-0003815,Test (Temporal)
LOT-0003816,Train
LOT-0003817,Test (Temporal)
LOT-0003818,Train
LOT-0003819,Train
LOT-0003820,Test (Temporal)
LOT-0003821,Train
LOT-0003822,Train
LOT-0003823,Train
LOT-0003824,Test (Temporal)
LOT-0003825,Train
LOT-0003826,Train
LOT-0003827,Train
LOT-0003828,Test (Temporal)
LOT-0003829,Train
LOT-0003830,Train
LOT-0003831,Train
LOT-0003832,Train
LOT-0003833,Train
LOT-0003834,Train
LOT-0003835,Train
LOT-0003836,Test (Temporal)
LOT-0003837,Train
LOT-0003838,Train
LOT-0003839,Train
LOT-0003840,Test (Temporal)
LOT-0003841,Train
LOT-0003842,Train
LOT-0003843,Train
LOT-0003844,Train
LOT-0003845,Train
LOT-0003846,Test (Temporal)
LOT-0003847,Train
LOT-0003848,Train
LOT-0003849,Train
LOT-0003850,Train
LOT-0003851,Train
LOT-0003852,Train
LOT-0003853,Train
LOT-0003854,Train
LOT-0003855,Train
LOT-0003856,Train
LOT-0003857,Train
LOT-0003858,Test (Temporal)
LOT-0003859,Train
LOT-0003860,Train
LOT-0003861,Train
LOT-0003862,Test (Temporal)
LOT-0003863,Train
LOT-0003864,Train
LOT-0003865,Train
LOT-0003866,Train
LOT-0003867,Train
LOT-0003868,Test (Temporal)
LOT-0003869,Train
LOT-0003870,Test (Temporal)
LOT-0003871,Train
LOT-0003872,Test (Temporal)
LOT-0003873,Train
LOT-0003874,Test (Temporal)
LOT-0003875,Test (Temporal)
LOT-0003876,Train
LOT-0003877,Train
LOT-0003878,Train
LOT-0003879,Train
LOT-0003880,Test (Temporal)
LOT-0003881,Train
LOT-0003882,Train
LOT-0003883,Train
LOT-0003884,Train
LOT-0003885,Train
LOT-0003886,Train
LOT-0003887,Train
LOT-0003888,Train
LOT-0003889,Train
LOT-0003890,Train
LOT-0003891,Train
LOT-0003892,Train
LOT-0003893,Train
LOT-0003894,Train
LOT-0003895,Train
LOT-0003896,Train
LOT-0003897,Test (Temporal)
LOT-0003898,Train
LOT-0003899,Train
LOT-0003900,Train
LOT-0003901,Train
LOT-0003902,Train
LOT-0003903,Train
LOT-0003904,Train
LOT-0003905,Train
LOT-0003906,Train
LOT-0003907,Train
LOT-0003908,Train
LOT-0003909,Train
LOT-0003910,Train
LOT-0003911,Train
LOT-0003912,Train
LOT-0003913,Train
LOT-0003914,Test (Temporal)
LOT-0003915,Train
LOT-0003916,Train
LOT-0003917,Train
LOT-0003918,Train
LOT-0003919,Train
LOT-0003920,Train
LOT-0003921,Train
LOT-0003922,Train
LOT-0003923,Train
LOT-0003924,Train
LOT-0003925,Train
LOT-0003926,Test (Temporal)
LOT-0003927,Train
LOT-0003928,Test (Temporal)
LOT-0003929,Test (Temporal)
LOT-0003930,Train
LOT-0003931,Test (Temporal)
LOT-0003932,Train
LOT-0003933,Train
LOT-0003934,Train
LOT-0003935,Train
LOT-0003936,Train
LOT-0003937,Train
LOT-0003938,Test (Temporal)
LOT-0003939,Train
LOT-0003940,Train
LOT-0003941,Train
LOT-0003942,Train
LOT-0003943,Test (Temporal)
LOT-0003944,Train
LOT-0003945,Train
LOT-0003946,Train
LOT-0003947,Train
LOT-0003948,Train
LOT-0003949,Train
LOT-0003950,Train
LOT-0003951,Train
LOT-0003952,Train
LOT-0003953,Train
LOT-0003954,Test (Temporal)
LOT-0003955,Train
LOT-0003956,Train
LOT-0003957,Test (Temporal)
LOT-0003958,Train
LOT-0003959,Train
LOT-0003960,Train
LOT-0003961,Train
LOT-0003962,Train
LOT-0003963,Train
LOT-0003964,Train
LOT-0003965,Train
LOT-0003966,Train
LOT-0003967,Test (Temporal)
LOT-0003968,Test (Temporal)
LOT-0003969,Train
LOT-0003970,Test (Temporal)
LOT-0003971,Train
LOT-0003972,Train
LOT-0003973,Train
LOT-0003974,Train
LOT-0003975,Train
LOT-0003976,Train
LOT-0003977,Train
LOT-0003978,Train
LOT-0003979,Test (Temporal)
LOT-0003980,Train
LOT-0003981,Train
LOT-0003982,Train
LOT-0003983,Train
LOT-0003984,Train
LOT-0003985,Train
LOT-0003986,Train
LOT-0003987,Train
LOT-0003988,Train
LOT-0003989,Train
LOT-0003990,Train
LOT-0003991,Train
LOT-0003992,Test (Temporal)
LOT-0003993,Train
LOT-0003994,Train
LOT-0003995,Train
LOT-0003996,Train
LOT-0003997,Train
LOT-0003998,Train
LOT-0003999,Train
LOT-0004000,Train
LOT-0004001,Train
LOT-0004002,Train
LOT-0004003,Train
LOT-0004004,Train
LOT-0004005,Train
LOT-0004006,Train
LOT-0004007,Train
LOT-0004008,Train
LOT-0004009,Train
LOT-0004010,Train
LOT-0004011,Test (Temporal)
LOT-0004012,Train
LOT-0004013,Train
LOT-0004014,Test (Temporal)
LOT-0004015,Train
LOT-0004016,Train
LOT-0004017,Train
LOT-0004018,Train
LOT-0004019,Train
LOT-0004020,Test (Temporal)
LOT-0004021,Train
LOT-0004022,Train
LOT-0004023,Train
LOT-0004024,Train
LOT-0004025,Train
LOT-0004026,Train
LOT-0004027,Train
LOT-0004028,Train
LOT-0004029,Train
LOT-0004030,Train
LOT-0004031,Train
LOT-0004032,Train
LOT-0004033,Train
LOT-0004034,Train
LOT-0004035,Train
LOT-0004036,Train
LOT-0004037,Train
LOT-0004038,Test (Temporal)
LOT-0004039,Train
LOT-0004040,Train
LOT-0004041,Train
LOT-0004042,Train
LOT-0004043,Train
LOT-0004044,Train
LOT-0004045,Train
LOT-0004046,Train
LOT-0004047,Test (Temporal)
LOT-0004048,Test (Temporal)
LOT-0004049,Test (Temporal)
LOT-0004050,Train
LOT-0004051,Train
LOT-0004052,Train
LOT-0004053,Train
LOT-0004054,Train
LOT-0004055,Train
LOT-0004056,Train
LOT-0004057,Train
LOT-0004058,Train
LOT-0004059,Train
LOT-0004060,Train
LOT-0004061,Train
LOT-0004062,Train
LOT-0004063,Train
LOT-0004064,Train
LOT-0004065,Train
LOT-0004066,Train
LOT-0004067,Train
LOT-0004068,Train
LOT-0004069,Train
LOT-0004070,Train
LOT-0004071,Train
LOT-0004072,Train
LOT-0004073,Test (Temporal)
LOT-0004074,Train
LOT-0004075,Train
LOT-0004076,Train
LOT-0004077,Train
LOT-0004078,Train
LOT-0004079,Train
LOT-0004080,Train
LOT-0004081,Test (Temporal)
LOT-0004082,Train
LOT-0004083,Train
LOT-0004084,Train
LOT-0004085,Train
LOT-0004086,Train
LOT-0004087,Train
LOT-0004088,Train
LOT-0004089,Train
LOT-0004090,Train
LOT-0004091,Train
LOT-0004092,Test (Temporal)
LOT-0004093,Train
LOT-0004094,Train
LOT-0004095,Train
LOT-0004096,Test (Temporal)
LOT-0004097,Train
LOT-0004098,Train
LOT-0004099,Train
LOT-0004100,Train
LOT-0004101,Train
LOT-0004102,Test (Temporal)
LOT-0004103,Train
LOT-0004104,Train
LOT-0004105,Train
LOT-0004106,Train
LOT-0004107,Train
LOT-0004108,Train
LOT-0004109,Train
LOT-0004110,Train
LOT-0004111,Train
LOT-0004112,Train
LOT-0004113,Train
LOT-0004114,Test (Temporal)
LOT-0004115,Train
LOT-0004116,Test (Temporal)
LOT-0004117,Train
LOT-0004118,Train
LOT-0004119,Train
LOT-0004120,Train
LOT-0004121,Train
LOT-0004122,Train
LOT-0004123,Test (Temporal)
LOT-0004124,Test (Temporal)
LOT-0004125,Train
LOT-0004126,Train
LOT-0004127,Train
LOT-0004128,Train
LOT-0004129,Train
LOT-0004130,Train
LOT-0004131,Train
LOT-0004132,Train
LOT-0004133,Train
LOT-0004134,Train
LOT-0004135,Train
LOT-0004136,Train
LOT-0004137,Train
LOT-0004138,Train
LOT-0004139,Train
LOT-0004140,Train
LOT-0004141,Train
LOT-0004142,Train
LOT-0004143,Train
LOT-0004144,Train
LOT-0004145,Train
LOT-0004146,Test (Temporal)
LOT-0004147,Train
LOT-0004148,Train
LOT-0004149,Test (Temporal)
LOT-0004150,Train
LOT-0004151,Train
LOT-0004152,Train
LOT-0004153,Train
LOT-0004154,Train
LOT-0004155,Train
LOT-0004156,Train
LOT-0004157,Train
LOT-0004158,Train
LOT-0004159,Test (Temporal)
LOT-0004160,Train
LOT-0004161,Train
LOT-0004162,Train
LOT-0004163,Test (Temporal)
LOT-0004164,Train
LOT-0004165,Test (Temporal)
LOT-0004166,Train
LOT-0004167,Train
LOT-0004168,Train
LOT-0004169,Train
LOT-0004170,Test (Temporal)
LOT-0004171,Train
LOT-0004172,Test (Temporal)
LOT-0004173,Train
LOT-0004174,Train
LOT-0004175,Train
LOT-0004176,Train
LOT-0004177,Train
LOT-0004178,Train
LOT-0004179,Train
LOT-0004180,Train
LOT-0004181,Train
LOT-0004182,Train
LOT-0004183,Train
LOT-0004184,Train
LOT-0004185,Train
LOT-0004186,Test (Temporal)
LOT-0004187,Train
LOT-0004188,Train
LOT-0004189,Train
LOT-0004190,Train
LOT-0004191,Train
LOT-0004192,Train
LOT-0004193,Train
LOT-0004194,Train
LOT-0004195,Train
LOT-0004196,Train
LOT-0004197,Train
LOT-0004198,Train
LOT-0004199,Train
LOT-0004200,Train
LOT-0004201,Train
LOT-0004202,Train
LOT-0004203,Train
LOT-0004204,Test (Temporal)
LOT-0004205,Train
LOT-0004206,Test (Temporal)
LOT-0004207,Test (Temporal)
LOT-0004208,Test (Temporal)
LOT-0004209,Train
LOT-0004210,Train
LOT-0004211,Train
LOT-0004212,Train
LOT-0004213,Train
LOT-0004214,Test (Temporal)
LOT-0004215,Train
LOT-0004216,Train
LOT-0004217,Train
LOT-0004218,Train
LOT-0004219,Train
LOT-0004220,Train
LOT-0004221,Train
LOT-0004222,Train
LOT-0004223,Train
LOT-0004224,Train
LOT-0004225,Train
LOT-0004226,Train
LOT-0004227,Train
LOT-0004228,Train
LOT-0004229,Train
LOT-0004230,Train
LOT-0004231,Test (Temporal)
LOT-0004232,Train
LOT-0004233,Train
LOT-0004234,Train
LOT-0004235,Train
LOT-0004236,Train
LOT-0004237,Test (Temporal)
LOT-0004238,Train
LOT-0004239,Train
LOT-0004240,Test (Temporal)
LOT-0004241,Train
LOT-0004242,Train
LOT-0004243,Train
LOT-0004244,Train
LOT-0004245,Train
LOT-0004246,Train
LOT-0004247,Train
LOT-0004248,Test (Temporal)
LOT-0004249,Train
LOT-0004250,Train
LOT-0004251,Train
LOT-0004252,Train
LOT-0004253,Train
LOT-0004254,Train
LOT-0004255,Test (Temporal)
LOT-0004256,Train
LOT-0004257,Train
LOT-0004258,Train
LOT-0004259,Train
LOT-0004260,Train
LOT-0004261,Test (Temporal)
LOT-0004262,Train
LOT-0004263,Train
LOT-0004264,Train
LOT-0004265,Train
LOT-0004266,Train
LOT-0004267,Test (Temporal)
LOT-0004268,Test (Temporal)
LOT-0004269,Train
LOT-0004270,Test (Temporal)
LOT-0004271,Test (Temporal)
LOT-0004272,Test (Temporal)
LOT-0004273,Train
LOT-0004274,Train
LOT-0004275,Test (Temporal)
LOT-0004276,Train
LOT-0004277,Train
LOT-0004278,Train
LOT-0004279,Train
LOT-0004280,Train
LOT-0004281,Train
LOT-0004282,Train
LOT-0004283,Test (Temporal)
LOT-0004284,Train
LOT-0004285,Train
LOT-0004286,Train
LOT-0004287,Train
LOT-0004288,Train
LOT-0004289,Train
LOT-0004290,Train
LOT-0004291,Test (Temporal)
LOT-0004292,Train
LOT-0004293,Train
LOT-0004294,Train
LOT-0004295,Train
LOT-0004296,Train
LOT-0004297,Train
LOT-0004298,Train
LOT-0004299,Train
LOT-0004300,Train
LOT-0004301,Train
LOT-0004302,Train
LOT-0004303,Train
LOT-0004304,Train
LOT-0004305,Test (Temporal)
LOT-0004306,Train
LOT-0004307,Train
LOT-0004308,Train
LOT-0004309,Train
LOT-0004310,Train
LOT-0004311,Train
LOT-0004312,Train
LOT-0004313,Train
LOT-0004314,Train
LOT-0004315,Train
LOT-0004316,Train
LOT-0004317,Train
LOT-0004318,Test (Temporal)
LOT-0004319,Train
LOT-0004320,Train
LOT-0004321,Train
LOT-0004322,Train
LOT-0004323,Train
LOT-0004324,Train
LOT-0004325,Train
LOT-0004326,Train
LOT-0004327,Train
LOT-0004328,Train
LOT-0004329,Train
LOT-0004330,Train
LOT-0004331,Train
LOT-0004332,Train
LOT-0004333,Train
LOT-0004334,Train
LOT-0004335,Train
LOT-0004336,Train
LOT-0004337,Train
LOT-0004338,Train
LOT-0004339,Train
LOT-0004340,Train
LOT-0004341,Train
LOT-0004342,Train
LOT-0004343,Train
LOT-0004344,Train
LOT-0004345,Train
LOT-0004346,Train
LOT-0004347,Train
LOT-0004348,Train
LOT-0004349,Train
LOT-0004350,Train
LOT-0004351,Train
LOT-0004352,Train
LOT-0004353,Test (Temporal)
LOT-0004354,Train
LOT-0004355,Train
LOT-0004356,Train
LOT-0004357,Train
LOT-0004358,Test (Temporal)
LOT-0004359,Test (Temporal)
LOT-0004360,Train
LOT-0004361,Train
LOT-0004362,Train
LOT-0004363,Train
LOT-0004364,Train
LOT-0004365,Train
LOT-0004366,Train
LOT-0004367,Train
LOT-0004368,Test (Temporal)
LOT-0004369,Train
LOT-0004370,Train
LOT-0004371,Train
LOT-0004372,Train
LOT-0004373,Test (Temporal)
LOT-0004374,Train
LOT-0004375,Train
LOT-0004376,Train
LOT-0004377,Train
LOT-0004378,Train
LOT-0004379,Train
LOT-0004380,Train
LOT-0004381,Train
LOT-0004382,Train
LOT-0004383,Train
LOT-0004384,Train
LOT-0004385,Train
LOT-0004386,Test (Temporal)
LOT-0004387,Test (Temporal)
LOT-0004388,Test (Temporal)
LOT-0004389,Train
LOT-0004390,Test (Temporal)
LOT-0004391,Train
LOT-0004392,Train
LOT-0004393,Train
LOT-0004394,Train
LOT-0004395,Train
LOT-0004396,Train
LOT-0004397,Test (Temporal)
LOT-0004398,Test (Temporal)
LOT-0004399,Train
LOT-0004400,Train
LOT-0004401,Train
LOT-0004402,Test (Temporal)
LOT-0004403,Train
LOT-0004404,Train
LOT-0004405,Train
LOT-0004406,Train
LOT-0004407,Train
LOT-0004408,Train
LOT-0004409,Train
LOT-0004410,Train
LOT-0004411,Train
LOT-0004412,Test (Temporal)
LOT-0004413,Train
LOT-0004414,Train
LOT-0004415,Train
LOT-0004416,Train
LOT-0004417,Test (Temporal)
LOT-0004418,Train
LOT-0004419,Train
LOT-0004420,Test (Temporal)
LOT-0004421,Train
LOT-0004422,Train
LOT-0004423,Train
LOT-0004424,Train
LOT-0004425,Test (Temporal)
LOT-0004426,Test (Temporal)
LOT-0004427,Train
LOT-0004428,Train
LOT-0004429,Train
LOT-0004430,Test (Temporal)
LOT-0004431,Train
LOT-0004432,Train
LOT-0004433,Train
LOT-0004434,Train
LOT-0004435,Train
LOT-0004436,Test (Temporal)
LOT-0004437,Test (Temporal)
LOT-0004438,Train
LOT-0004439,Train
LOT-0004440,Train
LOT-0004441,Train
LOT-0004442,Train
LOT-0004443,Test (Temporal)
LOT-0004444,Train
LOT-0004445,Train
LOT-0004446,Train
LOT-0004447,Train
LOT-0004448,Train
LOT-0004449,Train
LOT-0004450,Train
LOT-0004451,Test (Temporal)
LOT-0004452,Train
LOT-0004453,Train
LOT-0004454,Test (Temporal)
LOT-0004455,Train
LOT-0004456,Train
LOT-0004457,Train
LOT-0004458,Train
LOT-0004459,Train
LOT-0004460,Train
LOT-0004461,Train
LOT-0004462,Test (Temporal)
LOT-0004463,Test (Temporal)
LOT-0004464,Train
LOT-0004465,Test (Temporal)
LOT-0004466,Train
LOT-0004467,Train
LOT-0004468,Train
LOT-0004469,Train
LOT-0004470,Train
LOT-0004471,Train
LOT-0004472,Train
LOT-0004473,Train
LOT-0004474,Train
LOT-0004475,Train
LOT-0004476,Train
LOT-0004477,Train
LOT-0004478,Train
LOT-0004479,Train
LOT-0004480,Train
LOT-0004481,Train
LOT-0004482,Train
LOT-0004483,Train
LOT-0004484,Test (Temporal)
LOT-0004485,Train
LOT-0004486,Train
LOT-0004487,Train
LOT-0004488,Train
LOT-0004489,Train
LOT-0004490,Test (Temporal)
LOT-0004491,Train
LOT-0004492,Train
LOT-0004493,Train
LOT-0004494,Train
LOT-0004495,Train
LOT-0004496,Train
LOT-0004497,Train
LOT-0004498,Train
LOT-0004499,Test (Temporal)
LOT-0004500,Train
LOT-0004501,Train
LOT-0004502,Train
LOT-0004503,Train
LOT-0004504,Train
LOT-0004505,Train
LOT-0004506,Train
LOT-0004507,Train
LOT-0004508,Train
LOT-0004509,Train
LOT-0004510,Train
LOT-0004511,Train
LOT-0004512,Train
LOT-0004513,Train
LOT-0004514,Test (Temporal)
LOT-0004515,Train
LOT-0004516,Train
LOT-0004517,Train
LOT-0004518,Train
LOT-0004519,Train
LOT-0004520,Train
LOT-0004521,Train
LOT-0004522,Train
LOT-0004523,Test (Temporal)
LOT-0004524,Train
LOT-0004525,Train
LOT-0004526,Train
LOT-0004527,Train
LOT-0004528,Train
LOT-0004529,Train
LOT-0004530,Test (Temporal)
LOT-0004531,Train
LOT-0004532,Train
LOT-0004533,Test (Temporal)
LOT-0004534,Train
LOT-0004535,Train
LOT-0004536,Train
LOT-0004537,Train
LOT-0004538,Train
LOT-0004539,Test (Temporal)
LOT-0004540,Train
LOT-0004541,Train
LOT-0004542,Train
LOT-0004543,Train
LOT-0004544,Train
LOT-0004545,Train
LOT-0004546,Test (Temporal)
LOT-0004547,Train
LOT-0004548,Train
LOT-0004549,Test (Temporal)
LOT-0004550,Train
LOT-0004551,Train
LOT-0004552,Test (Temporal)
LOT-0004553,Train
LOT-0004554,Train
LOT-0004555,Train
LOT-0004556,Test (Temporal)
LOT-0004557,Train
LOT-0004558,Train
LOT-0004559,Train
LOT-0004560,Train
LOT-0004561,Train
LOT-0004562,Train
LOT-0004563,Train
LOT-0004564,Test (Temporal)
LOT-0004565,Train
LOT-0004566,Train
LOT-0004567,Train
LOT-0004568,Train
LOT-0004569,Train
LOT-0004570,Train
LOT-0004571,Train
LOT-0004572,Train
LOT-0004573,Train
LOT-0004574,Test (Temporal)
LOT-0004575,Train
LOT-0004576,Train
LOT-0004577,Train
LOT-0004578,Train
LOT-0004579,Train
LOT-0004580,Train
LOT-0004581,Train
LOT-0004582,Train
LOT-0004583,Test (Temporal)
LOT-0004584,Train
LOT-0004585,Train
LOT-0004586,Train
LOT-0004587,Train
LOT-0004588,Train
LOT-0004589,Train
LOT-0004590,Train
LOT-0004591,Train
LOT-0004592,Test (Temporal)
LOT-0004593,Train
LOT-0004594,Test (Temporal)
LOT-0004595,Train
LOT-0004596,Train
LOT-0004597,Train
LOT-0004598,Train
LOT-0004599,Train
LOT-0004600,Train
LOT-0004601,Train
LOT-0004602,Train
LOT-0004603,Train
LOT-0004604,Train
LOT-0004605,Train
LOT-0004606,Train
LOT-0004607,Train
LOT-0004608,Train
LOT-0004609,Train
LOT-0004610,Train
LOT-0004611,Train
LOT-0004612,Train
LOT-0004613,Test (Temporal)
LOT-0004614,Train
LOT-0004615,Train
LOT-0004616,Train
LOT-0004617,Train
LOT-0004618,Train
LOT-0004619,Test (Temporal)
LOT-0004620,Test (Temporal)
LOT-0004621,Test (Temporal)
LOT-0004622,Train
LOT-0004623,Train
LOT-0004624,Train
LOT-0004625,Train
LOT-0004626,Train
LOT-0004627,Train
LOT-0004628,Train
LOT-0004629,Train
LOT-0004630,Train
LOT-0004631,Train
LOT-0004632,Train
LOT-0004633,Train
LOT-0004634,Test (Temporal)
LOT-0004635,Train
LOT-0004636,Train
LOT-0004637,Test (Temporal)
LOT-0004638,Train
LOT-0004639,Train
LOT-0004640,Train
LOT-0004641,Train
LOT-0004642,Train
LOT-0004643,Test (Temporal)
LOT-0004644,Test (Temporal)
LOT-0004645,Test (Temporal)
LOT-0004646,Train
LOT-0004647,Train
LOT-0004648,Train
LOT-0004649,Train
LOT-0004650,Train
LOT-0004651,Train
LOT-0004652,Train
LOT-0004653,Train
LOT-0004654,Train
LOT-0004655,Train
LOT-0004656,Train
LOT-0004657,Test (Temporal)
LOT-0004658,Train
LOT-0004659,Train
LOT-0004660,Train
LOT-0004661,Test (Temporal)
LOT-0004662,Train
LOT-0004663,Train
LOT-0004664,Train
LOT-0004665,Train
LOT-0004666,Train
LOT-0004667,Train
LOT-0004668,Test (Temporal)
LOT-0004669,Train
LOT-0004670,Test (Temporal)
LOT-0004671,Train
LOT-0004672,Train
LOT-0004673,Test (Temporal)
LOT-0004674,Train
LOT-0004675,Train
LOT-0004676,Train
LOT-0004677,Train
LOT-0004678,Test (Temporal)
LOT-0004679,Train
LOT-0004680,Train
LOT-0004681,Train
LOT-0004682,Train
LOT-0004683,Train
LOT-0004684,Train
LOT-0004685,Train
LOT-0004686,Train
LOT-0004687,Train
LOT-0004688,Train
LOT-0004689,Train
LOT-0004690,Train
LOT-0004691,Train
LOT-0004692,Train
LOT-0004693,Train
LOT-0004694,Train
LOT-0004695,Train
LOT-0004696,Train
LOT-0004697,Train
LOT-0004698,Train
LOT-0004699,Train
LOT-0004700,Train
LOT-0004701,Test (Temporal)
LOT-0004702,Train
LOT-0004703,Train
LOT-0004704,Train
LOT-0004705,Train
LOT-0004706,Train
LOT-0004707,Train
LOT-0004708,Train
LOT-0004709,Train
LOT-0004710,Train
LOT-0004711,Train
LOT-0004712,Train
LOT-0004713,Train
LOT-0004714,Train
LOT-0004715,Train
LOT-0004716,Test (Temporal)
LOT-0004717,Train
LOT-0004718,Train
LOT-0004719,Train
LOT-0004720,Test (Temporal)
LOT-0004721,Train
LOT-0004722,Test (Temporal)
LOT-0004723,Train
LOT-0004724,Train
LOT-0004725,Train
LOT-0004726,Train
LOT-0004727,Train
LOT-0004728,Train
LOT-0004729,Test (Temporal)
LOT-0004730,Train
LOT-0004731,Train
LOT-0004732,Train
LOT-0004733,Test (Temporal)
LOT-0004734,Train
LOT-0004735,Test (Temporal)
LOT-0004736,Train
LOT-0004737,Train
LOT-0004738,Train
LOT-0004739,Train
LOT-0004740,Test (Temporal)
LOT-0004741,Train
LOT-0004742,Train
LOT-0004743,Train
LOT-0004744,Train
LOT-0004745,Test (Temporal)
LOT-0004746,Train
LOT-0004747,Train
LOT-0004748,Train
LOT-0004749,Train
LOT-0004750,Train
LOT-0004751,Train
LOT-0004752,Train
LOT-0004753,Train
LOT-0004754,Train
LOT-0004755,Train
LOT-0004756,Train
LOT-0004757,Train
LOT-0004758,Train
LOT-0004759,Train
LOT-0004760,Train
LOT-0004761,Train
LOT-0004762,Train
LOT-0004763,Train
LOT-0004764,Train
LOT-0004765,Train
LOT-0004766,Train
LOT-0004767,Train
LOT-0004768,Train
LOT-0004769,Train
LOT-0004770,Train
LOT-0004771,Train
LOT-0004772,Train
LOT-0004773,Train
LOT-0004774,Test (Temporal)
LOT-0004775,Train
LOT-0004776,Train
LOT-0004777,Train
LOT-0004778,Train
LOT-0004779,Train
LOT-0004780,Train
LOT-0004781,Train
LOT-0004782,Test (Temporal)
LOT-0004783,Train
LOT-0004784,Test (Temporal)
LOT-0004785,Train
LOT-0004786,Train
LOT-0004787,Train
LOT-0004788,Train
LOT-0004789,Test (Temporal)
LOT-0004790,Train
LOT-0004791,Train
LOT-0004792,Train
LOT-0004793,Train
LOT-0004794,Train
LOT-0004795,Train
LOT-0004796,Train
LOT-0004797,Train
LOT-0004798,Train
LOT-0004799,Train
LOT-0004800,Test (Temporal)
LOT-0004801,Train
LOT-0004802,Test (Temporal)
LOT-0004803,Train
LOT-0004804,Train
LOT-0004805,Train
LOT-0004806,Train
LOT-0004807,Train
LOT-0004808,Test (Temporal)
LOT-0004809,Train
LOT-0004810,Train
LOT-0004811,Train
LOT-0004812,Train
LOT-0004813,Test (Temporal)
LOT-0004814,Train
LOT-0004815,Train
LOT-0004816,Train
LOT-0004817,Test (Temporal)
LOT-0004818,Train
LOT-0004819,Train
LOT-0004820,Test (Temporal)
LOT-0004821,Train
LOT-0004822,Test (Temporal)
LOT-0004823,Train
LOT-0004824,Train
LOT-0004825,Train
LOT-0004826,Train
LOT-0004827,Train
LOT-0004828,Train
LOT-0004829,Train
LOT-0004830,Train
LOT-0004831,Test (Temporal)
LOT-0004832,Train
LOT-0004833,Train
LOT-0004834,Train
LOT-0004835,Train
LOT-0004836,Train
LOT-0004837,Test (Temporal)
LOT-0004838,Test (Temporal)
LOT-0004839,Train
LOT-0004840,Train
LOT-0004841,Train
LOT-0004842,Train
LOT-0004843,Train
LOT-0004844,Train
LOT-0004845,Train
LOT-0004846,Train
LOT-0004847,Test (Temporal)
LOT-0004848,Train
LOT-0004849,Train
LOT-0004850,Train
LOT-0004851,Test (Temporal)
LOT-0004852,Train
LOT-0004853,Train
LOT-0004854,Train
LOT-0004855,Train
LOT-0004856,Train
LOT-0004857,Train
LOT-0004858,Train
LOT-0004859,Test (Temporal)
LOT-0004860,Train
LOT-0004861,Train
LOT-0004862,Train
LOT-0004863,Train
LOT-0004864,Train
LOT-0004865,Test (Temporal)
LOT-0004866,Train
LOT-0004867,Train
LOT-0004868,Train
LOT-0004869,Train
LOT-0004870,Train
LOT-0004871,Train
LOT-0004872,Train
LOT-0004873,Train
LOT-0004874,Test (Temporal)
LOT-0004875,Test (Temporal)
LOT-0004876,Train
LOT-0004877,Train
LOT-0004878,Train
LOT-0004879,Train
LOT-0004880,Train
LOT-0004881,Train
LOT-0004882,Test (Temporal)
LOT-0004883,Train
LOT-0004884,Train
LOT-0004885,Test (Temporal)
LOT-0004886,Train
LOT-0004887,Test (Temporal)
LOT-0004888,Test (Temporal)
LOT-0004889,Train
LOT-0004890,Train
LOT-0004891,Train
LOT-0004892,Train
LOT-0004893,Train
LOT-0004894,Train
LOT-0004895,Train
LOT-0004896,Train
LOT-0004897,Train
LOT-0004898,Test (Temporal)
LOT-0004899,Train
LOT-0004900,Train
LOT-0004901,Train
LOT-0004902,Train
LOT-0004903,Train
LOT-0004904,Train
LOT-0004905,Train
LOT-0004906,Train
LOT-0004907,Train
LOT-0004908,Test (Temporal)
LOT-0004909,Train
LOT-0004910,Test (Temporal)
LOT-0004911,Test (Temporal)
LOT-0004912,Train
LOT-0004913,Test (Temporal)
LOT-0004914,Train
LOT-0004915,Train
LOT-0004916,Train
LOT-0004917,Test (Temporal)
LOT-0004918,Train
LOT-0004919,Test (Temporal)
LOT-0004920,Train
LOT-0004921,Train
LOT-0004922,Train
LOT-0004923,Train
LOT-0004924,Train
LOT-0004925,Train
LOT-0004926,Test (Temporal)
LOT-0004927,Train
LOT-0004928,Train
LOT-0004929,Train
LOT-0004930,Train
LOT-0004931,Train
LOT-0004932,Train
LOT-0004933,Train
LOT-0004934,Train
LOT-0004935,Train
LOT-0004936,Train
LOT-0004937,Test (Temporal)
LOT-0004938,Train
LOT-0004939,Test (Temporal)
LOT-0004940,Train
LOT-0004941,Train
LOT-0004942,Train
LOT-0004943,Train
LOT-0004944,Train
LOT-0004945,Train
LOT-0004946,Train
LOT-0004947,Train
LOT-0004948,Train
LOT-0004949,Train
LOT-0004950,Train
LOT-0004951,Train
LOT-0004952,Train
LOT-0004953,Test (Temporal)
LOT-0004954,Test (Temporal)
LOT-0004955,Train
LOT-0004956,Train
LOT-0004957,Train
LOT-0004958,Train
LOT-0004959,Train
LOT-0004960,Train
LOT-0004961,Test (Temporal)
LOT-0004962,Test (Temporal)
LOT-0004963,Train
LOT-0004964,Train
LOT-0004965,Test (Temporal)
LOT-0004966,Train
LOT-0004967,Train
LOT-0004968,Train
LOT-0004969,Train
LOT-0004970,Train
LOT-0004971,Train
LOT-0004972,Train
LOT-0004973,Test (Temporal)
LOT-0004974,Train
LOT-0004975,Train
LOT-0004976,Train
LOT-0004977,Train
LOT-0004978,Test (Temporal)
LOT-0004979,Train
LOT-0004980,Train
LOT-0004981,Train
LOT-0004982,Test (Temporal)
LOT-0004983,Test (Temporal)
LOT-0004984,Train
LOT-0004985,Train
LOT-0004986,Test (Temporal)
LOT-0004987,Train
LOT-0004988,Train
LOT-0004989,Train
LOT-0004990,Train
LOT-0004991,Train
LOT-0004992,Train
LOT-0004993,Train
LOT-0004994,Train
LOT-0004995,Train
LOT-0004996,Test (Temporal)
LOT-0004997,Train
LOT-0004998,Train
LOT-0004999,Train
LOT-0005000,Train
LOT-0005001,Train
LOT-0005002,Train
LOT-0005003,Train
LOT-0005004,Train
LOT-0005005,Train
LOT-0005006,Train
LOT-0005007,Train
LOT-0005008,Train
LOT-0005009,Train
LOT-0005010,Train
LOT-0005011,Train
LOT-0005012,Train
LOT-0005013,Train
LOT-0005014,Train
LOT-0005015,Train
LOT-0005016,Train
LOT-0005017,Train
LOT-0005018,Train
LOT-0005019,Train
LOT-0005020,Train
LOT-0005021,Test (Temporal)
LOT-0005022,Train
LOT-0005023,Train
LOT-0005024,Train
LOT-0005025,Train
LOT-0005026,Train
LOT-0005027,Train
LOT-0005028,Train
LOT-0005029,Train
LOT-0005030,Test (Temporal)
LOT-0005031,Train
LOT-0005032,Train
LOT-0005033,Train
LOT-0005034,Train
LOT-0005035,Train
LOT-0005036,Train
LOT-0005037,Train
LOT-0005038,Train
LOT-0005039,Train
LOT-0005040,Train
LOT-0005041,Test (Temporal)
LOT-0005042,Train
LOT-0005043,Train
LOT-0005044,Test (Temporal)
LOT-0005045,Test (Temporal)
LOT-0005046,Train
LOT-0005047,Train
LOT-0005048,Train
LOT-0005049,Test (Temporal)
LOT-0005050,Train
LOT-0005051,Train
LOT-0005052,Train
LOT-0005053,Test (Temporal)
LOT-0005054,Test (Temporal)
LOT-0005055,Train
LOT-0005056,Train
LOT-0005057,Train
LOT-0005058,Test (Temporal)
LOT-0005059,Train
LOT-0005060,Train
LOT-0005061,Train
LOT-0005062,Train
LOT-0005063,Train
LOT-0005064,Train
LOT-0005065,Train
LOT-0005066,Train
LOT-0005067,Train
LOT-0005068,Train
LOT-0005069,Test (Temporal)
LOT-0005070,Train
LOT-0005071,Train
LOT-0005072,Train
LOT-0005073,Train
LOT-0005074,Train
LOT-0005075,Train
LOT-0005076,Test (Temporal)
LOT-0005077,Train
LOT-0005078,Train
LOT-0005079,Train
LOT-0005080,Train
LOT-0005081,Train
LOT-0005082,Train
LOT-0005083,Train
LOT-0005084,Test (Temporal)
LOT-0005085,Test (Temporal)
LOT-0005086,Test (Temporal)
LOT-0005087,Test (Temporal)
LOT-0005088,Train
LOT-0005089,Train
LOT-0005090,Train
LOT-0005091,Train
LOT-0005092,Train
LOT-0005093,Train
LOT-0005094,Test (Temporal)
LOT-0005095,Train
LOT-0005096,Train
LOT-0005097,Train
LOT-0005098,Train
LOT-0005099,Train
LOT-0005100,Train
LOT-0005101,Train
LOT-0005102,Train
LOT-0005103,Train
LOT-0005104,Train
LOT-0005105,Train
LOT-0005106,Test (Temporal)
LOT-0005107,Train
LOT-0005108,Train
LOT-0005109,Train
LOT-0005110,Train
LOT-0005111,Train
LOT-0005112,Train
LOT-0005113,Train
LOT-0005114,Train
LOT-0005115,Train
LOT-0005116,Train
LOT-0005117,Test (Temporal)
LOT-0005118,Train
LOT-0005119,Train
LOT-0005120,Train
LOT-0005121,Train
LOT-0005122,Test (Temporal)
LOT-0005123,Test (Temporal)
LOT-0005124,Train
LOT-0005125,Train
LOT-0005126,Train
LOT-0005127,Train
LOT-0005128,Train
LOT-0005129,Train
LOT-0005130,Train
LOT-0005131,Test (Temporal)
LOT-0005132,Train
LOT-0005133,Train
LOT-0005134,Train
LOT-0005135,Train
LOT-0005136,Train
LOT-0005137,Train
LOT-0005138,Train
LOT-0005139,Train
LOT-0005140,Train
LOT-0005141,Train
LOT-0005142,Train
LOT-0005143,Test (Temporal)
LOT-0005144,Test (Temporal)
LOT-0005145,Train
LOT-0005146,Train
LOT-0005147,Test (Temporal)
LOT-0005148,Train
LOT-0005149,Train
LOT-0005150,Test (Temporal)
LOT-0005151,Test (Temporal)
LOT-0005152,Train
LOT-0005153,Test (Temporal)
LOT-0005154,Train
LOT-0005155,Train
LOT-0005156,Train
LOT-0005157,Test (Temporal)
LOT-0005158,Train
LOT-0005159,Train
LOT-0005160,Test (Temporal)
LOT-0005161,Test (Temporal)
LOT-0005162,Train
LOT-0005163,Test (Temporal)
LOT-0005164,Train
LOT-0005165,Train
LOT-0005166,Train
LOT-0005167,Train
LOT-0005168,Train
LOT-0005169,Train
LOT-0005170,Train
LOT-0005171,Train
LOT-0005172,Test (Temporal)
LOT-0005173,Train
LOT-0005174,Train
LOT-0005175,Test (Temporal)
LOT-0005176,Train
LOT-0005177,Train
LOT-0005178,Train
LOT-0005179,Train
LOT-0005180,Train
LOT-0005181,Test (Temporal)
LOT-0005182,Train
LOT-0005183,Test (Temporal)
LOT-0005184,Train
LOT-0005185,Train
LOT-0005186,Train
LOT-0005187,Train
LOT-0005188,Train
LOT-0005189,Train
LOT-0005190,Train
LOT-0005191,Train
LOT-0005192,Train
LOT-0005193,Train
LOT-0005194,Train
LOT-0005195,Train
LOT-0005196,Train
LOT-0005197,Train
LOT-0005198,Train
LOT-0005199,Train
LOT-0005200,Train
LOT-0005201,Train
LOT-0005202,Train
LOT-0005203,Train
LOT-0005204,Train
LOT-0005205,Train
LOT-0005206,Train
LOT-0005207,Train
LOT-0005208,Train
LOT-0005209,Train
LOT-0005210,Train
LOT-0005211,Train
LOT-0005212,Train
LOT-0005213,Train
LOT-0005214,Test (Temporal)
LOT-0005215,Train
LOT-0005216,Train
LOT-0005217,Train
LOT-0005218,Test (Temporal)
LOT-0005219,Train
LOT-0005220,Train
LOT-0005221,Train
LOT-0005222,Train
LOT-0005223,Train
LOT-0005224,Train
LOT-0005225,Train
LOT-0005226,Train
LOT-0005227,Test (Temporal)
LOT-0005228,Train
LOT-0005229,Train
LOT-0005230,Train
LOT-0005231,Train
LOT-0005232,Train
LOT-0005233,Train
LOT-0005234,Train
LOT-0005235,Train
LOT-0005236,Train
LOT-0005237,Test (Temporal)
LOT-0005238,Train
LOT-0005239,Train
LOT-0005240,Train
LOT-0005241,Train
LOT-0005242,Train
LOT-0005243,Train
LOT-0005244,Train
LOT-0005245,Train
LOT-0005246,Train
LOT-0005247,Test (Temporal)
LOT-0005248,Test (Temporal)
LOT-0005249,Train
LOT-0005250,Train
LOT-0005251,Test (Temporal)
LOT-0005252,Test (Temporal)
LOT-0005253,Train
LOT-0005254,Train
LOT-0005255,Test (Temporal)
LOT-0005256,Test (Temporal)
LOT-0005257,Train
LOT-0005258,Train
LOT-0005259,Train
LOT-0005260,Train
LOT-0005261,Train
LOT-0005262,Train
LOT-0005263,Train
LOT-0005264,Train
LOT-0005265,Train
LOT-0005266,Test (Temporal)
LOT-0005267,Train
LOT-0005268,Train
LOT-0005269,Train
LOT-0005270,Train
LOT-0005271,Train
LOT-0005272,Train
LOT-0005273,Train
LOT-0005274,Train
LOT-0005275,Train
LOT-0005276,Train
LOT-0005277,Train
LOT-0005278,Train
LOT-0005279,Train
LOT-0005280,Train
LOT-0005281,Train
LOT-0005282,Train
LOT-0005283,Test (Temporal)
LOT-0005284,Test (Temporal)
LOT-0005285,Train
LOT-0005286,Train
LOT-0005287,Train
LOT-0005288,Train
LOT-0005289,Train
LOT-0005290,Test (Temporal)
LOT-0005291,Train
LOT-0005292,Train
LOT-0005293,Test (Temporal)
LOT-0005294,Train
LOT-0005295,Train
LOT-0005296,Train
LOT-0005297,Train
LOT-0005298,Train
LOT-0005299,Train
LOT-0005300,Train
LOT-0005301,Train
LOT-0005302,Train
LOT-0005303,Train
LOT-0005304,Test (Temporal)
LOT-0005305,Train
LOT-0005306,Train
LOT-0005307,Train
LOT-0005308,Train
LOT-0005309,Train
LOT-0005310,Train
LOT-0005311,Train
LOT-0005312,Train
LOT-0005313,Test (Temporal)
LOT-0005314,Train
LOT-0005315,Train
LOT-0005316,Train
LOT-0005317,Test (Temporal)
LOT-0005318,Train
LOT-0005319,Train
LOT-0005320,Train
LOT-0005321,Train
LOT-0005322,Train
LOT-0005323,Train
LOT-0005324,Train
LOT-0005325,Train
LOT-0005326,Train
LOT-0005327,Train
LOT-0005328,Train
LOT-0005329,Train
LOT-0005330,Train
LOT-0005331,Train
LOT-0005332,Test (Temporal)
LOT-0005333,Train
LOT-0005334,Test (Temporal)
LOT-0005335,Train
LOT-0005336,Train
LOT-0005337,Train
LOT-0005338,Test (Temporal)
LOT-0005339,Test (Temporal)
LOT-0005340,Train
LOT-0005341,Train
LOT-0005342,Train
LOT-0005343,Train
LOT-0005344,Test (Temporal)
LOT-0005345,Train
LOT-0005346,Train
LOT-0005347,Train
LOT-0005348,Train
LOT-0005349,Train
LOT-0005350,Test (Temporal)
LOT-0005351,Train
LOT-0005352,Train
LOT-0005353,Test (Temporal)
LOT-0005354,Train
LOT-0005355,Train
LOT-0005356,Train
LOT-0005357,Test (Temporal)
LOT-0005358,Train
LOT-0005359,Train
LOT-0005360,Train
LOT-0005361,Train
LOT-0005362,Train
LOT-0005363,Train
LOT-0005364,Train
LOT-0005365,Train
LOT-0005366,Train
LOT-0005367,Train
LOT-0005368,Train
LOT-0005369,Train
LOT-0005370,Train
LOT-0005371,Test (Temporal)
LOT-0005372,Train
LOT-0005373,Train
LOT-0005374,Train
LOT-0005375,Test (Temporal)
LOT-0005376,Train
LOT-0005377,Test (Temporal)
LOT-0005378,Train
LOT-0005379,Test (Temporal)
LOT-0005380,Train
LOT-0005381,Train
LOT-0005382,Train
LOT-0005383,Train
LOT-0005384,Train
LOT-0005385,Test (Temporal)
LOT-0005386,Train
LOT-0005387,Train
LOT-0005388,Train
LOT-0005389,Train
LOT-0005390,Train
LOT-0005391,Test (Temporal)
LOT-0005392,Test (Temporal)
LOT-0005393,Train
LOT-0005394,Train
LOT-0005395,Train
LOT-0005396,Train
LOT-0005397,Train
LOT-0005398,Train
LOT-0005399,Train
LOT-0005400,Train
LOT-0005401,Train
LOT-0005402,Train
LOT-0005403,Train
LOT-0005404,Train
LOT-0005405,Train
LOT-0005406,Train
LOT-0005407,Train
LOT-0005408,Train
LOT-0005409,Train
LOT-0005410,Train
LOT-0005411,Train
LOT-0005412,Train
LOT-0005413,Train
LOT-0005414,Train
LOT-0005415,Train
LOT-0005416,Train
LOT-0005417,Train
LOT-0005418,Train
LOT-0005419,Train
LOT-0005420,Train
LOT-0005421,Train
LOT-0005422,Train
LOT-0005423,Train
LOT-0005424,Train
LOT-0005425,Train
LOT-0005426,Train
LOT-0005427,Train
LOT-0005428,Train
LOT-0005429,Train
LOT-0005430,Train
LOT-0005431,Train
LOT-0005432,Train
LOT-0005433,Train
LOT-0005434,Train
LOT-0005435,Test (Temporal)
LOT-0005436,Train
LOT-0005437,Train
LOT-0005438,Train
LOT-0005439,Train
LOT-0005440,Test (Temporal)
LOT-0005441,Train
LOT-0005442,Train
LOT-0005443,Train
LOT-0005444,Train
LOT-0005445,Train
LOT-0005446,Train
LOT-0005447,Test (Temporal)
LOT-0005448,Train
LOT-0005449,Train
LOT-0005450,Train
LOT-0005451,Train
LOT-0005452,Train
LOT-0005453,Train
LOT-0005454,Train
LOT-0005455,Train
LOT-0005456,Train
LOT-0005457,Train
LOT-0005458,Train
LOT-0005459,Train
LOT-0005460,Train
LOT-0005461,Train
LOT-0005462,Train
LOT-0005463,Train
LOT-0005464,Train
LOT-0005465,Train
LOT-0005466,Train
LOT-0005467,Train
LOT-0005468,Train
LOT-0005469,Train
LOT-0005470,Train
LOT-0005471,Train
LOT-0005472,Test (Temporal)
LOT-0005473,Train
LOT-0005474,Train
LOT-0005475,Train
LOT-0005476,Train
LOT-0005477,Train
LOT-0005478,Train
LOT-0005479,Train
LOT-0005480,Train
LOT-0005481,Train
LOT-0005482,Train
LOT-0005483,Train
LOT-0005484,Train
LOT-0005485,Train
LOT-0005486,Train
LOT-0005487,Train
LOT-0005488,Train
LOT-0005489,Train
LOT-0005490,Train
LOT-0005491,Train
LOT-0005492,Test (Temporal)
LOT-0005493,Train
LOT-0005494,Train
LOT-0005495,Train
LOT-0005496,Test (Temporal)
LOT-0005497,Train
LOT-0005498,Train
LOT-0005499,Train
LOT-0005500,Train
LOT-0005501,Test (Temporal)
LOT-0005502,Train
LOT-0005503,Train
LOT-0005504,Train
LOT-0005505,Test (Temporal)
LOT-0005506,Train
LOT-0005507,Train
LOT-0005508,Train
LOT-0005509,Train
LOT-0005510,Test (Temporal)
LOT-0005511,Train
LOT-0005512,Train
LOT-0005513,Train
LOT-0005514,Train
LOT-0005515,Train
LOT-0005516,Train
LOT-0005517,Train
LOT-0005518,Train
LOT-0005519,Test (Temporal)
LOT-0005520,Train
LOT-0005521,Train
LOT-0005522,Train
LOT-0005523,Train
LOT-0005524,Train
LOT-0005525,Train
LOT-0005526,Test (Temporal)
LOT-0005527,Train
LOT-0005528,Test (Temporal)
LOT-0005529,Test (Temporal)
LOT-0005530,Train
LOT-0005531,Train
LOT-0005532,Train
LOT-0005533,Train
LOT-0005534,Test (Temporal)
LOT-0005535,Train
LOT-0005536,Train
LOT-0005537,Train
LOT-0005538,Train
LOT-0005539,Train
LOT-0005540,Train
LOT-0005541,Train
LOT-0005542,Train
LOT-0005543,Train
LOT-0005544,Train
LOT-0005545,Test (Temporal)
LOT-0005546,Test (Temporal)
LOT-0005547,Train
LOT-0005548,Train
LOT-0005549,Train
LOT-0005550,Train
LOT-0005551,Train
LOT-0005552,Test (Temporal)
LOT-0005553,Train
LOT-0005554,Test (Temporal)
LOT-0005555,Train
LOT-0005556,Test (Temporal)
LOT-0005557,Train
LOT-0005558,Train
LOT-0005559,Train
LOT-0005560,Train
LOT-0005561,Train
LOT-0005562,Train
LOT-0005563,Test (Temporal)
LOT-0005564,Train
LOT-0005565,Train
LOT-0005566,Train
LOT-0005567,Train
LOT-0005568,Train
LOT-0005569,Test (Temporal)
LOT-0005570,Train
LOT-0005571,Test (Temporal)
LOT-0005572,Train
LOT-0005573,Train
LOT-0005574,Train
LOT-0005575,Train
LOT-0005576,Train
LOT-0005577,Train
LOT-0005578,Train
LOT-0005579,Train
LOT-0005580,Train
LOT-0005581,Test (Temporal)
LOT-0005582,Train
LOT-0005583,Train
LOT-0005584,Test (Temporal)
LOT-0005585,Train
LOT-0005586,Train
LOT-0005587,Train
LOT-0005588,Train
LOT-0005589,Train
LOT-0005590,Train
LOT-0005591,Train
LOT-0005592,Train
LOT-0005593,Train
LOT-0005594,Train
LOT-0005595,Train
LOT-0005596,Train
LOT-0005597,Train
LOT-0005598,Train
LOT-0005599,Train
LOT-0005600,Train
LOT-0005601,Train
LOT-0005602,Train
LOT-0005603,Train
LOT-0005604,Train
LOT-0005605,Test (Temporal)
LOT-0005606,Train
LOT-0005607,Train
LOT-0005608,Train
LOT-0005609,Train
LOT-0005610,Test (Temporal)
LOT-0005611,Train
LOT-0005612,Test (Temporal)
LOT-0005613,Test (Temporal)
LOT-0005614,Train
LOT-0005615,Train
LOT-0005616,Train
LOT-0005617,Train
LOT-0005618,Train
LOT-0005619,Train
LOT-0005620,Train
LOT-0005621,Train
LOT-0005622,Train
LOT-0005623,Train
LOT-0005624,Train
LOT-0005625,Train
LOT-0005626,Train
LOT-0005627,Train
LOT-0005628,Train
LOT-0005629,Train
LOT-0005630,Train
LOT-0005631,Train
LOT-0005632,Train
LOT-0005633,Train
LOT-0005634,Train
LOT-0005635,Test (Temporal)
LOT-0005636,Train
LOT-0005637,Train
LOT-0005638,Train
LOT-0005639,Train
LOT-0005640,Test (Temporal)
LOT-0005641,Test (Temporal)
LOT-0005642,Train
LOT-0005643,Train
LOT-0005644,Train
LOT-0005645,Train
LOT-0005646,Train
LOT-0005647,Train
LOT-0005648,Train
LOT-0005649,Train
LOT-0005650,Train
LOT-0005651,Train
LOT-0005652,Train
LOT-0005653,Train
LOT-0005654,Train
LOT-0005655,Train
LOT-0005656,Train
LOT-0005657,Train
LOT-0005658,Train
LOT-0005659,Train
LOT-0005660,Test (Temporal)
LOT-0005661,Train
LOT-0005662,Train
LOT-0005663,Train
LOT-0005664,Train
LOT-0005665,Train
LOT-0005666,Train
LOT-0005667,Train
LOT-0005668,Test (Temporal)
LOT-0005669,Train
LOT-0005670,Test (Temporal)
LOT-0005671,Train
LOT-0005672,Train
LOT-0005673,Train
LOT-0005674,Train
LOT-0005675,Train
LOT-0005676,Train
LOT-0005677,Train
LOT-0005678,Train
LOT-0005679,Test (Temporal)
LOT-0005680,Train
LOT-0005681,Train
LOT-0005682,Train
LOT-0005683,Train
LOT-0005684,Train
LOT-0005685,Train
LOT-0005686,Train
LOT-0005687,Train
LOT-0005688,Train
LOT-0005689,Train
LOT-0005690,Train
LOT-0005691,Train
LOT-0005692,Test (Temporal)
LOT-0005693,Train
LOT-0005694,Train
LOT-0005695,Train
LOT-0005696,Train
LOT-0005697,Train
LOT-0005698,Train
LOT-0005699,Train
LOT-0005700,Train
LOT-0005701,Train
LOT-0005702,Train
LOT-0005703,Train
LOT-0005704,Train
LOT-0005705,Train
LOT-0005706,Train
LOT-0005707,Train
LOT-0005708,Train
LOT-0005709,Train
LOT-0005710,Test (Temporal)
LOT-0005711,Train
LOT-0005712,Train
LOT-0005713,Train
LOT-0005714,Train
LOT-0005715,Train
LOT-0005716,Test (Temporal)
LOT-0005717,Train
LOT-0005718,Train
LOT-0005719,Test (Temporal)
LOT-0005720,Train
LOT-0005721,Train
LOT-0005722,Train
LOT-0005723,Train
LOT-0005724,Train
LOT-0005725,Train
LOT-0005726,Train
LOT-0005727,Train
LOT-0005728,Train
LOT-0005729,Train
LOT-0005730,Train
LOT-0005731,Train
LOT-0005732,Train
LOT-0005733,Test (Temporal)
LOT-0005734,Test (Temporal)
LOT-0005735,Test (Temporal)
LOT-0005736,Train
LOT-0005737,Test (Temporal)
LOT-0005738,Train
LOT-0005739,Train
LOT-0005740,Train
LOT-0005741,Train
LOT-0005742,Train
LOT-0005743,Test (Temporal)
LOT-0005744,Train
LOT-0005745,Train
LOT-0005746,Train
LOT-0005747,Train
LOT-0005748,Train
LOT-0005749,Train
LOT-0005750,Train
LOT-0005751,Test (Temporal)
LOT-0005752,Train
LOT-0005753,Test (Temporal)
LOT-0005754,Train
LOT-0005755,Train
LOT-0005756,Train
LOT-0005757,Train
LOT-0005758,Test (Temporal)
LOT-0005759,Train
LOT-0005760,Train
LOT-0005761,Train
LOT-0005762,Train
LOT-0005763,Train
LOT-0005764,Train
LOT-0005765,Train
LOT-0005766,Test (Temporal)
LOT-0005767,Train
LOT-0005768,Train
LOT-0005769,Train
LOT-0005770,Train
LOT-0005771,Train
LOT-0005772,Train
LOT-0005773,Train
LOT-0005774,Test (Temporal)
LOT-0005775,Train
LOT-0005776,Train
LOT-0005777,Train
LOT-0005778,Train
LOT-0005779,Train
LOT-0005780,Train
LOT-0005781,Train
LOT-0005782,Train
LOT-0005783,Train
LOT-0005784,Train
LOT-0005785,Train
LOT-0005786,Test (Temporal)
LOT-0005787,Test (Temporal)
LOT-0005788,Train
LOT-0005789,Test (Temporal)
LOT-0005790,Train
LOT-0005791,Train
LOT-0005792,Train
LOT-0005793,Train
LOT-0005794,Train
LOT-0005795,Train
LOT-0005796,Train
LOT-0005797,Train
LOT-0005798,Train
LOT-0005799,Train
LOT-0005800,Train
LOT-0005801,Train
LOT-0005802,Train
LOT-0005803,Train
LOT-0005804,Train
LOT-0005805,Train
LOT-0005806,Train
LOT-0005807,Train
LOT-0005808,Train
LOT-0005809,Train
LOT-0005810,Train
LOT-0005811,Train
LOT-0005812,Train
LOT-0005813,Train
LOT-0005814,Test (Temporal)
LOT-0005815,Train
LOT-0005816,Train
LOT-0005817,Train
LOT-0005818,Train
LOT-0005819,Train
LOT-0005820,Train
LOT-0005821,Train
LOT-0005822,Test (Temporal)
LOT-0005823,Train
LOT-0005824,Train
LOT-0005825,Train
LOT-0005826,Train
LOT-0005827,Train
LOT-0005828,Train
LOT-0005829,Train
LOT-0005830,Train
LOT-0005831,Train
LOT-0005832,Train
LOT-0005833,Train
LOT-0005834,Test (Temporal)
LOT-0005835,Train
LOT-0005836,Train
LOT-0005837,Train
LOT-0005838,Train
LOT-0005839,Train
LOT-0005840,Train
LOT-0005841,Train
LOT-0005842,Train
LOT-0005843,Train
LOT-0005844,Train
LOT-0005845,Train
LOT-0005846,Train
LOT-0005847,Train
LOT-0005848,Train
LOT-0005849,Test (Temporal)
LOT-0005850,Train
LOT-0005851,Train
LOT-0005852,Train
LOT-0005853,Train
LOT-0005854,Train
LOT-0005855,Train
LOT-0005856,Train
LOT-0005857,Train
LOT-0005858,Train
LOT-0005859,Train
LOT-0005860,Test (Temporal)
LOT-0005861,Train
LOT-0005862,Train
LOT-0005863,Train
LOT-0005864,Train
LOT-0005865,Train
LOT-0005866,Train
LOT-0005867,Train
LOT-0005868,Train
LOT-0005869,Train
LOT-0005870,Train
LOT-0005871,Train
LOT-0005872,Test (Temporal)
LOT-0005873,Train
LOT-0005874,Train
LOT-0005875,Train
LOT-0005876,Train
LOT-0005877,Train
LOT-0005878,Train
LOT-0005879,Train
LOT-0005880,Train
LOT-0005881,Train
LOT-0005882,Train
LOT-0005883,Train
LOT-0005884,Train
LOT-0005885,Train
LOT-0005886,Train
LOT-0005887,Train
LOT-0005888,Train
LOT-0005889,Train
LOT-0005890,Train
LOT-0005891,Test (Temporal)
LOT-0005892,Train
LOT-0005893,Train
LOT-0005894,Train
LOT-0005895,Train
LOT-0005896,Train
LOT-0005897,Train
LOT-0005898,Train
LOT-0005899,Train
LOT-0005900,Train
LOT-0005901,Train
LOT-0005902,Train
LOT-0005903,Train
LOT-0005904,Train
LOT-0005905,Train
LOT-0005906,Train
LOT-0005907,Train
LOT-0005908,Test (Temporal)
LOT-0005909,Train
LOT-0005910,Train
LOT-0005911,Train
LOT-0005912,Train
LOT-0005913,Train
LOT-0005914,Train
LOT-0005915,Test (Temporal)
LOT-0005916,Train
LOT-0005917,Train
LOT-0005918,Train
LOT-0005919,Train
LOT-0005920,Train
LOT-0005921,Train
LOT-0005922,Train
LOT-0005923,Train
LOT-0005924,Train
LOT-0005925,Train
LOT-0005926,Train
LOT-0005927,Train
LOT-0005928,Train
LOT-0005929,Train
LOT-0005930,Train
LOT-0005931,Train
LOT-0005932,Train
LOT-0005933,Train
LOT-0005934,Test (Temporal)
LOT-0005935,Test (Temporal)
LOT-0005936,Train
LOT-0005937,Train
LOT-0005938,Train
LOT-0005939,Train
LOT-0005940,Train
LOT-0005941,Train
LOT-0005942,Test (Temporal)
LOT-0005943,Train
LOT-0005944,Train
LOT-0005945,Train
LOT-0005946,Test (Temporal)
LOT-0005947,Train
LOT-0005948,Test (Temporal)
LOT-0005949,Train
LOT-0005950,Train
LOT-0005951,Train
LOT-0005952,Test (Temporal)
LOT-0005953,Train
LOT-0005954,Train
LOT-0005955,Train
LOT-0005956,Train
LOT-0005957,Train
LOT-0005958,Test (Temporal)
LOT-0005959,Train
LOT-0005960,Train
LOT-0005961,Train
LOT-0005962,Test (Temporal)
LOT-0005963,Train
LOT-0005964,Test (Temporal)
LOT-0005965,Train
LOT-0005966,Train
LOT-0005967,Train
LOT-0005968,Train
LOT-0005969,Train
LOT-0005970,Train
LOT-0005971,Test (Temporal)
LOT-0005972,Train
LOT-0005973,Train
LOT-0005974,Train
LOT-0005975,Train
LOT-0005976,Test (Temporal)
LOT-0005977,Train
LOT-0005978,Train
LOT-0005979,Train
LOT-0005980,Train
LOT-0005981,Train
LOT-0005982,Train
LOT-0005983,Train
LOT-0005984,Train
LOT-0005985,Train
LOT-0005986,Train
LOT-0005987,Train
LOT-0005988,Test (Temporal)
LOT-0005989,Train
LOT-0005990,Train
LOT-0005991,Train
LOT-0005992,Train
LOT-0005993,Train
LOT-0005994,Test (Temporal)
LOT-0005995,Test (Temporal)
LOT-0005996,Train
LOT-0005997,Train
LOT-0005998,Train
LOT-0005999,Train
LOT-0006000,Test (Temporal)
LOT-0006001,Test (Temporal)
LOT-0006002,Train
LOT-0006003,Train
LOT-0006004,Train
LOT-0006005,Train
LOT-0006006,Train
LOT-0006007,Train
LOT-0006008,Train
LOT-0006009,Test (Temporal)
LOT-0006010,Train
LOT-0006011,Train
LOT-0006012,Train
LOT-0006013,Train
LOT-0006014,Train
LOT-0006015,Train
LOT-0006016,Train
LOT-0006017,Train
LOT-0006018,Train
LOT-0006019,Train
LOT-0006020,Train
LOT-0006021,Train
LOT-0006022,Train
LOT-0006023,Train
LOT-0006024,Train
LOT-0006025,Train
LOT-0006026,Test (Temporal)
LOT-0006027,Train
LOT-0006028,Train
LOT-0006029,Train
LOT-0006030,Train
LOT-0006031,Train
LOT-0006032,Train
LOT-0006033,Test (Temporal)
LOT-0006034,Test (Temporal)
LOT-0006035,Train
LOT-0006036,Train
LOT-0006037,Train
LOT-0006038,Test (Temporal)
LOT-0006039,Test (Temporal)
LOT-0006040,Train
LOT-0006041,Train
LOT-0006042,Train
LOT-0006043,Train
LOT-0006044,Train
LOT-0006045,Train
LOT-0006046,Train
LOT-0006047,Test (Temporal)
LOT-0006048,Train
LOT-0006049,Train
LOT-0006050,Train
LOT-0006051,Train
LOT-0006052,Train
LOT-0006053,Train
LOT-0006054,Train
LOT-0006055,Train
LOT-0006056,Test (Temporal)
LOT-0006057,Train
LOT-0006058,Train
LOT-0006059,Train
LOT-0006060,Train
LOT-0006061,Train
LOT-0006062,Test (Temporal)
LOT-0006063,Train
LOT-0006064,Train
LOT-0006065,Train
LOT-0006066,Train
LOT-0006067,Train
LOT-0006068,Train
LOT-0006069,Train
LOT-0006070,Train
LOT-0006071,Train
LOT-0006072,Train
LOT-0006073,Train
LOT-0006074,Test (Temporal)
LOT-0006075,Train
LOT-0006076,Train
LOT-0006077,Train
LOT-0006078,Train
LOT-0006079,Train
LOT-0006080,Train
LOT-0006081,Train
LOT-0006082,Train
LOT-0006083,Train
LOT-0006084,Train
LOT-0006085,Train
LOT-0006086,Train
LOT-0006087,Train
LOT-0006088,Train
LOT-0006089,Test (Temporal)
LOT-0006090,Test (Temporal)
LOT-0006091,Train
LOT-0006092,Train
LOT-0006093,Train
LOT-0006094,Train
LOT-0006095,Train
LOT-0006096,Train
LOT-0006097,Train
LOT-0006098,Train
LOT-0006099,Train
LOT-0006100,Train
LOT-0006101,Train
LOT-0006102,Train
LOT-0006103,Train
LOT-0006104,Train
LOT-0006105,Test (Temporal)
LOT-0006106,Train
LOT-0006107,Train
LOT-0006108,Train
LOT-0006109,Test (Temporal)
LOT-0006110,Train
LOT-0006111,Train
LOT-0006112,Train
LOT-0006113,Train
LOT-0006114,Test (Temporal)
LOT-0006115,Test (Temporal)
LOT-0006116,Train
LOT-0006117,Train
LOT-0006118,Train
LOT-0006119,Train
LOT-0006120,Train
LOT-0006121,Train
LOT-0006122,Train
LOT-0006123,Train
LOT-0006124,Train
LOT-0006125,Train
LOT-0006126,Train
LOT-0006127,Test (Temporal)
LOT-0006128,Test (Temporal)
LOT-0006129,Test (Temporal)
LOT-0006130,Train
LOT-0006131,Test (Temporal)
LOT-0006132,Test (Temporal)
LOT-0006133,Train
LOT-0006134,Train
LOT-0006135,Train
LOT-0006136,Train
LOT-0006137,Train
LOT-0006138,Test (Temporal)
LOT-0006139,Train
LOT-0006140,Train
LOT-0006141,Test (Temporal)
LOT-0006142,Train
LOT-0006143,Train
LOT-0006144,Test (Temporal)
LOT-0006145,Train
LOT-0006146,Train
LOT-0006147,Train
LOT-0006148,Train
LOT-0006149,Train
LOT-0006150,Train
LOT-0006151,Train
LOT-0006152,Train
LOT-0006153,Train
LOT-0006154,Test (Temporal)
LOT-0006155,Train
LOT-0006156,Train
LOT-0006157,Train
LOT-0006158,Train
LOT-0006159,Train
LOT-0006160,Train
LOT-0006161,Train
LOT-0006162,Train
LOT-0006163,Test (Temporal)
LOT-0006164,Train
LOT-0006165,Train
LOT-0006166,Train
LOT-0006167,Test (Temporal)
LOT-0006168,Train
LOT-0006169,Train
LOT-0006170,Train
LOT-0006171,Train
LOT-0006172,Train
LOT-0006173,Train
LOT-0006174,Train
LOT-0006175,Train
LOT-0006176,Train
LOT-0006177,Test (Temporal)
LOT-0006178,Train
LOT-0006179,Train
LOT-0006180,Train
LOT-0006181,Train
LOT-0006182,Train
LOT-0006183,Test (Temporal)
LOT-0006184,Train
LOT-0006185,Train
LOT-0006186,Train
LOT-0006187,Test (Temporal)
LOT-0006188,Test (Temporal)
LOT-0006189,Test (Temporal)
LOT-0006190,Train
LOT-0006191,Train
LOT-0006192,Train
LOT-0006193,Train
LOT-0006194,Train
LOT-0006195,Train
LOT-0006196,Test (Temporal)
LOT-0006197,Test (Temporal)
LOT-0006198,Train
LOT-0006199,Train
LOT-0006200,Train
LOT-0006201,Train
LOT-0006202,Train
LOT-0006203,Train
LOT-0006204,Train
LOT-0006205,Train
LOT-0006206,Train
LOT-0006207,Test (Temporal)
LOT-0006208,Train
LOT-0006209,Train
LOT-0006210,Test (Temporal)
LOT-0006211,Train
LOT-0006212,Train
LOT-0006213,Train
LOT-0006214,Train
LOT-0006215,Train
LOT-0006216,Test (Temporal)
LOT-0006217,Train
LOT-0006218,Test (Temporal)
LOT-0006219,Train
LOT-0006220,Train
LOT-0006221,Train
LOT-0006222,Test (Temporal)
LOT-0006223,Train
LOT-0006224,Train
LOT-0006225,Train
LOT-0006226,Train
LOT-0006227,Test (Temporal)
LOT-0006228,Train
LOT-0006229,Train
LOT-0006230,Test (Temporal)
LOT-0006231,Train
LOT-0006232,Train
LOT-0006233,Train
LOT-0006234,Train
LOT-0006235,Test (Temporal)
LOT-0006236,Train
LOT-0006237,Train
LOT-0006238,Train
LOT-0006239,Train
LOT-0006240,Train
LOT-0006241,Train
LOT-0006242,Train
LOT-0006243,Train
LOT-0006244,Train
LOT-0006245,Train
LOT-0006246,Train
LOT-0006247,Train
LOT-0006248,Train
LOT-0006249,Test (Temporal)
LOT-0006250,Test (Temporal)
LOT-0006251,Test (Temporal)
LOT-0006252,Train
LOT-0006253,Train
LOT-0006254,Train
LOT-0006255,Train
LOT-0006256,Train
LOT-0006257,Train
LOT-0006258,Train
LOT-0006259,Train
LOT-0006260,Test (Temporal)
LOT-0006261,Train
LOT-0006262,Test (Temporal)
LOT-0006263,Train
LOT-0006264,Train
LOT-0006265,Train
LOT-0006266,Test (Temporal)
LOT-0006267,Test (Temporal)
LOT-0006268,Train
LOT-0006269,Train
LOT-0006270,Train
LOT-0006271,Test (Temporal)
LOT-0006272,Test (Temporal)
LOT-0006273,Train
LOT-0006274,Train
LOT-0006275,Train
LOT-0006276,Test (Temporal)
LOT-0006277,Train
LOT-0006278,Train
LOT-0006279,Train
LOT-0006280,Train
LOT-0006281,Train
LOT-0006282,Train
LOT-0006283,Train
LOT-0006284,Train
LOT-0006285,Test (Temporal)
LOT-0006286,Test (Temporal)
LOT-0006287,Train
LOT-0006288,Train
LOT-0006289,Train
LOT-0006290,Train
LOT-0006291,Train
LOT-0006292,Train
LOT-0006293,Train
LOT-0006294,Train
LOT-0006295,Train
LOT-0006296,Train
LOT-0006297,Train
LOT-0006298,Test (Temporal)
LOT-0006299,Train
LOT-0006300,Train
LOT-0006301,Train
LOT-0006302,Train
LOT-0006303,Test (Temporal)
LOT-0006304,Train
LOT-0006305,Train
LOT-0006306,Train
LOT-0006307,Train
LOT-0006308,Train
LOT-0006309,Train
LOT-0006310,Test (Temporal)
LOT-0006311,Test (Temporal)
LOT-0006312,Train
LOT-0006313,Test (Temporal)
LOT-0006314,Train
LOT-0006315,Train
LOT-0006316,Train
LOT-0006317,Train
LOT-0006318,Train
LOT-0006319,Train
LOT-0006320,Train
LOT-0006321,Test (Temporal)
LOT-0006322,Train
LOT-0006323,Train
LOT-0006324,Train
LOT-0006325,Train
LOT-0006326,Train
LOT-0006327,Train
LOT-0006328,Train
LOT-0006329,Train
LOT-0006330,Train
LOT-0006331,Test (Temporal)
LOT-0006332,Train
LOT-0006333,Train
LOT-0006334,Train
LOT-0006335,Train
LOT-0006336,Train
LOT-0006337,Test (Temporal)
LOT-0006338,Test (Temporal)
LOT-0006339,Train
LOT-0006340,Train
LOT-0006341,Train
LOT-0006342,Train
LOT-0006343,Train
LOT-0006344,Train
LOT-0006345,Train
LOT-0006346,Train
LOT-0006347,Train
LOT-0006348,Test (Temporal)
LOT-0006349,Train
LOT-0006350,Train
LOT-0006351,Train
LOT-0006352,Test (Temporal)
LOT-0006353,Train
LOT-0006354,Train
LOT-0006355,Train
LOT-0006356,Train
LOT-0006357,Test (Temporal)
LOT-0006358,Train
LOT-0006359,Train
LOT-0006360,Train
LOT-0006361,Train
LOT-0006362,Test (Temporal)
LOT-0006363,Train
LOT-0006364,Train
LOT-0006365,Train
LOT-0006366,Train
LOT-0006367,Train
LOT-0006368,Train
LOT-0006369,Train
LOT-0006370,Train
LOT-0006371,Train
LOT-0006372,Train
LOT-0006373,Train
LOT-0006374,Train
LOT-0006375,Train
LOT-0006376,Train
LOT-0006377,Train
LOT-0006378,Train
LOT-0006379,Train
LOT-0006380,Train
LOT-0006381,Train
LOT-0006382,Train
LOT-0006383,Train
LOT-0006384,Train
LOT-0006385,Train
LOT-0006386,Train
LOT-0006387,Train
LOT-0006388,Train
LOT-0006389,Test (Temporal)
LOT-0006390,Train
LOT-0006391,Train
LOT-0006392,Train
LOT-0006393,Train
LOT-0006394,Train
LOT-0006395,Train
LOT-0006396,Test (Temporal)
LOT-0006397,Train
LOT-0006398,Train
LOT-0006399,Train
LOT-0006400,Train
LOT-0006401,Train
LOT-0006402,Train
LOT-0006403,Test (Temporal)
LOT-0006404,Train
LOT-0006405,Train
LOT-0006406,Train
LOT-0006407,Train
LOT-0006408,Train
LOT-0006409,Train
LOT-0006410,Test (Temporal)
LOT-0006411,Test (Temporal)
LOT-0006412,Train
LOT-0006413,Train
LOT-0006414,Train
LOT-0006415,Train
LOT-0006416,Train
LOT-0006417,Train
LOT-0006418,Train
LOT-0006419,Train
LOT-0006420,Test (Temporal)
LOT-0006421,Train
LOT-0006422,Train
LOT-0006423,Train
LOT-0006424,Train
LOT-0006425,Train
LOT-0006426,Test (Temporal)
LOT-0006427,Train
LOT-0006428,Train
LOT-0006429,Train
LOT-0006430,Train
LOT-0006431,Train
LOT-0006432,Test (Temporal)
LOT-0006433,Train
LOT-0006434,Train
LOT-0006435,Train
LOT-0006436,Train
LOT-0006437,Train
LOT-0006438,Train
LOT-0006439,Train
LOT-0006440,Train
LOT-0006441,Train
LOT-0006442,Train
LOT-0006443,Train
LOT-0006444,Test (Temporal)
LOT-0006445,Train
LOT-0006446,Train
LOT-0006447,Train
LOT-0006448,Train
LOT-0006449,Train
LOT-0006450,Train
LOT-0006451,Train
LOT-0006452,Train
LOT-0006453,Train
LOT-0006454,Train
LOT-0006455,Train
LOT-0006456,Test (Temporal)
LOT-0006457,Train
LOT-0006458,Train
LOT-0006459,Train
LOT-0006460,Test (Temporal)
LOT-0006461,Train
LOT-0006462,Train
LOT-0006463,Train
LOT-0006464,Train
LOT-0006465,Train
LOT-0006466,Train
LOT-0006467,Train
LOT-0006468,Test (Temporal)
LOT-0006469,Train
LOT-0006470,Train
LOT-0006471,Test (Temporal)
LOT-0006472,Train
LOT-0006473,Test (Temporal)
LOT-0006474,Train
LOT-0006475,Train
LOT-0006476,Train
LOT-0006477,Train
LOT-0006478,Train
LOT-0006479,Train
LOT-0006480,Train
LOT-0006481,Train
LOT-0006482,Train
LOT-0006483,Test (Temporal)
LOT-0006484,Train
LOT-0006485,Train
LOT-0006486,Train
LOT-0006487,Train
LOT-0006488,Train
LOT-0006489,Train
LOT-0006490,Train
LOT-0006491,Train
LOT-0006492,Train
LOT-0006493,Train
LOT-0006494,Train
LOT-0006495,Train
LOT-0006496,Train
LOT-0006497,Train
LOT-0006498,Train
LOT-0006499,Test (Temporal)
LOT-0006500,Test (Temporal)
LOT-0006501,Train
LOT-0006502,Train
LOT-0006503,Train
LOT-0006504,Train
LOT-0006505,Train
LOT-0006506,Train
LOT-0006507,Train
LOT-0006508,Train
LOT-0006509,Train
LOT-0006510,Train
LOT-0006511,Train
LOT-0006512,Train
LOT-0006513,Test (Temporal)
LOT-0006514,Train
LOT-0006515,Test (Temporal)
LOT-0006516,Train
LOT-0006517,Test (Temporal)
LOT-0006518,Test (Temporal)
LOT-0006519,Test (Temporal)
LOT-0006520,Train
LOT-0006521,Test (Temporal)
LOT-0006522,Train
LOT-0006523,Train
LOT-0006524,Train
LOT-0006525,Train
LOT-0006526,Train
LOT-0006527,Train
LOT-0006528,Train
LOT-0006529,Train
LOT-0006530,Train
LOT-0006531,Train
LOT-0006532,Train
LOT-0006533,Train
LOT-0006534,Train
LOT-0006535,Train
LOT-0006536,Train
LOT-0006537,Train
LOT-0006538,Train
LOT-0006539,Train
LOT-0006540,Train
LOT-0006541,Test (Temporal)
LOT-0006542,Train
LOT-0006543,Train
LOT-0006544,Train
LOT-0006545,Train
LOT-0006546,Train
LOT-0006547,Train
LOT-0006548,Train
LOT-0006549,Test (Temporal)
LOT-0006550,Test (Temporal)
LOT-0006551,Train
LOT-0006552,Train
LOT-0006553,Train
LOT-0006554,Train
LOT-0006555,Train
LOT-0006556,Train
LOT-0006557,Train
LOT-0006558,Train
LOT-0006559,Train
LOT-0006560,Test (Temporal)
LOT-0006561,Test (Temporal)
LOT-0006562,Train
LOT-0006563,Train
LOT-0006564,Test (Temporal)
LOT-0006565,Test (Temporal)
LOT-0006566,Train
LOT-0006567,Train
LOT-0006568,Train
LOT-0006569,Train
LOT-0006570,Train
LOT-0006571,Train
LOT-0006572,Train
LOT-0006573,Train
LOT-0006574,Train
LOT-0006575,Test (Temporal)
LOT-0006576,Train
LOT-0006577,Train
LOT-0006578,Train
LOT-0006579,Train
LOT-0006580,Train
LOT-0006581,Train
LOT-0006582,Test (Temporal)
LOT-0006583,Train
LOT-0006584,Train
LOT-0006585,Train
LOT-0006586,Test (Temporal)
LOT-0006587,Train
LOT-0006588,Train
LOT-0006589,Test (Temporal)
LOT-0006590,Train
LOT-0006591,Train
LOT-0006592,Train
LOT-0006593,Train
LOT-0006594,Train
LOT-0006595,Train
LOT-0006596,Train
LOT-0006597,Train
LOT-0006598,Train
LOT-0006599,Test (Temporal)
LOT-0006600,Train
LOT-0006601,Train
LOT-0006602,Test (Temporal)
LOT-0006603,Train
LOT-0006604,Train
LOT-0006605,Train
LOT-0006606,Train
LOT-0006607,Train
LOT-0006608,Train
LOT-0006609,Train
LOT-0006610,Train
LOT-0006611,Test (Temporal)
LOT-0006612,Train
LOT-0006613,Test (Temporal)
LOT-0006614,Train
LOT-0006615,Train
LOT-0006616,Train
LOT-0006617,Train
LOT-0006618,Train
LOT-0006619,Train
LOT-0006620,Train
LOT-0006621,Train
LOT-0006622,Train
LOT-0006623,Train
LOT-0006624,Train
LOT-0006625,Train
LOT-0006626,Train
LOT-0006627,Train
LOT-0006628,Test (Temporal)
LOT-0006629,Test (Temporal)
LOT-0006630,Test (Temporal)
LOT-0006631,Train
LOT-0006632,Train
LOT-0006633,Train
LOT-0006634,Train
LOT-0006635,Train
LOT-0006636,Train
LOT-0006637,Train
LOT-0006638,Train
LOT-0006639,Train
LOT-0006640,Train
LOT-0006641,Train
LOT-0006642,Train
LOT-0006643,Train
LOT-0006644,Test (Temporal)
LOT-0006645,Test (Temporal)
LOT-0006646,Test (Temporal)
LOT-0006647,Train
LOT-0006648,Train
LOT-0006649,Train
LOT-0006650,Train
LOT-0006651,Train
LOT-0006652,Test (Temporal)
LOT-0006653,Test (Temporal)
LOT-0006654,Train
LOT-0006655,Train
LOT-0006656,Train
LOT-0006657,Train
LOT-0006658,Train
LOT-0006659,Train
LOT-0006660,Train
LOT-0006661,Train
LOT-0006662,Test (Temporal)
LOT-0006663,Train
LOT-0006664,Train
LOT-0006665,Train
LOT-0006666,Train
LOT-0006667,Test (Temporal)
LOT-0006668,Test (Temporal)
LOT-0006669,Train
LOT-0006670,Train
LOT-0006671,Train
LOT-0006672,Test (Temporal)
LOT-0006673,Train
LOT-0006674,Train
LOT-0006675,Train
LOT-0006676,Test (Temporal)
LOT-0006677,Train
LOT-0006678,Train
LOT-0006679,Train
LOT-0006680,Train
LOT-0006681,Train
LOT-0006682,Train
LOT-0006683,Train
LOT-0006684,Test (Temporal)
LOT-0006685,Train
LOT-0006686,Train
LOT-0006687,Train
LOT-0006688,Train
LOT-0006689,Train
LOT-0006690,Train
LOT-0006691,Train
LOT-0006692,Train
LOT-0006693,Train
LOT-0006694,Train
LOT-0006695,Train
LOT-0006696,Test (Temporal)
LOT-0006697,Train
LOT-0006698,Train
LOT-0006699,Train
LOT-0006700,Train
LOT-0006701,Test (Temporal)
LOT-0006702,Train
LOT-0006703,Train
LOT-0006704,Train
LOT-0006705,Train
LOT-0006706,Train
LOT-0006707,Train
LOT-0006708,Train
LOT-0006709,Train
LOT-0006710,Train
LOT-0006711,Train
LOT-0006712,Train
LOT-0006713,Train
LOT-0006714,Train
LOT-0006715,Train
LOT-0006716,Train
LOT-0006717,Train
LOT-0006718,Train
LOT-0006719,Train
LOT-0006720,Train
LOT-0006721,Train
LOT-0006722,Test (Temporal)
LOT-0006723,Train
LOT-0006724,Train
LOT-0006725,Train
LOT-0006726,Train
LOT-0006727,Test (Temporal)
LOT-0006728,Train
LOT-0006729,Train
LOT-0006730,Test (Temporal)
LOT-0006731,Test (Temporal)
LOT-0006732,Train
LOT-0006733,Train
LOT-0006734,Test (Temporal)
LOT-0006735,Train
LOT-0006736,Test (Temporal)
LOT-0006737,Train
LOT-0006738,Train
LOT-0006739,Train
LOT-0006740,Train
LOT-0006741,Train
LOT-0006742,Test (Temporal)
LOT-0006743,Train
LOT-0006744,Train
LOT-0006745,Train
LOT-0006746,Train
LOT-0006747,Train
LOT-0006748,Train
LOT-0006749,Train
LOT-0006750,Train
LOT-0006751,Train
LOT-0006752,Train
LOT-0006753,Train
LOT-0006754,Train
LOT-0006755,Train
LOT-0006756,Test (Temporal)
LOT-0006757,Test (Temporal)
LOT-0006758,Test (Temporal)
LOT-0006759,Train
LOT-0006760,Train
LOT-0006761,Train
LOT-0006762,Train
LOT-0006763,Test (Temporal)
LOT-0006764,Test (Temporal)
LOT-0006765,Train
LOT-0006766,Train
LOT-0006767,Train
LOT-0006768,Train
LOT-0006769,Train
LOT-0006770,Train
LOT-0006771,Train
LOT-0006772,Train
LOT-0006773,Train
LOT-0006774,Train
LOT-0006775,Train
LOT-0006776,Train
LOT-0006777,Train
LOT-0006778,Test (Temporal)
LOT-0006779,Train
LOT-0006780,Test (Temporal)
LOT-0006781,Test (Temporal)
LOT-0006782,Train
LOT-0006783,Train
LOT-0006784,Train
LOT-0006785,Train
LOT-0006786,Train
LOT-0006787,Test (Temporal)
LOT-0006788,Train
LOT-0006789,Train
LOT-0006790,Train
LOT-0006791,Train
LOT-0006792,Train
LOT-0006793,Train
LOT-0006794,Train
LOT-0006795,Train
LOT-0006796,Test (Temporal)
LOT-0006797,Train
LOT-0006798,Train
LOT-0006799,Train
LOT-0006800,Train
LOT-0006801,Test (Temporal)
LOT-0006802,Train
LOT-0006803,Train
LOT-0006804,Train
LOT-0006805,Test (Temporal)
LOT-0006806,Train
LOT-0006807,Test (Temporal)
LOT-0006808,Train
LOT-0006809,Train
LOT-0006810,Test (Temporal)
LOT-0006811,Train
LOT-0006812,Test (Temporal)
LOT-0006813,Train
LOT-0006814,Train
LOT-0006815,Train
LOT-0006816,Train
LOT-0006817,Train
LOT-0006818,Train
LOT-0006819,Train
LOT-0006820,Test (Temporal)
LOT-0006821,Train
LOT-0006822,Train
LOT-0006823,Test (Temporal)
LOT-0006824,Train
LOT-0006825,Train
LOT-0006826,Train
LOT-0006827,Test (Temporal)
LOT-0006828,Test (Temporal)
LOT-0006829,Train
LOT-0006830,Train
LOT-0006831,Train
LOT-0006832,Train
LOT-0006833,Train
LOT-0006834,Train
LOT-0006835,Train
LOT-0006836,Test (Temporal)
LOT-0006837,Test (Temporal)
LOT-0006838,Train
LOT-0006839,Train
LOT-0006840,Test (Temporal)
LOT-0006841,Train
LOT-0006842,Train
LOT-0006843,Train
LOT-0006844,Train
LOT-0006845,Train
LOT-0006846,Train
LOT-0006847,Train
LOT-0006848,Train
LOT-0006849,Train
LOT-0006850,Train
LOT-0006851,Train
LOT-0006852,Train
LOT-0006853,Train
LOT-0006854,Train
LOT-0006855,Train
LOT-0006856,Train
LOT-0006857,Test (Temporal)
LOT-0006858,Train
LOT-0006859,Train
LOT-0006860,Train
LOT-0006861,Train
LOT-0006862,Train
LOT-0006863,Test (Temporal)
LOT-0006864,Train
LOT-0006865,Train
LOT-0006866,Train
LOT-0006867,Train
LOT-0006868,Test (Temporal)
LOT-0006869,Train
LOT-0006870,Train
LOT-0006871,Test (Temporal)
LOT-0006872,Train
LOT-0006873,Train
LOT-0006874,Train
LOT-0006875,Train
LOT-0006876,Train
LOT-0006877,Train
LOT-0006878,Test (Temporal)
LOT-0006879,Train
LOT-0006880,Train
LOT-0006881,Train
LOT-0006882,Test (Temporal)
LOT-0006883,Train
LOT-0006884,Train
LOT-0006885,Test (Temporal)
LOT-0006886,Test (Temporal)
LOT-0006887,Train
LOT-0006888,Train
LOT-0006889,Train
LOT-0006890,Train
LOT-0006891,Train
LOT-0006892,Test (Temporal)
LOT-0006893,Train
LOT-0006894,Test (Temporal)
LOT-0006895,Train
LOT-0006896,Train
LOT-0006897,Train
LOT-0006898,Train
LOT-0006899,Train
LOT-0006900,Train
LOT-0006901,Train
LOT-0006902,Train
LOT-0006903,Train
LOT-0006904,Test (Temporal)
LOT-0006905,Train
LOT-0006906,Test (Temporal)
LOT-0006907,Train
LOT-0006908,Train
LOT-0006909,Train
LOT-0006910,Train
LOT-0006911,Train
LOT-0006912,Train
LOT-0006913,Train
LOT-0006914,Train
LOT-0006915,Train
LOT-0006916,Train
LOT-0006917,Train
LOT-0006918,Train
LOT-0006919,Train
LOT-0006920,Train
LOT-0006921,Test (Temporal)
LOT-0006922,Test (Temporal)
LOT-0006923,Train
LOT-0006924,Train
LOT-0006925,Test (Temporal)
LOT-0006926,Train
LOT-0006927,Train
LOT-0006928,Train
LOT-0006929,Train
LOT-0006930,Train
LOT-0006931,Test (Temporal)
LOT-0006932,Train
LOT-0006933,Train
LOT-0006934,Train
LOT-0006935,Train
LOT-0006936,Train
LOT-0006937,Train
LOT-0006938,Train
LOT-0006939,Train
LOT-0006940,Train
LOT-0006941,Train
LOT-0006942,Train
LOT-0006943,Train
LOT-0006944,Train
LOT-0006945,Train
LOT-0006946,Train
LOT-0006947,Train
LOT-0006948,Train
LOT-0006949,Train
LOT-0006950,Train
LOT-0006951,Train
LOT-0006952,Train
LOT-0006953,Train
LOT-0006954,Train
LOT-0006955,Train
LOT-0006956,Train
LOT-0006957,Train
LOT-0006958,Train
LOT-0006959,Train
LOT-0006960,Train
LOT-0006961,Train
LOT-0006962,Train
LOT-0006963,Train
LOT-0006964,Train
LOT-0006965,Train
LOT-0006966,Train
LOT-0006967,Test (Temporal)
LOT-0006968,Train
LOT-0006969,Train
LOT-0006970,Train
LOT-0006971,Test (Temporal)
LOT-0006972,Train
LOT-0006973,Train
LOT-0006974,Train
LOT-0006975,Train
LOT-0006976,Train
LOT-0006977,Test (Temporal)
LOT-0006978,Train
LOT-0006979,Train
LOT-0006980,Train
LOT-0006981,Train
LOT-0006982,Train
LOT-0006983,Train
LOT-0006984,Train
LOT-0006985,Test (Temporal)
LOT-0006986,Train
LOT-0006987,Train
LOT-0006988,Train
LOT-0006989,Test (Temporal)
LOT-0006990,Train
LOT-0006991,Train
LOT-0006992,Train
LOT-0006993,Train
LOT-0006994,Train
LOT-0006995,Train
LOT-0006996,Train
LOT-0006997,Train
LOT-0006998,Train
LOT-0006999,Train
LOT-0007000,Train
LOT-0007001,Train
LOT-0007002,Train
LOT-0007003,Train
LOT-0007004,Train
LOT-0007005,Test (Temporal)
LOT-0007006,Test (Temporal)
LOT-0007007,Train
LOT-0007008,Train
LOT-0007009,Train
LOT-0007010,Train
LOT-0007011,Train
LOT-0007012,Train
LOT-0007013,Train
LOT-0007014,Train
LOT-0007015,Train
LOT-0007016,Train
LOT-0007017,Train
LOT-0007018,Train
LOT-0007019,Train
LOT-0007020,Train
LOT-0007021,Train
LOT-0007022,Train
LOT-0007023,Train
LOT-0007024,Train
LOT-0007025,Train
LOT-0007026,Train
LOT-0007027,Train
LOT-0007028,Train
LOT-0007029,Train
LOT-0007030,Train
LOT-0007031,Train
LOT-0007032,Train
LOT-0007033,Test (Temporal)
LOT-0007034,Train
LOT-0007035,Train
LOT-0007036,Train
LOT-0007037,Train
LOT-0007038,Train
LOT-0007039,Train
LOT-0007040,Train
LOT-0007041,Train
LOT-0007042,Test (Temporal)
LOT-0007043,Train
LOT-0007044,Test (Temporal)
LOT-0007045,Train
LOT-0007046,Train
LOT-0007047,Test (Temporal)
LOT-0007048,Train
LOT-0007049,Train
LOT-0007050,Train
LOT-0007051,Train
LOT-0007052,Train
LOT-0007053,Train
LOT-0007054,Train
LOT-0007055,Train
LOT-0007056,Train
LOT-0007057,Train
LOT-0007058,Train
LOT-0007059,Train
LOT-0007060,Test (Temporal)
LOT-0007061,Test (Temporal)
LOT-0007062,Train
LOT-0007063,Train
LOT-0007064,Train
LOT-0007065,Train
LOT-0007066,Train
LOT-0007067,Test (Temporal)
LOT-0007068,Train
LOT-0007069,Train
LOT-0007070,Train
LOT-0007071,Test (Temporal)
LOT-0007072,Train
LOT-0007073,Train
LOT-0007074,Train
LOT-0007075,Train
LOT-0007076,Train
LOT-0007077,Train
LOT-0007078,Train
LOT-0007079,Test (Temporal)
LOT-0007080,Train
LOT-0007081,Train
LOT-0007082,Train
LOT-0007083,Test (Temporal)
LOT-0007084,Train
LOT-0007085,Train
LOT-0007086,Train
LOT-0007087,Train
LOT-0007088,Train
LOT-0007089,Train
LOT-0007090,Train
LOT-0007091,Train
LOT-0007092,Test (Temporal)
LOT-0007093,Train
LOT-0007094,Test (Temporal)
LOT-0007095,Train
LOT-0007096,Train
LOT-0007097,Train
LOT-0007098,Train
LOT-0007099,Train
LOT-0007100,Train
LOT-0007101,Train
LOT-0007102,Train
LOT-0007103,Train
LOT-0007104,Train
LOT-0007105,Test (Temporal)
LOT-0007106,Train
LOT-0007107,Train
LOT-0007108,Train
LOT-0007109,Train
LOT-0007110,Test (Temporal)
LOT-0007111,Train
LOT-0007112,Train
LOT-0007113,Train
LOT-0007114,Train
LOT-0007115,Train
LOT-0007116,Train
LOT-0007117,Train
LOT-0007118,Test (Temporal)
LOT-0007119,Train
LOT-0007120,Train
LOT-0007121,Train
LOT-0007122,Train
LOT-0007123,Train
LOT-0007124,Test (Temporal)
LOT-0007125,Train
LOT-0007126,Train
LOT-0007127,Train
LOT-0007128,Train
LOT-0007129,Train
LOT-0007130,Train
LOT-0007131,Train
LOT-0007132,Train
LOT-0007133,Train
LOT-0007134,Train
LOT-0007135,Train
LOT-0007136,Train
LOT-0007137,Train
LOT-0007138,Train
LOT-0007139,Train
LOT-0007140,Train
LOT-0007141,Test (Temporal)
LOT-0007142,Train
LOT-0007143,Test (Temporal)
LOT-0007144,Test (Temporal)
LOT-0007145,Train
LOT-0007146,Train
LOT-0007147,Train
LOT-0007148,Train
LOT-0007149,Train
LOT-0007150,Test (Temporal)
LOT-0007151,Test (Temporal)
LOT-0007152,Train
LOT-0007153,Train
LOT-0007154,Test (Temporal)
LOT-0007155,Train
LOT-0007156,Train
LOT-0007157,Train
LOT-0007158,Train
LOT-0007159,Train
LOT-0007160,Train
LOT-0007161,Train
LOT-0007162,Train
LOT-0007163,Train
LOT-0007164,Train
LOT-0007165,Train
LOT-0007166,Train
LOT-0007167,Train
LOT-0007168,Train
LOT-0007169,Train
LOT-0007170,Train
LOT-0007171,Train
LOT-0007172,Train
LOT-0007173,Train
LOT-0007174,Test (Temporal)
LOT-0007175,Train
LOT-0007176,Train
LOT-0007177,Train
LOT-0007178,Train
LOT-0007179,Test (Temporal)
LOT-0007180,Test (Temporal)
LOT-0007181,Train
LOT-0007182,Train
LOT-0007183,Train
LOT-0007184,Train
LOT-0007185,Train
LOT-0007186,Train
LOT-0007187,Train
LOT-0007188,Train
LOT-0007189,Train
LOT-0007190,Train
LOT-0007191,Train
LOT-0007192,Train
LOT-0007193,Train
LOT-0007194,Train
LOT-0007195,Train
LOT-0007196,Test (Temporal)
LOT-0007197,Train
LOT-0007198,Train
LOT-0007199,Train
LOT-0007200,Train
LOT-0007201,Train
LOT-0007202,Test (Temporal)
LOT-0007203,Train
LOT-0007204,Train
LOT-0007205,Train
LOT-0007206,Train
LOT-0007207,Train
LOT-0007208,Train
LOT-0007209,Train
LOT-0007210,Train
LOT-0007211,Train
LOT-0007212,Train
LOT-0007213,Train
LOT-0007214,Train
LOT-0007215,Train
LOT-0007216,Train
LOT-0007217,Train
LOT-0007218,Train
LOT-0007219,Train
LOT-0007220,Train
LOT-0007221,Train
LOT-0007222,Train
LOT-0007223,Train
LOT-0007224,Train
LOT-0007225,Train
LOT-0007226,Train
LOT-0007227,Train
LOT-0007228,Train
LOT-0007229,Train
LOT-0007230,Test (Temporal)
LOT-0007231,Train
LOT-0007232,Train
LOT-0007233,Train
LOT-0007234,Train
LOT-0007235,Train
LOT-0007236,Train
LOT-0007237,Train
LOT-0007238,Test (Temporal)
LOT-0007239,Train
LOT-0007240,Test (Temporal)
LOT-0007241,Train
LOT-0007242,Train
LOT-0007243,Train
LOT-0007244,Train
LOT-0007245,Train
LOT-0007246,Train
LOT-0007247,Train
LOT-0007248,Test (Temporal)
LOT-0007249,Train
LOT-0007250,Train
LOT-0007251,Train
LOT-0007252,Train
LOT-0007253,Train
LOT-0007254,Train
LOT-0007255,Train
LOT-0007256,Train
LOT-0007257,Train
LOT-0007258,Train
LOT-0007259,Train
LOT-0007260,Train
LOT-0007261,Train
LOT-0007262,Train
LOT-0007263,Test (Temporal)
LOT-0007264,Train
LOT-0007265,Train
LOT-0007266,Train
LOT-0007267,Train
LOT-0007268,Train
LOT-0007269,Train
LOT-0007270,Train
LOT-0007271,Train
LOT-0007272,Test (Temporal)
LOT-0007273,Train
LOT-0007274,Train
LOT-0007275,Train
LOT-0007276,Train
LOT-0007277,Train
LOT-0007278,Train
LOT-0007279,Train
LOT-0007280,Train
LOT-0007281,Test (Temporal)
LOT-0007282,Train
LOT-0007283,Test (Temporal)
LOT-0007284,Train
LOT-0007285,Train
LOT-0007286,Train
LOT-0007287,Train
LOT-0007288,Train
LOT-0007289,Train
LOT-0007290,Train
LOT-0007291,Train
LOT-0007292,Train
LOT-0007293,Train
LOT-0007294,Train
LOT-0007295,Train
LOT-0007296,Train
LOT-0007297,Test (Temporal)
LOT-0007298,Train
LOT-0007299,Train
LOT-0007300,Train
LOT-0007301,Train
LOT-0007302,Train
LOT-0007303,Train
LOT-0007304,Train
LOT-0007305,Train
LOT-0007306,Train
LOT-0007307,Train
LOT-0007308,Train
LOT-0007309,Train
LOT-0007310,Train
LOT-0007311,Test (Temporal)
LOT-0007312,Train
LOT-0007313,Test (Temporal)
LOT-0007314,Train
LOT-0007315,Test (Temporal)
LOT-0007316,Train
LOT-0007317,Test (Temporal)
LOT-0007318,Test (Temporal)
LOT-0007319,Train
LOT-0007320,Train
LOT-0007321,Train
LOT-0007322,Train
LOT-0007323,Train
LOT-0007324,Train
LOT-0007325,Train
LOT-0007326,Train
LOT-0007327,Train
LOT-0007328,Train
LOT-0007329,Test (Temporal)
LOT-0007330,Train
LOT-0007331,Test (Temporal)
LOT-0007332,Train
LOT-0007333,Train
LOT-0007334,Train
LOT-0007335,Train
LOT-0007336,Train
LOT-0007337,Test (Temporal)
LOT-0007338,Train
LOT-0007339,Train
LOT-0007340,Train
LOT-0007341,Train
LOT-0007342,Train
LOT-0007343,Test (Temporal)
LOT-0007344,Train
LOT-0007345,Train
LOT-0007346,Train
LOT-0007347,Train
LOT-0007348,Train
LOT-0007349,Train
LOT-0007350,Train
LOT-0007351,Train
LOT-0007352,Train
LOT-0007353,Train
LOT-0007354,Train
LOT-0007355,Train
LOT-0007356,Train
LOT-0007357,Train
LOT-0007358,Train
LOT-0007359,Train
LOT-0007360,Train
LOT-0007361,Train
LOT-0007362,Train
LOT-0007363,Train
LOT-0007364,Train
LOT-0007365,Train
LOT-0007366,Train
LOT-0007367,Train
LOT-0007368,Train
LOT-0007369,Train
LOT-0007370,Train
LOT-0007371,Train
LOT-0007372,Train
LOT-0007373,Train
LOT-0007374,Train
LOT-0007375,Train
LOT-0007376,Train
LOT-0007377,Test (Temporal)
LOT-0007378,Train
LOT-0007379,Train
LOT-0007380,Train
LOT-0007381,Train
LOT-0007382,Train
LOT-0007383,Train
LOT-0007384,Train
LOT-0007385,Train
LOT-0007386,Train
LOT-0007387,Train
LOT-0007388,Train
LOT-0007389,Train
LOT-0007390,Train
LOT-0007391,Train
LOT-0007392,Train
LOT-0007393,Train
LOT-0007394,Train
LOT-0007395,Train
LOT-0007396,Train
LOT-0007397,Train
LOT-0007398,Train
LOT-0007399,Train
LOT-0007400,Train
LOT-0007401,Train
LOT-0007402,Train
LOT-0007403,Train
LOT-0007404,Train
LOT-0007405,Train
LOT-0007406,Train
LOT-0007407,Train
LOT-0007408,Train
LOT-0007409,Train
LOT-0007410,Test (Temporal)
LOT-0007411,Train
LOT-0007412,Test (Temporal)
LOT-0007413,Train
LOT-0007414,Train
LOT-0007415,Train
LOT-0007416,Train
LOT-0007417,Train
LOT-0007418,Train
LOT-0007419,Train
LOT-0007420,Train
LOT-0007421,Train
LOT-0007422,Train
LOT-0007423,Train
LOT-0007424,Train
LOT-0007425,Test (Temporal)
LOT-0007426,Test (Temporal)
LOT-0007427,Train
LOT-0007428,Train
LOT-0007429,Train
LOT-0007430,Train
LOT-0007431,Train
LOT-0007432,Train
LOT-0007433,Train
LOT-0007434,Train
LOT-0007435,Train
LOT-0007436,Train
LOT-0007437,Train
LOT-0007438,Train
LOT-0007439,Train
LOT-0007440,Train
LOT-0007441,Train
LOT-0007442,Train
LOT-0007443,Train
LOT-0007444,Train
LOT-0007445,Train
LOT-0007446,Train
LOT-0007447,Train
LOT-0007448,Train
LOT-0007449,Test (Temporal)
LOT-0007450,Train
LOT-0007451,Train
LOT-0007452,Train
LOT-0007453,Test (Temporal)
LOT-0007454,Train
LOT-0007455,Train
LOT-0007456,Train
LOT-0007457,Train
LOT-0007458,Test (Temporal)
LOT-0007459,Test (Temporal)
LOT-0007460,Train
LOT-0007461,Train
LOT-0007462,Train
LOT-0007463,Train
LOT-0007464,Train
LOT-0007465,Test (Temporal)
LOT-0007466,Train
LOT-0007467,Train
LOT-0007468,Train
LOT-0007469,Train
LOT-0007470,Test (Temporal)
LOT-0007471,Train
LOT-0007472,Train
LOT-0007473,Train
LOT-0007474,Train
LOT-0007475,Train
LOT-0007476,Train
LOT-0007477,Train
LOT-0007478,Train
LOT-0007479,Train
LOT-0007480,Train
LOT-0007481,Train
LOT-0007482,Train
LOT-0007483,Train
LOT-0007484,Train
LOT-0007485,Train
LOT-0007486,Train
LOT-0007487,Train
LOT-0007488,Test (Temporal)
LOT-0007489,Train
LOT-0007490,Train
LOT-0007491,Train
LOT-0007492,Train
LOT-0007493,Train
LOT-0007494,Train
LOT-0007495,Train
LOT-0007496,Train
LOT-0007497,Train
LOT-0007498,Train
LOT-0007499,Test (Temporal)
LOT-0007500,Train
LOT-0007501,Train
LOT-0007502,Train
LOT-0007503,Train
LOT-0007504,Train
LOT-0007505,Train
LOT-0007506,Test (Temporal)
LOT-0007507,Train
LOT-0007508,Test (Temporal)
LOT-0007509,Test (Temporal)
LOT-0007510,Train
LOT-0007511,Train
LOT-0007512,Test (Temporal)
LOT-0007513,Train
LOT-0007514,Train
LOT-0007515,Train
LOT-0007516,Train
LOT-0007517,Train
LOT-0007518,Train
LOT-0007519,Train
LOT-0007520,Train
LOT-0007521,Train
LOT-0007522,Train
LOT-0007523,Train
LOT-0007524,Train
LOT-0007525,Train
LOT-0007526,Test (Temporal)
LOT-0007527,Train
LOT-0007528,Train
LOT-0007529,Train
LOT-0007530,Train
LOT-0007531,Train
LOT-0007532,Train
LOT-0007533,Train
LOT-0007534,Train
LOT-0007535,Train
LOT-0007536,Train
LOT-0007537,Train
LOT-0007538,Train
LOT-0007539,Train
LOT-0007540,Train
LOT-0007541,Train
LOT-0007542,Train
LOT-0007543,Test (Temporal)
LOT-0007544,Train
LOT-0007545,Train
LOT-0007546,Test (Temporal)
LOT-0007547,Train
LOT-0007548,Test (Temporal)
LOT-0007549,Train
LOT-0007550,Train
LOT-0007551,Train
LOT-0007552,Test (Temporal)
LOT-0007553,Train
LOT-0007554,Train
LOT-0007555,Train
LOT-0007556,Train
LOT-0007557,Test (Temporal)
LOT-0007558,Train
LOT-0007559,Train
LOT-0007560,Train
LOT-0007561,Test (Temporal)
LOT-0007562,Train
LOT-0007563,Train
LOT-0007564,Train
LOT-0007565,Train
LOT-0007566,Test (Temporal)
LOT-0007567,Train
LOT-0007568,Train
LOT-0007569,Train
LOT-0007570,Train
LOT-0007571,Train
LOT-0007572,Train
LOT-0007573,Train
LOT-0007574,Train
LOT-0007575,Test (Temporal)
LOT-0007576,Test (Temporal)
LOT-0007577,Train
LOT-0007578,Train
LOT-0007579,Train
LOT-0007580,Test (Temporal)
LOT-0007581,Train
LOT-0007582,Train
LOT-0007583,Train
LOT-0007584,Train
LOT-0007585,Train
LOT-0007586,Train
LOT-0007587,Train
LOT-0007588,Train
LOT-0007589,Train
LOT-0007590,Test (Temporal)
LOT-0007591,Train
LOT-0007592,Test (Temporal)
LOT-0007593,Train
LOT-0007594,Train
LOT-0007595,Train
LOT-0007596,Train
LOT-0007597,Train
LOT-0007598,Train
LOT-0007599,Train
LOT-0007600,Train
LOT-0007601,Test (Temporal)
LOT-0007602,Train
LOT-0007603,Train
LOT-0007604,Train
LOT-0007605,Train
LOT-0007606,Train
LOT-0007607,Train
LOT-0007608,Train
LOT-0007609,Train
LOT-0007610,Train
LOT-0007611,Train
LOT-0007612,Test (Temporal)
LOT-0007613,Train
LOT-0007614,Train
LOT-0007615,Train
LOT-0007616,Train
LOT-0007617,Test (Temporal)
LOT-0007618,Train
LOT-0007619,Train
LOT-0007620,Train
LOT-0007621,Test (Temporal)
LOT-0007622,Train
LOT-0007623,Train
LOT-0007624,Test (Temporal)
LOT-0007625,Train
LOT-0007626,Train
LOT-0007627,Train
LOT-0007628,Train
LOT-0007629,Train
LOT-0007630,Train
LOT-0007631,Train
LOT-0007632,Test (Temporal)
LOT-0007633,Train
LOT-0007634,Train
LOT-0007635,Test (Temporal)
LOT-0007636,Train
LOT-0007637,Test (Temporal)
LOT-0007638,Train
LOT-0007639,Train
LOT-0007640,Train
LOT-0007641,Train
LOT-0007642,Train
LOT-0007643,Train
LOT-0007644,Train
LOT-0007645,Train
LOT-0007646,Train
LOT-0007647,Train
LOT-0007648,Train
LOT-0007649,Test (Temporal)
LOT-0007650,Test (Temporal)
LOT-0007651,Train
LOT-0007652,Train
LOT-0007653,Test (Temporal)
LOT-0007654,Train
LOT-0007655,Train
LOT-0007656,Train
LOT-0007657,Train
LOT-0007658,Train
LOT-0007659,Train
LOT-0007660,Test (Temporal)
LOT-0007661,Train
LOT-0007662,Test (Temporal)
LOT-0007663,Train
LOT-0007664,Train
LOT-0007665,Train
LOT-0007666,Test (Temporal)
LOT-0007667,Train
LOT-0007668,Train
LOT-0007669,Test (Temporal)
LOT-0007670,Train
LOT-0007671,Test (Temporal)
LOT-0007672,Train
LOT-0007673,Train
LOT-0007674,Train
LOT-0007675,Train
LOT-0007676,Train
LOT-0007677,Test (Temporal)
LOT-0007678,Train
LOT-0007679,Test (Temporal)
LOT-0007680,Test (Temporal)
LOT-0007681,Train
LOT-0007682,Train
LOT-0007683,Test (Temporal)
LOT-0007684,Train
LOT-0007685,Test (Temporal)
LOT-0007686,Train
LOT-0007687,Train
LOT-0007688,Train
LOT-0007689,Train
LOT-0007690,Train
LOT-0007691,Train
LOT-0007692,Test (Temporal)
LOT-0007693,Train
LOT-0007694,Train
LOT-0007695,Train
LOT-0007696,Train
LOT-0007697,Train
LOT-0007698,Train
LOT-0007699,Train
LOT-0007700,Train
LOT-0007701,Train
LOT-0007702,Train
LOT-0007703,Train
LOT-0007704,Train
LOT-0007705,Train
LOT-0007706,Train
LOT-0007707,Train
LOT-0007708,Train
LOT-0007709,Train
LOT-0007710,Train
LOT-0007711,Train
LOT-0007712,Train
LOT-0007713,Train
LOT-0007714,Train
LOT-0007715,Train
LOT-0007716,Train
LOT-0007717,Test (Temporal)
LOT-0007718,Train
LOT-0007719,Train
LOT-0007720,Train
LOT-0007721,Train
LOT-0007722,Train
LOT-0007723,Test (Temporal)
LOT-0007724,Train
LOT-0007725,Train
LOT-0007726,Train
LOT-0007727,Train
LOT-0007728,Train
LOT-0007729,Train
LOT-0007730,Train
LOT-0007731,Train
LOT-0007732,Train
LOT-0007733,Train
LOT-0007734,Train
LOT-0007735,Train
LOT-0007736,Train
LOT-0007737,Test (Temporal)
LOT-0007738,Train
LOT-0007739,Train
LOT-0007740,Train
LOT-0007741,Train
LOT-0007742,Train
LOT-0007743,Train
LOT-0007744,Train
LOT-0007745,Train
LOT-0007746,Train
LOT-0007747,Train
LOT-0007748,Train
LOT-0007749,Train
LOT-0007750,Train
LOT-0007751,Train
LOT-0007752,Train
LOT-0007753,Test (Temporal)
LOT-0007754,Test (Temporal)
LOT-0007755,Train
LOT-0007756,Train
LOT-0007757,Train
LOT-0007758,Train
LOT-0007759,Train
LOT-0007760,Test (Temporal)
LOT-0007761,Train
LOT-0007762,Train
LOT-0007763,Test (Temporal)
LOT-0007764,Train
LOT-0007765,Train
LOT-0007766,Train
LOT-0007767,Train
LOT-0007768,Train
LOT-0007769,Train
LOT-0007770,Train
LOT-0007771,Test (Temporal)
LOT-0007772,Train
LOT-0007773,Train
LOT-0007774,Test (Temporal)
LOT-0007775,Train
LOT-0007776,Train
LOT-0007777,Train
LOT-0007778,Train
LOT-0007779,Train
LOT-0007780,Train
LOT-0007781,Train
LOT-0007782,Train
LOT-0007783,Train
LOT-0007784,Train
LOT-0007785,Train
LOT-0007786,Train
LOT-0007787,Train
LOT-0007788,Train
LOT-0007789,Train
LOT-0007790,Train
LOT-0007791,Test (Temporal)
LOT-0007792,Train
LOT-0007793,Train
LOT-0007794,Train
LOT-0007795,Train
LOT-0007796,Train
LOT-0007797,Train
LOT-0007798,Train
LOT-0007799,Train
LOT-0007800,Test (Temporal)
LOT-0007801,Train
LOT-0007802,Train
LOT-0007803,Train
LOT-0007804,Train
LOT-0007805,Train
LOT-0007806,Train
LOT-0007807,Train
LOT-0007808,Train
LOT-0007809,Train
LOT-0007810,Train
LOT-0007811,Train
LOT-0007812,Train
LOT-0007813,Train
LOT-0007814,Train
LOT-0007815,Train
LOT-0007816,Train
LOT-0007817,Train
LOT-0007818,Train
LOT-0007819,Train
LOT-0007820,Train
LOT-0007821,Train
LOT-0007822,Train
LOT-0007823,Test (Temporal)
LOT-0007824,Train
LOT-0007825,Test (Temporal)
LOT-0007826,Train
LOT-0007827,Test (Temporal)
LOT-0007828,Test (Temporal)
LOT-0007829,Test (Temporal)
LOT-0007830,Train
LOT-0007831,Train
LOT-0007832,Train
LOT-0007833,Train
LOT-0007834,Train
LOT-0007835,Train
LOT-0007836,Test (Temporal)
LOT-0007837,Train
LOT-0007838,Train
LOT-0007839,Test (Temporal)
LOT-0007840,Test (Temporal)
LOT-0007841,Train
LOT-0007842,Train
LOT-0007843,Train
LOT-0007844,Train
LOT-0007845,Train
LOT-0007846,Train
LOT-0007847,Train
LOT-0007848,Train
LOT-0007849,Train
LOT-0007850,Train
LOT-0007851,Train
LOT-0007852,Train
LOT-0007853,Train
LOT-0007854,Train
LOT-0007855,Train
LOT-0007856,Train
LOT-0007857,Train
LOT-0007858,Test (Temporal)
LOT-0007859,Train
LOT-0007860,Train
LOT-0007861,Train
LOT-0007862,Train
LOT-0007863,Train
LOT-0007864,Train
LOT-0007865,Train
LOT-0007866,Train
LOT-0007867,Test (Temporal)
LOT-0007868,Train
LOT-0007869,Test (Temporal)
LOT-0007870,Train
LOT-0007871,Train
LOT-0007872,Train
LOT-0007873,Train
LOT-0007874,Train
LOT-0007875,Train
LOT-0007876,Train
LOT-0007877,Train
LOT-0007878,Train
LOT-0007879,Train
LOT-0007880,Train
LOT-0007881,Test (Temporal)
LOT-0007882,Test (Temporal)
LOT-0007883,Train
LOT-0007884,Train
LOT-0007885,Train
LOT-0007886,Test (Temporal)
LOT-0007887,Test (Temporal)
LOT-0007888,Train
LOT-0007889,Train
LOT-0007890,Train
LOT-0007891,Train
LOT-0007892,Train
LOT-0007893,Test (Temporal)
LOT-0007894,Train
LOT-0007895,Test (Temporal)
LOT-0007896,Train
LOT-0007897,Train
LOT-0007898,Train
LOT-0007899,Train
LOT-0007900,Train
LOT-0007901,Train
LOT-0007902,Train
LOT-0007903,Train
LOT-0007904,Train
LOT-0007905,Train
LOT-0007906,Train
LOT-0007907,Train
LOT-0007908,Train
LOT-0007909,Train
LOT-0007910,Train
LOT-0007911,Train
LOT-0007912,Test (Temporal)
LOT-0007913,Train
LOT-0007914,Train
LOT-0007915,Train
LOT-0007916,Train
LOT-0007917,Train
LOT-0007918,Train
LOT-0007919,Train
LOT-0007920,Train
LOT-0007921,Train
LOT-0007922,Train
LOT-0007923,Train
LOT-0007924,Train
LOT-0007925,Train
LOT-0007926,Train
LOT-0007927,Train
LOT-0007928,Train
LOT-0007929,Train
LOT-0007930,Train
LOT-0007931,Train
LOT-0007932,Train
LOT-0007933,Train
LOT-0007934,Test (Temporal)
LOT-0007935,Train
LOT-0007936,Train
LOT-0007937,Train
LOT-0007938,Train
LOT-0007939,Train
LOT-0007940,Train
LOT-0007941,Train
LOT-0007942,Train
LOT-0007943,Train
LOT-0007944,Train
LOT-0007945,Test (Temporal)
LOT-0007946,Train
LOT-0007947,Train
LOT-0007948,Train
LOT-0007949,Train
LOT-0007950,Train
LOT-0007951,Train
LOT-0007952,Train
LOT-0007953,Train
LOT-0007954,Train
LOT-0007955,Train
LOT-0007956,Train
LOT-0007957,Train
LOT-0007958,Train
LOT-0007959,Train
LOT-0007960,Train
LOT-0007961,Train
LOT-0007962,Train
LOT-0007963,Train
LOT-0007964,Train
LOT-0007965,Train
LOT-0007966,Train
LOT-0007967,Train
LOT-0007968,Test (Temporal)
LOT-0007969,Train
LOT-0007970,Train
LOT-0007971,Train
LOT-0007972,Train
LOT-0007973,Test (Temporal)
LOT-0007974,Train
LOT-0007975,Test (Temporal)
LOT-0007976,Train
LOT-0007977,Train
LOT-0007978,Train
LOT-0007979,Train
LOT-0007980,Train
LOT-0007981,Train
LOT-0007982,Train
LOT-0007983,Train
LOT-0007984,Train
LOT-0007985,Train
LOT-0007986,Train
LOT-0007987,Train
LOT-0007988,Train
LOT-0007989,Train
LOT-0007990,Train
LOT-0007991,Train
LOT-0007992,Train
LOT-0007993,Train
LOT-0007994,Train
LOT-0007995,Train
LOT-0007996,Train
LOT-0007997,Train
LOT-0007998,Train
LOT-0007999,Train
LOT-0008000,Test (Temporal)
LOT-0008001,Train
LOT-0008002,Train
LOT-0008003,Train
LOT-0008004,Train
LOT-0008005,Train
LOT-0008006,Train
LOT-0008007,Train
LOT-0008008,Train
LOT-0008009,Train
LOT-0008010,Train
LOT-0008011,Train
LOT-0008012,Train
LOT-0008013,Train
LOT-0008014,Test (Temporal)
LOT-0008015,Train
LOT-0008016,Train
LOT-0008017,Test (Temporal)
LOT-0008018,Test (Temporal)
LOT-0008019,Train
LOT-0008020,Train
LOT-0008021,Train
LOT-0008022,Train
LOT-0008023,Train
LOT-0008024,Test (Temporal)
LOT-0008025,Test (Temporal)
LOT-0008026,Test (Temporal)
LOT-0008027,Train
LOT-0008028,Train
LOT-0008029,Train
LOT-0008030,Train
LOT-0008031,Train
LOT-0008032,Train
LOT-0008033,Test (Temporal)
LOT-0008034,Train
LOT-0008035,Train
LOT-0008036,Train
LOT-0008037,Train
LOT-0008038,Train
LOT-0008039,Train
LOT-0008040,Train
LOT-0008041,Train
LOT-0008042,Train
LOT-0008043,Train
LOT-0008044,Test (Temporal)
LOT-0008045,Train
LOT-0008046,Train
LOT-0008047,Train
LOT-0008048,Train
LOT-0008049,Test (Temporal)
LOT-0008050,Train
LOT-0008051,Train
LOT-0008052,Test (Temporal)
LOT-0008053,Test (Temporal)
LOT-0008054,Test (Temporal)
LOT-0008055,Test (Temporal)
LOT-0008056,Train
LOT-0008057,Test (Temporal)
LOT-0008058,Train
LOT-0008059,Test (Temporal)
LOT-0008060,Test (Temporal)
LOT-0008061,Train
LOT-0008062,Train
LOT-0008063,Test (Temporal)
LOT-0008064,Train
LOT-0008065,Test (Temporal)
LOT-0008066,Train
LOT-0008067,Train
LOT-0008068,Test (Temporal)
LOT-0008069,Train
LOT-0008070,Train
LOT-0008071,Test (Temporal)
LOT-0008072,Train
LOT-0008073,Train
LOT-0008074,Train
LOT-0008075,Train
LOT-0008076,Train
LOT-0008077,Test (Temporal)
LOT-0008078,Train
LOT-0008079,Test (Temporal)
LOT-0008080,Test (Temporal)
LOT-0008081,Train
LOT-0008082,Test (Temporal)
LOT-0008083,Train
LOT-0008084,Test (Temporal)
LOT-0008085,Train
LOT-0008086,Train
LOT-0008087,Train
LOT-0008088,Test (Temporal)
LOT-0008089,Test (Temporal)
LOT-0008090,Train
LOT-0008091,Train
LOT-0008092,Train
LOT-0008093,Train
LOT-0008094,Train
LOT-0008095,Train
LOT-0008096,Train
LOT-0008097,Train
LOT-0008098,Test (Temporal)
LOT-0008099,Train
LOT-0008100,Train
LOT-0008101,Test (Temporal)
LOT-0008102,Train
LOT-0008103,Train
LOT-0008104,Test (Temporal)
LOT-0008105,Train
LOT-0008106,Train
LOT-0008107,Train
LOT-0008108,Train
LOT-0008109,Train
LOT-0008110,Train
LOT-0008111,Train
LOT-0008112,Train
LOT-0008113,Train
LOT-0008114,Train
LOT-0008115,Train
LOT-0008116,Train
LOT-0008117,Test (Temporal)
LOT-0008118,Train
LOT-0008119,Train
LOT-0008120,Train
LOT-0008121,Train
LOT-0008122,Train
LOT-0008123,Train
LOT-0008124,Train
LOT-0008125,Test (Temporal)
LOT-0008126,Train
LOT-0008127,Train
LOT-0008128,Train
LOT-0008129,Train
LOT-0008130,Train
LOT-0008131,Train
LOT-0008132,Train
LOT-0008133,Train
LOT-0008134,Train
LOT-0008135,Test (Temporal)
LOT-0008136,Train
LOT-0008137,Test (Temporal)
LOT-0008138,Train
LOT-0008139,Train
LOT-0008140,Train
LOT-0008141,Train
LOT-0008142,Train
LOT-0008143,Train
LOT-0008144,Train
LOT-0008145,Train
LOT-0008146,Train
LOT-0008147,Train
LOT-0008148,Train
LOT-0008149,Train
LOT-0008150,Train
LOT-0008151,Test (Temporal)
LOT-0008152,Train
LOT-0008153,Train
LOT-0008154,Train
LOT-0008155,Train
LOT-0008156,Train
LOT-0008157,Train
LOT-0008158,Train
LOT-0008159,Train
LOT-0008160,Train
LOT-0008161,Train
LOT-0008162,Train
LOT-0008163,Train
LOT-0008164,Train
LOT-0008165,Train
LOT-0008166,Train
LOT-0008167,Train
LOT-0008168,Train
LOT-0008169,Train
LOT-0008170,Train
LOT-0008171,Train
LOT-0008172,Train
LOT-0008173,Train
LOT-0008174,Train
LOT-0008175,Train
LOT-0008176,Train
LOT-0008177,Test (Temporal)
LOT-0008178,Test (Temporal)
LOT-0008179,Train
LOT-0008180,Test (Temporal)
LOT-0008181,Train
LOT-0008182,Train
LOT-0008183,Train
LOT-0008184,Train
LOT-0008185,Train
LOT-0008186,Train
LOT-0008187,Train
LOT-0008188,Train
LOT-0008189,Train
LOT-0008190,Train
LOT-0008191,Train
LOT-0008192,Train
LOT-0008193,Train
LOT-0008194,Train
LOT-0008195,Train
LOT-0008196,Train
LOT-0008197,Train
LOT-0008198,Train
LOT-0008199,Train
LOT-0008200,Train
LOT-0008201,Train
LOT-0008202,Train
LOT-0008203,Train
LOT-0008204,Train
LOT-0008205,Train
LOT-0008206,Train
LOT-0008207,Train
LOT-0008208,Train
LOT-0008209,Train
LOT-0008210,Train
LOT-0008211,Train
LOT-0008212,Train
LOT-0008213,Train
LOT-0008214,Train
LOT-0008215,Train
LOT-0008216,Train
LOT-0008217,Train
LOT-0008218,Train
LOT-0008219,Train
LOT-0008220,Train
LOT-0008221,Train
LOT-0008222,Train
LOT-0008223,Train
LOT-0008224,Test (Temporal)
LOT-0008225,Train
LOT-0008226,Train
LOT-0008227,Test (Temporal)
LOT-0008228,Train
LOT-0008229,Train
LOT-0008230,Train
LOT-0008231,Train
LOT-0008232,Train
LOT-0008233,Train
LOT-0008234,Train
LOT-0008235,Train
LOT-0008236,Train
LOT-0008237,Train
LOT-0008238,Test (Temporal)
LOT-0008239,Test (Temporal)
LOT-0008240,Train
LOT-0008241,Train
LOT-0008242,Train
LOT-0008243,Train
LOT-0008244,Test (Temporal)
LOT-0008245,Train
LOT-0008246,Train
LOT-0008247,Train
LOT-0008248,Train
LOT-0008249,Train
LOT-0008250,Train
LOT-0008251,Train
LOT-0008252,Test (Temporal)
LOT-0008253,Test (Temporal)
LOT-0008254,Train
LOT-0008255,Train
LOT-0008256,Train
LOT-0008257,Train
LOT-0008258,Train
LOT-0008259,Test (Temporal)
LOT-0008260,Train
LOT-0008261,Train
LOT-0008262,Train
LOT-0008263,Train
LOT-0008264,Train
LOT-0008265,Train
LOT-0008266,Train
LOT-0008267,Train
LOT-0008268,Train
LOT-0008269,Train
LOT-0008270,Train
LOT-0008271,Train
LOT-0008272,Test (Temporal)
LOT-0008273,Train
LOT-0008274,Test (Temporal)
LOT-0008275,Train
LOT-0008276,Train
LOT-0008277,Train
LOT-0008278,Test (Temporal)
LOT-0008279,Train
LOT-0008280,Train
LOT-0008281,Test (Temporal)
LOT-0008282,Train
LOT-0008283,Train
LOT-0008284,Train
LOT-0008285,Test (Temporal)
LOT-0008286,Test (Temporal)
LOT-0008287,Train
LOT-0008288,Train
LOT-0008289,Train
LOT-0008290,Train
LOT-0008291,Train
LOT-0008292,Test (Temporal)
LOT-0008293,Train
LOT-0008294,Train
LOT-0008295,Train
LOT-0008296,Train
LOT-0008297,Train
LOT-0008298,Train
LOT-0008299,Train
LOT-0008300,Train
LOT-0008301,Train
LOT-0008302,Train
LOT-0008303,Train
LOT-0008304,Train
LOT-0008305,Train
LOT-0008306,Test (Temporal)
LOT-0008307,Train
LOT-0008308,Test (Temporal)
LOT-0008309,Train
LOT-0008310,Train
LOT-0008311,Test (Temporal)
LOT-0008312,Train
LOT-0008313,Train
LOT-0008314,Train
LOT-0008315,Test (Temporal)
LOT-0008316,Train
LOT-0008317,Test (Temporal)
LOT-0008318,Train
LOT-0008319,Train
LOT-0008320,Train
LOT-0008321,Train
LOT-0008322,Test (Temporal)
LOT-0008323,Train
LOT-0008324,Train
LOT-0008325,Train
LOT-0008326,Test (Temporal)
LOT-0008327,Train
LOT-0008328,Train
LOT-0008329,Train
LOT-0008330,Train
LOT-0008331,Test (Temporal)
LOT-0008332,Train
LOT-0008333,Train
LOT-0008334,Train
LOT-0008335,Train
LOT-0008336,Train
LOT-0008337,Train
LOT-0008338,Train
LOT-0008339,Test (Temporal)
LOT-0008340,Train
LOT-0008341,Train
LOT-0008342,Train
LOT-0008343,Test (Temporal)
LOT-0008344,Train
LOT-0008345,Test (Temporal)
LOT-0008346,Train
LOT-0008347,Test (Temporal)
LOT-0008348,Train
LOT-0008349,Train
LOT-0008350,Train
LOT-0008351,Train
LOT-0008352,Train
LOT-0008353,Train
LOT-0008354,Train
LOT-0008355,Train
LOT-0008356,Train
LOT-0008357,Test (Temporal)
LOT-0008358,Train
LOT-0008359,Train
LOT-0008360,Train
LOT-0008361,Train
LOT-0008362,Train
LOT-0008363,Test (Temporal)
LOT-0008364,Train
LOT-0008365,Train
LOT-0008366,Test (Temporal)
LOT-0008367,Train
LOT-0008368,Train
LOT-0008369,Train
LOT-0008370,Train
LOT-0008371,Train
LOT-0008372,Train
LOT-0008373,Test (Temporal)
LOT-0008374,Test (Temporal)
LOT-0008375,Test (Temporal)
LOT-0008376,Train
LOT-0008377,Train
LOT-0008378,Train
LOT-0008379,Train
LOT-0008380,Train
LOT-0008381,Test (Temporal)
LOT-0008382,Train
LOT-0008383,Train
LOT-0008384,Train
LOT-0008385,Train
LOT-0008386,Test (Temporal)
LOT-0008387,Test (Temporal)
LOT-0008388,Train
LOT-0008389,Train
LOT-0008390,Train
LOT-0008391,Train
LOT-0008392,Train
LOT-0008393,Train
LOT-0008394,Train
LOT-0008395,Test (Temporal)
LOT-0008396,Train
LOT-0008397,Train
LOT-0008398,Train
LOT-0008399,Train
LOT-0008400,Train
LOT-0008401,Train
LOT-0008402,Test (Temporal)
LOT-0008403,Train
LOT-0008404,Train
LOT-0008405,Train
LOT-0008406,Train
LOT-0008407,Train
LOT-0008408,Train
LOT-0008409,Train
LOT-0008410,Train
LOT-0008411,Train
LOT-0008412,Train
LOT-0008413,Train
LOT-0008414,Train
LOT-0008415,Train
LOT-0008416,Train
LOT-0008417,Train
LOT-0008418,Train
LOT-0008419,Train
LOT-0008420,Train
LOT-0008421,Train
LOT-0008422,Test (Temporal)
LOT-0008423,Train
LOT-0008424,Train
LOT-0008425,Train
LOT-0008426,Test (Temporal)
LOT-0008427,Train
LOT-0008428,Train
LOT-0008429,Test (Temporal)
LOT-0008430,Train
LOT-0008431,Train
LOT-0008432,Train
LOT-0008433,Train
LOT-0008434,Train
LOT-0008435,Train
LOT-0008436,Train
LOT-0008437,Test (Temporal)
LOT-0008438,Test (Temporal)
LOT-0008439,Train
LOT-0008440,Train
LOT-0008441,Train
LOT-0008442,Train
LOT-0008443,Train
LOT-0008444,Train
LOT-0008445,Train
LOT-0008446,Train
LOT-0008447,Train
LOT-0008448,Train
LOT-0008449,Train
LOT-0008450,Train
LOT-0008451,Train
LOT-0008452,Train
LOT-0008453,Train
LOT-0008454,Train
LOT-0008455,Train
LOT-0008456,Train
LOT-0008457,Train
LOT-0008458,Train
LOT-0008459,Train
LOT-0008460,Train
LOT-0008461,Train
LOT-0008462,Train
LOT-0008463,Train
LOT-0008464,Test (Temporal)
LOT-0008465,Train
LOT-0008466,Train
LOT-0008467,Train
LOT-0008468,Train
LOT-0008469,Train
LOT-0008470,Train
LOT-0008471,Train
LOT-0008472,Test (Temporal)
LOT-0008473,Train
LOT-0008474,Train
LOT-0008475,Train
LOT-0008476,Train
LOT-0008477,Train
LOT-0008478,Train
LOT-0008479,Train
LOT-0008480,Test (Temporal)
LOT-0008481,Train
LOT-0008482,Train
LOT-0008483,Train
LOT-0008484,Train
LOT-0008485,Test (Temporal)
LOT-0008486,Train
LOT-0008487,Train
LOT-0008488,Test (Temporal)
LOT-0008489,Train
LOT-0008490,Train
LOT-0008491,Train
LOT-0008492,Train
LOT-0008493,Train
LOT-0008494,Train
LOT-0008495,Train
LOT-0008496,Train
LOT-0008497,Train
LOT-0008498,Train
LOT-0008499,Train
LOT-0008500,Train
LOT-0008501,Train
LOT-0008502,Train
LOT-0008503,Train
LOT-0008504,Test (Temporal)
LOT-0008505,Train
LOT-0008506,Train
LOT-0008507,Train
LOT-0008508,Train
LOT-0008509,Train
LOT-0008510,Test (Temporal)
LOT-0008511,Train
LOT-0008512,Train
LOT-0008513,Train
LOT-0008514,Train
LOT-0008515,Train
LOT-0008516,Test (Temporal)
LOT-0008517,Test (Temporal)
LOT-0008518,Train
LOT-0008519,Train
LOT-0008520,Train
LOT-0008521,Train
LOT-0008522,Train
LOT-0008523,Train
LOT-0008524,Train
LOT-0008525,Train
LOT-0008526,Train
LOT-0008527,Train
LOT-0008528,Train
LOT-0008529,Test (Temporal)
LOT-0008530,Train
LOT-0008531,Train
LOT-0008532,Train
LOT-0008533,Train
LOT-0008534,Train
LOT-0008535,Train
LOT-0008536,Train
LOT-0008537,Train
LOT-0008538,Test (Temporal)
LOT-0008539,Test (Temporal)
LOT-0008540,Train
LOT-0008541,Train
LOT-0008542,Train
LOT-0008543,Train
LOT-0008544,Train
LOT-0008545,Train
LOT-0008546,Train
LOT-0008547,Test (Temporal)
LOT-0008548,Train
LOT-0008549,Train
LOT-0008550,Train
LOT-0008551,Train
LOT-0008552,Train
LOT-0008553,Train
LOT-0008554,Test (Temporal)
LOT-0008555,Train
LOT-0008556,Train
LOT-0008557,Test (Temporal)
LOT-0008558,Train
LOT-0008559,Train
LOT-0008560,Train
LOT-0008561,Train
LOT-0008562,Train
LOT-0008563,Train
LOT-0008564,Train
LOT-0008565,Train
LOT-0008566,Test (Temporal)
LOT-0008567,Test (Temporal)
LOT-0008568,Train
LOT-0008569,Train
LOT-0008570,Train
LOT-0008571,Train
LOT-0008572,Train
LOT-0008573,Train
LOT-0008574,Train
LOT-0008575,Train
LOT-0008576,Train
LOT-0008577,Train
LOT-0008578,Train
LOT-0008579,Train
LOT-0008580,Train
LOT-0008581,Train
LOT-0008582,Train
LOT-0008583,Train
LOT-0008584,Train
LOT-0008585,Train
LOT-0008586,Train
LOT-0008587,Train
LOT-0008588,Train
LOT-0008589,Train
LOT-0008590,Train
LOT-0008591,Train
LOT-0008592,Test (Temporal)
LOT-0008593,Train
LOT-0008594,Train
LOT-0008595,Train
LOT-0008596,Train
LOT-0008597,Test (Temporal)
LOT-0008598,Train
LOT-0008599,Test (Temporal)
LOT-0008600,Test (Temporal)
LOT-0008601,Test (Temporal)
LOT-0008602,Train
LOT-0008603,Train
LOT-0008604,Train
LOT-0008605,Train
LOT-0008606,Train
LOT-0008607,Train
LOT-0008608,Train
LOT-0008609,Train
LOT-0008610,Train
LOT-0008611,Train
LOT-0008612,Train
LOT-0008613,Test (Temporal)
LOT-0008614,Train
LOT-0008615,Train
LOT-0008616,Train
LOT-0008617,Train
LOT-0008618,Train
LOT-0008619,Train
LOT-0008620,Train
LOT-0008621,Train
LOT-0008622,Train
LOT-0008623,Train
LOT-0008624,Train
LOT-0008625,Train
LOT-0008626,Train
LOT-0008627,Train
LOT-0008628,Train
LOT-0008629,Train
LOT-0008630,Test (Temporal)
LOT-0008631,Train
LOT-0008632,Train
LOT-0008633,Train
LOT-0008634,Train
LOT-0008635,Train
LOT-0008636,Train
LOT-0008637,Train
LOT-0008638,Test (Temporal)
LOT-0008639,Train
LOT-0008640,Train
LOT-0008641,Train
LOT-0008642,Train
LOT-0008643,Test (Temporal)
LOT-0008644,Train
LOT-0008645,Train
LOT-0008646,Train
LOT-0008647,Train
LOT-0008648,Test (Temporal)
LOT-0008649,Test (Temporal)
LOT-0008650,Train
LOT-0008651,Test (Temporal)
LOT-0008652,Train
LOT-0008653,Train
LOT-0008654,Train
LOT-0008655,Train
LOT-0008656,Train
LOT-0008657,Train
LOT-0008658,Test (Temporal)
LOT-0008659,Train
LOT-0008660,Train
LOT-0008661,Train
LOT-0008662,Train
LOT-0008663,Train
LOT-0008664,Train
LOT-0008665,Test (Temporal)
LOT-0008666,Train
LOT-0008667,Train
LOT-0008668,Train
LOT-0008669,Test (Temporal)
LOT-0008670,Train
LOT-0008671,Train
LOT-0008672,Test (Temporal)
LOT-0008673,Train
LOT-0008674,Train
LOT-0008675,Train
LOT-0008676,Train
LOT-0008677,Train
LOT-0008678,Train
LOT-0008679,Train
LOT-0008680,Train
LOT-0008681,Train
LOT-0008682,Train
LOT-0008683,Train
LOT-0008684,Train
LOT-0008685,Train
LOT-0008686,Train
LOT-0008687,Train
LOT-0008688,Train
LOT-0008689,Train
LOT-0008690,Train
LOT-0008691,Train
LOT-0008692,Train
LOT-0008693,Test (Temporal)
LOT-0008694,Train
LOT-0008695,Train
LOT-0008696,Train
LOT-0008697,Train
LOT-0008698,Train
LOT-0008699,Test (Temporal)
LOT-0008700,Train
LOT-0008701,Test (Temporal)
LOT-0008702,Train
LOT-0008703,Train
LOT-0008704,Test (Temporal)
LOT-0008705,Train
LOT-0008706,Train
LOT-0008707,Train
LOT-0008708,Train
LOT-0008709,Train
LOT-0008710,Train
LOT-0008711,Train
LOT-0008712,Train
LOT-0008713,Test (Temporal)
LOT-0008714,Train
LOT-0008715,Train
LOT-0008716,Test (Temporal)
LOT-0008717,Train
LOT-0008718,Train
LOT-0008719,Train
LOT-0008720,Train
LOT-0008721,Train
LOT-0008722,Train
LOT-0008723,Train
LOT-0008724,Train
LOT-0008725,Train
LOT-0008726,Train
LOT-0008727,Train
LOT-0008728,Train
LOT-0008729,Train
LOT-0008730,Train
LOT-0008731,Train
LOT-0008732,Train
LOT-0008733,Train
LOT-0008734,Test (Temporal)
LOT-0008735,Test (Temporal)
LOT-0008736,Train
LOT-0008737,Train
LOT-0008738,Train
LOT-0008739,Train
LOT-0008740,Train
LOT-0008741,Train
LOT-0008742,Train
LOT-0008743,Train
LOT-0008744,Test (Temporal)
LOT-0008745,Train
LOT-0008746,Train
LOT-0008747,Train
LOT-0008748,Train
LOT-0008749,Train
LOT-0008750,Train
LOT-0008751,Train
LOT-0008752,Train
LOT-0008753,Test (Temporal)
LOT-0008754,Train
LOT-0008755,Train
LOT-0008756,Train
LOT-0008757,Train
LOT-0008758,Train
LOT-0008759,Train
LOT-0008760,Test (Temporal)
LOT-0008761,Train
LOT-0008762,Test (Temporal)
LOT-0008763,Train
LOT-0008764,Train
LOT-0008765,Test (Temporal)
LOT-0008766,Train
LOT-0008767,Train
LOT-0008768,Train
LOT-0008769,Train
LOT-0008770,Train
LOT-0008771,Train
LOT-0008772,Train
LOT-0008773,Train
LOT-0008774,Train
LOT-0008775,Train
LOT-0008776,Train
LOT-0008777,Test (Temporal)
LOT-0008778,Train
LOT-0008779,Train
LOT-0008780,Train
LOT-0008781,Train
LOT-0008782,Train
LOT-0008783,Train
LOT-0008784,Train
LOT-0008785,Train
LOT-0008786,Train
LOT-0008787,Train
LOT-0008788,Train
LOT-0008789,Test (Temporal)
LOT-0008790,Train
LOT-0008791,Test (Temporal)
LOT-0008792,Train
LOT-0008793,Train
LOT-0008794,Train
LOT-0008795,Train
LOT-0008796,Train
LOT-0008797,Test (Temporal)
LOT-0008798,Train
LOT-0008799,Train
LOT-0008800,Train
LOT-0008801,Train
LOT-0008802,Train
LOT-0008803,Test (Temporal)
LOT-0008804,Train
LOT-0008805,Train
LOT-0008806,Train
LOT-0008807,Train
LOT-0008808,Train
LOT-0008809,Train
LOT-0008810,Train
LOT-0008811,Train
LOT-0008812,Train
LOT-0008813,Train
LOT-0008814,Train
LOT-0008815,Train
LOT-0008816,Train
LOT-0008817,Train
LOT-0008818,Train
LOT-0008819,Train
LOT-0008820,Train
LOT-0008821,Train
LOT-0008822,Train
LOT-0008823,Train
LOT-0008824,Train
LOT-0008825,Train
LOT-0008826,Train
LOT-0008827,Train
LOT-0008828,Train
LOT-0008829,Train
LOT-0008830,Train
LOT-0008831,Test (Temporal)
LOT-0008832,Train
LOT-0008833,Train
LOT-0008834,Train
LOT-0008835,Train
LOT-0008836,Test (Temporal)
LOT-0008837,Train
LOT-0008838,Train
LOT-0008839,Train
LOT-0008840,Train
LOT-0008841,Train
LOT-0008842,Train
LOT-0008843,Train
LOT-0008844,Train
LOT-0008845,Train
LOT-0008846,Train
LOT-0008847,Test (Temporal)
LOT-0008848,Test (Temporal)
LOT-0008849,Train
LOT-0008850,Train
LOT-0008851,Train
LOT-0008852,Test (Temporal)
LOT-0008853,Test (Temporal)
LOT-0008854,Train
LOT-0008855,Train
LOT-0008856,Train
LOT-0008857,Train
LOT-0008858,Train
LOT-0008859,Train
LOT-0008860,Train
LOT-0008861,Train
LOT-0008862,Train
LOT-0008863,Train
LOT-0008864,Test (Temporal)
LOT-0008865,Train
LOT-0008866,Train
LOT-0008867,Train
LOT-0008868,Test (Temporal)
LOT-0008869,Train
LOT-0008870,Test (Temporal)
LOT-0008871,Train
LOT-0008872,Train
LOT-0008873,Test (Temporal)
LOT-0008874,Train
LOT-0008875,Test (Temporal)
LOT-0008876,Test (Temporal)
LOT-0008877,Train
LOT-0008878,Train
LOT-0008879,Train
LOT-0008880,Train
LOT-0008881,Train
LOT-0008882,Test (Temporal)
LOT-0008883,Train
LOT-0008884,Train
LOT-0008885,Train
LOT-0008886,Train
LOT-0008887,Train
LOT-0008888,Train
LOT-0008889,Train
LOT-0008890,Test (Temporal)
LOT-0008891,Train
LOT-0008892,Train
LOT-0008893,Train
LOT-0008894,Train
LOT-0008895,Train
LOT-0008896,Train
LOT-0008897,Train
LOT-0008898,Train
LOT-0008899,Train
LOT-0008900,Train
LOT-0008901,Train
LOT-0008902,Train
LOT-0008903,Train
LOT-0008904,Train
LOT-0008905,Train
LOT-0008906,Train
LOT-0008907,Train
LOT-0008908,Train
LOT-0008909,Train
LOT-0008910,Test (Temporal)
LOT-0008911,Train
LOT-0008912,Train
LOT-0008913,Train
LOT-0008914,Train
LOT-0008915,Train
LOT-0008916,Train
LOT-0008917,Train
LOT-0008918,Test (Temporal)
LOT-0008919,Test (Temporal)
LOT-0008920,Test (Temporal)
LOT-0008921,Train
LOT-0008922,Train
LOT-0008923,Train
LOT-0008924,Train
LOT-0008925,Train
LOT-0008926,Train
LOT-0008927,Train
LOT-0008928,Train
LOT-0008929,Train
LOT-0008930,Train
LOT-0008931,Train
LOT-0008932,Train
LOT-0008933,Train
LOT-0008934,Train
LOT-0008935,Train
LOT-0008936,Train
LOT-0008937,Train
LOT-0008938,Train
LOT-0008939,Train
LOT-0008940,Train
LOT-0008941,Train
LOT-0008942,Train
LOT-0008943,Train
LOT-0008944,Train
LOT-0008945,Test (Temporal)
LOT-0008946,Train
LOT-0008947,Train
LOT-0008948,Train
LOT-0008949,Test (Temporal)
LOT-0008950,Train
LOT-0008951,Train
LOT-0008952,Train
LOT-0008953,Train
LOT-0008954,Train
LOT-0008955,Train
LOT-0008956,Train
LOT-0008957,Train
LOT-0008958,Train
LOT-0008959,Train
LOT-0008960,Train
LOT-0008961,Train
LOT-0008962,Test (Temporal)
LOT-0008963,Train
LOT-0008964,Train
LOT-0008965,Test (Temporal)
LOT-0008966,Train
LOT-0008967,Train
LOT-0008968,Train
LOT-0008969,Train
LOT-0008970,Train
LOT-0008971,Train
LOT-0008972,Train
LOT-0008973,Train
LOT-0008974,Train
LOT-0008975,Train
LOT-0008976,Train
LOT-0008977,Train
LOT-0008978,Train
LOT-0008979,Train
LOT-0008980,Test (Temporal)
LOT-0008981,Train
LOT-0008982,Train
LOT-0008983,Train
LOT-0008984,Train
LOT-0008985,Train
LOT-0008986,Test (Temporal)
LOT-0008987,Train
LOT-0008988,Train
LOT-0008989,Train
LOT-0008990,Train
LOT-0008991,Train
LOT-0008992,Train
LOT-0008993,Train
LOT-0008994,Train
LOT-0008995,Train
LOT-0008996,Train
LOT-0008997,Train
LOT-0008998,Train
LOT-0008999,Train
LOT-0009000,Train
LOT-0009001,Train
LOT-0009002,Train
LOT-0009003,Test (Temporal)
LOT-0009004,Train
LOT-0009005,Train
LOT-0009006,Train
LOT-0009007,Train
LOT-0009008,Train
LOT-0009009,Train
LOT-0009010,Train
LOT-0009011,Train
LOT-0009012,Train
LOT-0009013,Train
LOT-0009014,Train
LOT-0009015,Train
LOT-0009016,Train
LOT-0009017,Train
LOT-0009018,Test (Temporal)
LOT-0009019,Test (Temporal)
LOT-0009020,Train
LOT-0009021,Train
LOT-0009022,Train
LOT-0009023,Test (Temporal)
LOT-0009024,Train
LOT-0009025,Train
LOT-0009026,Train
LOT-0009027,Train
LOT-0009028,Train
LOT-0009029,Test (Temporal)
LOT-0009030,Test (Temporal)
LOT-0009031,Train
LOT-0009032,Train
LOT-0009033,Train
LOT-0009034,Train
LOT-0009035,Train
LOT-0009036,Train
LOT-0009037,Train
LOT-0009038,Train
LOT-0009039,Test (Temporal)
LOT-0009040,Train
LOT-0009041,Train
LOT-0009042,Train
LOT-0009043,Train
LOT-0009044,Train
LOT-0009045,Train
LOT-0009046,Train
LOT-0009047,Train
LOT-0009048,Train
LOT-0009049,Train
LOT-0009050,Train
LOT-0009051,Test (Temporal)
LOT-0009052,Train
LOT-0009053,Train
LOT-0009054,Test (Temporal)
LOT-0009055,Test (Temporal)
LOT-0009056,Train
LOT-0009057,Train
LOT-0009058,Train
LOT-0009059,Train
LOT-0009060,Train
LOT-0009061,Train
LOT-0009062,Train
LOT-0009063,Train
LOT-0009064,Train
LOT-0009065,Train
LOT-0009066,Train
LOT-0009067,Train
LOT-0009068,Train
LOT-0009069,Train
LOT-0009070,Train
LOT-0009071,Train
LOT-0009072,Train
LOT-0009073,Train
LOT-0009074,Train
LOT-0009075,Train
LOT-0009076,Test (Temporal)
LOT-0009077,Train
LOT-0009078,Train
LOT-0009079,Train
LOT-0009080,Train
LOT-0009081,Train
LOT-0009082,Train
LOT-0009083,Train
LOT-0009084,Train
LOT-0009085,Train
LOT-0009086,Train
LOT-0009087,Train
LOT-0009088,Train
LOT-0009089,Train
LOT-0009090,Train
LOT-0009091,Train
LOT-0009092,Train
LOT-0009093,Train
LOT-0009094,Train
LOT-0009095,Train
LOT-0009096,Train
LOT-0009097,Train
LOT-0009098,Test (Temporal)
LOT-0009099,Train
LOT-0009100,Test (Temporal)
LOT-0009101,Train
LOT-0009102,Train
LOT-0009103,Train
LOT-0009104,Train
LOT-0009105,Train
LOT-0009106,Train
LOT-0009107,Train
LOT-0009108,Test (Temporal)
LOT-0009109,Train
LOT-0009110,Train
LOT-0009111,Test (Temporal)
LOT-0009112,Train
LOT-0009113,Train
LOT-0009114,Train
LOT-0009115,Test (Temporal)
LOT-0009116,Test (Temporal)
LOT-0009117,Train
LOT-0009118,Train
LOT-0009119,Train
LOT-0009120,Test (Temporal)
LOT-0009121,Train
LOT-0009122,Train
LOT-0009123,Train
LOT-0009124,Test (Temporal)
LOT-0009125,Train
LOT-0009126,Train
LOT-0009127,Train
LOT-0009128,Train
LOT-0009129,Train
LOT-0009130,Train
LOT-0009131,Train
LOT-0009132,Train
LOT-0009133,Train
LOT-0009134,Train
LOT-0009135,Train
LOT-0009136,Train
LOT-0009137,Train
LOT-0009138,Train
LOT-0009139,Train
LOT-0009140,Train
LOT-0009141,Test (Temporal)
LOT-0009142,Train
LOT-0009143,Train
LOT-0009144,Test (Temporal)
LOT-0009145,Train
LOT-0009146,Train
LOT-0009147,Train
LOT-0009148,Test (Temporal)
LOT-0009149,Test (Temporal)
LOT-0009150,Train
LOT-0009151,Train
LOT-0009152,Train
LOT-0009153,Train
LOT-0009154,Train
LOT-0009155,Train
LOT-0009156,Train
LOT-0009157,Train
LOT-0009158,Train
LOT-0009159,Train
LOT-0009160,Train
LOT-0009161,Train
LOT-0009162,Train
LOT-0009163,Test (Temporal)
LOT-0009164,Train
LOT-0009165,Train
LOT-0009166,Train
LOT-0009167,Train
LOT-0009168,Train
LOT-0009169,Train
LOT-0009170,Train
LOT-0009171,Train
LOT-0009172,Train
LOT-0009173,Train
LOT-0009174,Train
LOT-0009175,Train
LOT-0009176,Train
LOT-0009177,Train
LOT-0009178,Train
LOT-0009179,Train
LOT-0009180,Train
LOT-0009181,Train
LOT-0009182,Train
LOT-0009183,Train
LOT-0009184,Train
LOT-0009185,Train
LOT-0009186,Train
LOT-0009187,Train
LOT-0009188,Train
LOT-0009189,Train
LOT-0009190,Train
LOT-0009191,Train
LOT-0009192,Train
LOT-0009193,Train
LOT-0009194,Train
LOT-0009195,Train
LOT-0009196,Train
LOT-0009197,Test (Temporal)
LOT-0009198,Train
LOT-0009199,Test (Temporal)
LOT-0009200,Train
LOT-0009201,Train
LOT-0009202,Train
LOT-0009203,Train
LOT-0009204,Test (Temporal)
LOT-0009205,Test (Temporal)
LOT-0009206,Train
LOT-0009207,Train
LOT-0009208,Train
LOT-0009209,Train
LOT-0009210,Train
LOT-0009211,Train
LOT-0009212,Train
LOT-0009213,Test (Temporal)
LOT-0009214,Train
LOT-0009215,Train
LOT-0009216,Train
LOT-0009217,Train
LOT-0009218,Train
LOT-0009219,Test (Temporal)
LOT-0009220,Test (Temporal)
LOT-0009221,Train
LOT-0009222,Train
LOT-0009223,Test (Temporal)
LOT-0009224,Test (Temporal)
LOT-0009225,Train
LOT-0009226,Train
LOT-0009227,Train
LOT-0009228,Train
LOT-0009229,Train
LOT-0009230,Train
LOT-0009231,Train
LOT-0009232,Test (Temporal)
LOT-0009233,Train
LOT-0009234,Train
LOT-0009235,Train
LOT-0009236,Train
LOT-0009237,Train
LOT-0009238,Train
LOT-0009239,Train
LOT-0009240,Train
LOT-0009241,Train
LOT-0009242,Train
LOT-0009243,Train
LOT-0009244,Train
LOT-0009245,Train
LOT-0009246,Train
LOT-0009247,Train
LOT-0009248,Train
LOT-0009249,Train
LOT-0009250,Train
LOT-0009251,Train
LOT-0009252,Train
LOT-0009253,Train
LOT-0009254,Train
LOT-0009255,Train
LOT-0009256,Train
LOT-0009257,Train
LOT-0009258,Train
LOT-0009259,Train
LOT-0009260,Train
LOT-0009261,Train
LOT-0009262,Train
LOT-0009263,Train
LOT-0009264,Test (Temporal)
LOT-0009265,Test (Temporal)
LOT-0009266,Train
LOT-0009267,Train
LOT-0009268,Train
LOT-0009269,Train
LOT-0009270,Train
LOT-0009271,Test (Temporal)
LOT-0009272,Train
LOT-0009273,Train
LOT-0009274,Test (Temporal)
LOT-0009275,Train
LOT-0009276,Train
LOT-0009277,Train
LOT-0009278,Train
LOT-0009279,Train
LOT-0009280,Train
LOT-0009281,Test (Temporal)
LOT-0009282,Train
LOT-0009283,Train
LOT-0009284,Train
LOT-0009285,Train
LOT-0009286,Train
LOT-0009287,Train
LOT-0009288,Test (Temporal)
LOT-0009289,Train
LOT-0009290,Train
LOT-0009291,Train
LOT-0009292,Train
LOT-0009293,Train
LOT-0009294,Test (Temporal)
LOT-0009295,Train
LOT-0009296,Test (Temporal)
LOT-0009297,Train
LOT-0009298,Train
LOT-0009299,Train
LOT-0009300,Train
LOT-0009301,Train
LOT-0009302,Train
LOT-0009303,Test (Temporal)
LOT-0009304,Train
LOT-0009305,Train
LOT-0009306,Train
LOT-0009307,Train
LOT-0009308,Train
LOT-0009309,Train
LOT-0009310,Train
LOT-0009311,Train
LOT-0009312,Train
LOT-0009313,Train
LOT-0009314,Train
LOT-0009315,Train
LOT-0009316,Train
LOT-0009317,Train
LOT-0009318,Train
LOT-0009319,Train
LOT-0009320,Train
LOT-0009321,Train
LOT-0009322,Train
LOT-0009323,Train
LOT-0009324,Test (Temporal)
LOT-0009325,Train
LOT-0009326,Train
LOT-0009327,Train
LOT-0009328,Train
LOT-0009329,Train
LOT-0009330,Train
LOT-0009331,Train
LOT-0009332,Train
LOT-0009333,Train
LOT-0009334,Train
LOT-0009335,Train
LOT-0009336,Test (Temporal)
LOT-0009337,Train
LOT-0009338,Train
LOT-0009339,Train
LOT-0009340,Train
LOT-0009341,Train
LOT-0009342,Train
LOT-0009343,Train
LOT-0009344,Train
LOT-0009345,Train
LOT-0009346,Train
LOT-0009347,Train
LOT-0009348,Test (Temporal)
LOT-0009349,Train
LOT-0009350,Train
LOT-0009351,Train
LOT-0009352,Train
LOT-0009353,Train
LOT-0009354,Train
LOT-0009355,Train
LOT-0009356,Train
LOT-0009357,Train
LOT-0009358,Train
LOT-0009359,Train
LOT-0009360,Test (Temporal)
LOT-0009361,Train
LOT-0009362,Test (Temporal)
LOT-0009363,Train
LOT-0009364,Train
LOT-0009365,Train
LOT-0009366,Train
LOT-0009367,Train
LOT-0009368,Train
LOT-0009369,Train
LOT-0009370,Test (Temporal)
LOT-0009371,Train
LOT-0009372,Train
LOT-0009373,Train
LOT-0009374,Train
LOT-0009375,Train
LOT-0009376,Train
LOT-0009377,Train
LOT-0009378,Train
LOT-0009379,Train
LOT-0009380,Test (Temporal)
LOT-0009381,Train
LOT-0009382,Train
LOT-0009383,Train
LOT-0009384,Train
LOT-0009385,Train
LOT-0009386,Train
LOT-0009387,Train
LOT-0009388,Train
LOT-0009389,Train
LOT-0009390,Train
LOT-0009391,Train
LOT-0009392,Train
LOT-0009393,Train
LOT-0009394,Train
LOT-0009395,Train
LOT-0009396,Train
LOT-0009397,Train
LOT-0009398,Test (Temporal)
LOT-0009399,Train
LOT-0009400,Train
LOT-0009401,Train
LOT-0009402,Train
LOT-0009403,Train
LOT-0009404,Train
LOT-0009405,Train
LOT-0009406,Train
LOT-0009407,Train
LOT-0009408,Train
LOT-0009409,Train
LOT-0009410,Train
LOT-0009411,Train
LOT-0009412,Test (Temporal)
LOT-0009413,Train
LOT-0009414,Train
LOT-0009415,Test (Temporal)
LOT-0009416,Train
LOT-0009417,Train
LOT-0009418,Train
LOT-0009419,Train
LOT-0009420,Train
LOT-0009421,Train
LOT-0009422,Train
LOT-0009423,Train
LOT-0009424,Train
LOT-0009425,Test (Temporal)
LOT-0009426,Test (Temporal)
LOT-0009427,Train
LOT-0009428,Train
LOT-0009429,Train
LOT-0009430,Test (Temporal)
LOT-0009431,Train
LOT-0009432,Train
LOT-0009433,Train
LOT-0009434,Train
LOT-0009435,Train
LOT-0009436,Train
LOT-0009437,Train
LOT-0009438,Test (Temporal)
LOT-0009439,Train
LOT-0009440,Test (Temporal)
LOT-0009441,Train
LOT-0009442,Train
LOT-0009443,Train
LOT-0009444,Train
LOT-0009445,Train
LOT-0009446,Train
LOT-0009447,Train
LOT-0009448,Train
LOT-0009449,Train
LOT-0009450,Train
LOT-0009451,Train
LOT-0009452,Train
LOT-0009453,Train
LOT-0009454,Train
LOT-0009455,Test (Temporal)
LOT-0009456,Train
LOT-0009457,Train
LOT-0009458,Train
LOT-0009459,Train
LOT-0009460,Train
LOT-0009461,Train
LOT-0009462,Train
LOT-0009463,Train
LOT-0009464,Train
LOT-0009465,Test (Temporal)
LOT-0009466,Train
LOT-0009467,Test (Temporal)
LOT-0009468,Train
LOT-0009469,Test (Temporal)
LOT-0009470,Train
LOT-0009471,Train
LOT-0009472,Train
LOT-0009473,Train
LOT-0009474,Train
LOT-0009475,Train
LOT-0009476,Train
LOT-0009477,Train
LOT-0009478,Train
LOT-0009479,Train
LOT-0009480,Train
LOT-0009481,Train
LOT-0009482,Train
LOT-0009483,Train
LOT-0009484,Train
LOT-0009485,Train
LOT-0009486,Train
LOT-0009487,Test (Temporal)
LOT-0009488,Train
LOT-0009489,Train
LOT-0009490,Train
LOT-0009491,Train
LOT-0009492,Train
LOT-0009493,Train
LOT-0009494,Train
LOT-0009495,Train
LOT-0009496,Train
LOT-0009497,Train
LOT-0009498,Test (Temporal)
LOT-0009499,Test (Temporal)
LOT-0009500,Train
LOT-0009501,Train
LOT-0009502,Train
LOT-0009503,Train
LOT-0009504,Train
LOT-0009505,Train
LOT-0009506,Train
LOT-0009507,Train
LOT-0009508,Train
LOT-0009509,Test (Temporal)
LOT-0009510,Test (Temporal)
LOT-0009511,Train
LOT-0009512,Train
LOT-0009513,Train
LOT-0009514,Test (Temporal)
LOT-0009515,Train
LOT-0009516,Train
LOT-0009517,Train
LOT-0009518,Train
LOT-0009519,Train
LOT-0009520,Train
LOT-0009521,Train
LOT-0009522,Test (Temporal)
LOT-0009523,Test (Temporal)
LOT-0009524,Train
LOT-0009525,Train
LOT-0009526,Train
LOT-0009527,Train
LOT-0009528,Train
LOT-0009529,Train
LOT-0009530,Train
LOT-0009531,Train
LOT-0009532,Train
LOT-0009533,Train
LOT-0009534,Train
LOT-0009535,Train
LOT-0009536,Train
LOT-0009537,Train
LOT-0009538,Train
LOT-0009539,Train
LOT-0009540,Train
LOT-0009541,Test (Temporal)
LOT-0009542,Test (Temporal)
LOT-0009543,Train
LOT-0009544,Train
LOT-0009545,Train
LOT-0009546,Train
LOT-0009547,Train
LOT-0009548,Train
LOT-0009549,Train
LOT-0009550,Test (Temporal)
LOT-0009551,Train
LOT-0009552,Train
LOT-0009553,Train
LOT-0009554,Train
LOT-0009555,Train
LOT-0009556,Train
LOT-0009557,Train
LOT-0009558,Train
LOT-0009559,Train
LOT-0009560,Test (Temporal)
LOT-0009561,Train
LOT-0009562,Train
LOT-0009563,Train
LOT-0009564,Train
LOT-0009565,Test (Temporal)
LOT-0009566,Train
LOT-0009567,Train
LOT-0009568,Train
LOT-0009569,Train
LOT-0009570,Train
LOT-0009571,Train
LOT-0009572,Train
LOT-0009573,Train
LOT-0009574,Train
LOT-0009575,Train
LOT-0009576,Train
LOT-0009577,Train
LOT-0009578,Train
LOT-0009579,Train
LOT-0009580,Test (Temporal)
LOT-0009581,Train
LOT-0009582,Train
LOT-0009583,Train
LOT-0009584,Train
LOT-0009585,Train
LOT-0009586,Train
LOT-0009587,Train
LOT-0009588,Train
LOT-0009589,Test (Temporal)
LOT-0009590,Train
LOT-0009591,Test (Temporal)
LOT-0009592,Train
LOT-0009593,Train
LOT-0009594,Train
LOT-0009595,Test (Temporal)
LOT-0009596,Train
LOT-0009597,Train
LOT-0009598,Train
LOT-0009599,Train
LOT-0009600,Train
LOT-0009601,Train
LOT-0009602,Train
LOT-0009603,Train
LOT-0009604,Train
LOT-0009605,Train
LOT-0009606,Train
LOT-0009607,Train
LOT-0009608,Test (Temporal)
LOT-0009609,Train
LOT-0009610,Train
LOT-0009611,Train
LOT-0009612,Train
LOT-0009613,Train
LOT-0009614,Train
LOT-0009615,Train
LOT-0009616,Train
LOT-0009617,Train
LOT-0009618,Train
LOT-0009619,Train
LOT-0009620,Test (Temporal)
LOT-0009621,Train
LOT-0009622,Test (Temporal)
LOT-0009623,Train
LOT-0009624,Train
LOT-0009625,Train
LOT-0009626,Train
LOT-0009627,Train
LOT-0009628,Train
LOT-0009629,Train
LOT-0009630,Train
LOT-0009631,Train
LOT-0009632,Train
LOT-0009633,Train
LOT-0009634,Train
LOT-0009635,Train
LOT-0009636,Train
LOT-0009637,Train
LOT-0009638,Train
LOT-0009639,Train
LOT-0009640,Train
LOT-0009641,Train
LOT-0009642,Test (Temporal)
LOT-0009643,Train
LOT-0009644,Train
LOT-0009645,Train
LOT-0009646,Train
LOT-0009647,Train
LOT-0009648,Train
LOT-0009649,Train
LOT-0009650,Train
LOT-0009651,Train
LOT-0009652,Train
LOT-0009653,Train
LOT-0009654,Train
LOT-0009655,Train
LOT-0009656,Train
LOT-0009657,Train
LOT-0009658,Train
LOT-0009659,Train
LOT-0009660,Train
LOT-0009661,Train
LOT-0009662,Train
LOT-0009663,Train
LOT-0009664,Train
LOT-0009665,Train
LOT-0009666,Train
LOT-0009667,Train
LOT-0009668,Train
LOT-0009669,Train
LOT-0009670,Train
LOT-0009671,Train
LOT-0009672,Train
LOT-0009673,Train
LOT-0009674,Train
LOT-0009675,Test (Temporal)
LOT-0009676,Train
LOT-0009677,Train
LOT-0009678,Train
LOT-0009679,Train
LOT-0009680,Train
LOT-0009681,Test (Temporal)
LOT-0009682,Train
LOT-0009683,Train
LOT-0009684,Train
LOT-0009685,Train
LOT-0009686,Train
LOT-0009687,Train
LOT-0009688,Train
LOT-0009689,Train
LOT-0009690,Train
LOT-0009691,Train
LOT-0009692,Train
LOT-0009693,Train
LOT-0009694,Train
LOT-0009695,Train
LOT-0009696,Train
LOT-0009697,Train
LOT-0009698,Train
LOT-0009699,Test (Temporal)
LOT-0009700,Train
LOT-0009701,Train
LOT-0009702,Train
LOT-0009703,Train
LOT-0009704,Test (Temporal)
LOT-0009705,Train
LOT-0009706,Train
LOT-0009707,Train
LOT-0009708,Train
LOT-0009709,Test (Temporal)
LOT-0009710,Train
LOT-0009711,Train
LOT-0009712,Train
LOT-0009713,Train
LOT-0009714,Train
LOT-0009715,Train
LOT-0009716,Train
LOT-0009717,Train
LOT-0009718,Train
LOT-0009719,Train
LOT-0009720,Train
LOT-0009721,Train
LOT-0009722,Train
LOT-0009723,Train
LOT-0009724,Train
LOT-0009725,Train
LOT-0009726,Train
LOT-0009727,Train
LOT-0009728,Train
LOT-0009729,Train
LOT-0009730,Train
LOT-0009731,Train
LOT-0009732,Train
LOT-0009733,Test (Temporal)
LOT-0009734,Train
LOT-0009735,Train
LOT-0009736,Test (Temporal)
LOT-0009737,Train
LOT-0009738,Train
LOT-0009739,Train
LOT-0009740,Train
LOT-0009741,Train
LOT-0009742,Test (Temporal)
LOT-0009743,Train
LOT-0009744,Train
LOT-0009745,Train
LOT-0009746,Test (Temporal)
LOT-0009747,Train
LOT-0009748,Train
LOT-0009749,Train
LOT-0009750,Train
LOT-0009751,Train
LOT-0009752,Train
LOT-0009753,Train
LOT-0009754,Train
LOT-0009755,Test (Temporal)
LOT-0009756,Train
LOT-0009757,Train
LOT-0009758,Train
LOT-0009759,Train
LOT-0009760,Train
LOT-0009761,Train
LOT-0009762,Test (Temporal)
LOT-0009763,Train
LOT-0009764,Train
LOT-0009765,Train
LOT-0009766,Train
LOT-0009767,Train
LOT-0009768,Train
LOT-0009769,Test (Temporal)
LOT-0009770,Train
LOT-0009771,Train
LOT-0009772,Test (Temporal)
LOT-0009773,Train
LOT-0009774,Train
LOT-0009775,Train
LOT-0009776,Train
LOT-0009777,Train
LOT-0009778,Train
LOT-0009779,Train
LOT-0009780,Train
LOT-0009781,Train
LOT-0009782,Train
LOT-0009783,Test (Temporal)
LOT-0009784,Train
LOT-0009785,Test (Temporal)
LOT-0009786,Train
LOT-0009787,Train
LOT-0009788,Train
LOT-0009789,Train
LOT-0009790,Train
LOT-0009791,Train
LOT-0009792,Train
LOT-0009793,Test (Temporal)
LOT-0009794,Test (Temporal)
LOT-0009795,Train
LOT-0009796,Train
LOT-0009797,Train
LOT-0009798,Train
LOT-0009799,Train
LOT-0009800,Train
LOT-0009801,Test (Temporal)
LOT-0009802,Test (Temporal)
LOT-0009803,Train
LOT-0009804,Test (Temporal)
LOT-0009805,Train
LOT-0009806,Train
LOT-0009807,Train
LOT-0009808,Train
LOT-0009809,Train
LOT-0009810,Train
LOT-0009811,Train
LOT-0009812,Train
LOT-0009813,Train
LOT-0009814,Test (Temporal)
LOT-0009815,Train
LOT-0009816,Test (Temporal)
LOT-0009817,Train
LOT-0009818,Train
LOT-0009819,Train
LOT-0009820,Train
LOT-0009821,Train
LOT-0009822,Train
LOT-0009823,Train
LOT-0009824,Train
LOT-0009825,Train
LOT-0009826,Test (Temporal)
LOT-0009827,Train
LOT-0009828,Train
LOT-0009829,Train
LOT-0009830,Train
LOT-0009831,Train
LOT-0009832,Train
LOT-0009833,Train
LOT-0009834,Train
LOT-0009835,Train
LOT-0009836,Train
LOT-0009837,Test (Temporal)
LOT-0009838,Train
LOT-0009839,Test (Temporal)
LOT-0009840,Train
LOT-0009841,Train
LOT-0009842,Train
LOT-0009843,Train
LOT-0009844,Train
LOT-0009845,Train
LOT-0009846,Train
LOT-0009847,Train
LOT-0009848,Train
LOT-0009849,Train
LOT-0009850,Train
LOT-0009851,Train
LOT-0009852,Train
LOT-0009853,Test (Temporal)
LOT-0009854,Train
LOT-0009855,Test (Temporal)
LOT-0009856,Train
LOT-0009857,Train
LOT-0009858,Train
LOT-0009859,Test (Temporal)
LOT-0009860,Train
LOT-0009861,Train
LOT-0009862,Train
LOT-0009863,Train
LOT-0009864,Test (Temporal)
LOT-0009865,Train
LOT-0009866,Train
LOT-0009867,Test (Temporal)
LOT-0009868,Train
LOT-0009869,Train
LOT-0009870,Test (Temporal)
LOT-0009871,Train
LOT-0009872,Train
LOT-0009873,Train
LOT-0009874,Train
LOT-0009875,Train
LOT-0009876,Train
LOT-0009877,Train
LOT-0009878,Train
LOT-0009879,Train
LOT-0009880,Train
LOT-0009881,Train
LOT-0009882,Train
LOT-0009883,Train
LOT-0009884,Test (Temporal)
LOT-0009885,Train
LOT-0009886,Test (Temporal)
LOT-0009887,Train
LOT-0009888,Test (Temporal)
LOT-0009889,Train
LOT-0009890,Train
LOT-0009891,Train
LOT-0009892,Train
LOT-0009893,Train
LOT-0009894,Train
LOT-0009895,Train
LOT-0009896,Train
LOT-0009897,Train
LOT-0009898,Test (Temporal)
LOT-0009899,Train
LOT-0009900,Train
LOT-0009901,Train
LOT-0009902,Train
LOT-0009903,Train
LOT-0009904,Train
LOT-0009905,Train
LOT-0009906,Train
LOT-0009907,Test (Temporal)
LOT-0009908,Test (Temporal)
LOT-0009909,Train
LOT-0009910,Train
LOT-0009911,Test (Temporal)
LOT-0009912,Train
LOT-0009913,Test (Temporal)
LOT-0009914,Train
LOT-0009915,Test (Temporal)
LOT-0009916,Train
LOT-0009917,Train
LOT-0009918,Train
LOT-0009919,Train
LOT-0009920,Train
LOT-0009921,Train
LOT-0009922,Train
LOT-0009923,Train
LOT-0009924,Train
LOT-0009925,Train
LOT-0009926,Train
LOT-0009927,Train
LOT-0009928,Train
LOT-0009929,Test (Temporal)
LOT-0009930,Train
LOT-0009931,Test (Temporal)
LOT-0009932,Train
LOT-0009933,Train
LOT-0009934,Train
LOT-0009935,Train
LOT-0009936,Train
LOT-0009937,Train
LOT-0009938,Train
LOT-0009939,Train
LOT-0009940,Train
LOT-0009941,Train
LOT-0009942,Test (Temporal)
LOT-0009943,Train
LOT-0009944,Train
LOT-0009945,Test (Temporal)
LOT-0009946,Train
LOT-0009947,Test (Temporal)
LOT-0009948,Train
LOT-0009949,Train
LOT-0009950,Train
LOT-0009951,Train
LOT-0009952,Test (Temporal)
LOT-0009953,Train
LOT-0009954,Train
LOT-0009955,Train
LOT-0009956,Train
LOT-0009957,Train
LOT-0009958,Train
LOT-0009959,Train
LOT-0009960,Train
LOT-0009961,Train
LOT-0009962,Train
LOT-0009963,Train
LOT-0009964,Train
LOT-0009965,Test (Temporal)
LOT-0009966,Train
LOT-0009967,Train
LOT-0009968,Train
LOT-0009969,Train
LOT-0009970,Train
LOT-0009971,Train
LOT-0009972,Train
LOT-0009973,Train
LOT-0009974,Train
LOT-0009975,Train
LOT-0009976,Test (Temporal)
LOT-0009977,Train
LOT-0009978,Train
LOT-0009979,Test (Temporal)
LOT-0009980,Test (Temporal)
LOT-0009981,Train
LOT-0009982,Train
LOT-0009983,Test (Temporal)
LOT-0009984,Test (Temporal)
LOT-0009985,Train
LOT-0009986,Train
LOT-0009987,Train
LOT-0009988,Train
LOT-0009989,Train
LOT-0009990,Train
LOT-0009991,Train
LOT-0009992,Train
LOT-0009993,Train
LOT-0009994,Train
LOT-0009995,Train
LOT-0009996,Train
LOT-0009997,Train
LOT-0009998,Train
LOT-0009999,Train
LOT-0010000,Train
LOT-0010001,Test (Temporal)
LOT-0010002,Train
LOT-0010003,Train
LOT-0010004,Train
LOT-0010005,Test (Temporal)
LOT-0010006,Train
LOT-0010007,Train
LOT-0010008,Train
LOT-0010009,Train
LOT-0010010,Test (Temporal)
LOT-0010011,Train
LOT-0010012,Train
LOT-0010013,Train
LOT-0010014,Train
LOT-0010015,Train
LOT-0010016,Train
LOT-0010017,Train
LOT-0010018,Test (Temporal)
LOT-0010019,Train
LOT-0010020,Train
LOT-0010021,Test (Temporal)
LOT-0010022,Train
LOT-0010023,Train
LOT-0010024,Train
LOT-0010025,Train
LOT-0010026,Train
LOT-0010027,Train
LOT-0010028,Train
LOT-0010029,Train
LOT-0010030,Train
LOT-0010031,Train
LOT-0010032,Train
LOT-0010033,Train
LOT-0010034,Train
LOT-0010035,Train
LOT-0010036,Train
LOT-0010037,Train
LOT-0010038,Train
LOT-0010039,Train
LOT-0010040,Train
LOT-0010041,Train
LOT-0010042,Train
LOT-0010043,Train
LOT-0010044,Train
LOT-0010045,Train
LOT-0010046,Train
LOT-0010047,Train
LOT-0010048,Train
LOT-0010049,Train
LOT-0010050,Train
LOT-0010051,Train
LOT-0010052,Train
LOT-0010053,Train
LOT-0010054,Train
LOT-0010055,Train
LOT-0010056,Train
LOT-0010057,Train
LOT-0010058,Train
LOT-0010059,Train
LOT-0010060,Train
LOT-0010061,Train
LOT-0010062,Train
LOT-0010063,Test (Temporal)
LOT-0010064,Train
LOT-0010065,Train
LOT-0010066,Test (Temporal)
LOT-0010067,Train
LOT-0010068,Test (Temporal)
LOT-0010069,Train
LOT-0010070,Train
LOT-0010071,Train
LOT-0010072,Train
LOT-0010073,Train
LOT-0010074,Train
LOT-0010075,Train
LOT-0010076,Test (Temporal)
LOT-0010077,Test (Temporal)
LOT-0010078,Train
LOT-0010079,Train
LOT-0010080,Train
LOT-0010081,Train
LOT-0010082,Train
LOT-0010083,Train
LOT-0010084,Train
LOT-0010085,Train
LOT-0010086,Train
LOT-0010087,Train
LOT-0010088,Train
LOT-0010089,Train
LOT-0010090,Train
LOT-0010091,Test (Temporal)
LOT-0010092,Train
LOT-0010093,Train
LOT-0010094,Train
LOT-0010095,Train
LOT-0010096,Test (Temporal)
LOT-0010097,Train
LOT-0010098,Test (Temporal)
LOT-0010099,Train
LOT-0010100,Test (Temporal)
LOT-0010101,Train
LOT-0010102,Test (Temporal)
LOT-0010103,Train
LOT-0010104,Train
LOT-0010105,Train
LOT-0010106,Train
LOT-0010107,Train
LOT-0010108,Train
LOT-0010109,Train
LOT-0010110,Train
LOT-0010111,Train
LOT-0010112,Train
LOT-0010113,Train
LOT-0010114,Train
LOT-0010115,Train
LOT-0010116,Train
LOT-0010117,Train
LOT-0010118,Train
LOT-0010119,Train
LOT-0010120,Train
LOT-0010121,Train
LOT-0010122,Train
LOT-0010123,Train
LOT-0010124,Train
LOT-0010125,Test (Temporal)
LOT-0010126,Train
LOT-0010127,Test (Temporal)
LOT-0010128,Train
LOT-0010129,Train
LOT-0010130,Test (Temporal)
LOT-0010131,Train
LOT-0010132,Test (Temporal)
LOT-0010133,Train
LOT-0010134,Train
LOT-0010135,Train
LOT-0010136,Train
LOT-0010137,Train
LOT-0010138,Train
LOT-0010139,Train
LOT-0010140,Train
LOT-0010141,Train
LOT-0010142,Train
LOT-0010143,Train
LOT-0010144,Train
LOT-0010145,Test (Temporal)
LOT-0010146,Train
LOT-0010147,Train
LOT-0010148,Train
LOT-0010149,Train
LOT-0010150,Train
LOT-0010151,Train
LOT-0010152,Train
LOT-0010153,Train
LOT-0010154,Test (Temporal)
LOT-0010155,Train
LOT-0010156,Train
LOT-0010157,Train
LOT-0010158,Train
LOT-0010159,Test (Temporal)
LOT-0010160,Train
LOT-0010161,Train
LOT-0010162,Train
LOT-0010163,Train
LOT-0010164,Train
LOT-0010165,Train
LOT-0010166,Train
LOT-0010167,Test (Temporal)
LOT-0010168,Train
LOT-0010169,Train
LOT-0010170,Test (Temporal)
LOT-0010171,Train
LOT-0010172,Train
LOT-0010173,Train
LOT-0010174,Train
LOT-0010175,Train
LOT-0010176,Train
LOT-0010177,Train
LOT-0010178,Train
LOT-0010179,Train
LOT-0010180,Train
LOT-0010181,Train
LOT-0010182,Train
LOT-0010183,Test (Temporal)
LOT-0010184,Train
LOT-0010185,Train
LOT-0010186,Train
LOT-0010187,Train
LOT-0010188,Train
LOT-0010189,Train
LOT-0010190,Train
LOT-0010191,Test (Temporal)
LOT-0010192,Train
LOT-0010193,Train
LOT-0010194,Train
LOT-0010195,Train
LOT-0010196,Train
LOT-0010197,Train
LOT-0010198,Train
LOT-0010199,Train
LOT-0010200,Train
LOT-0010201,Train
LOT-0010202,Train
LOT-0010203,Train
LOT-0010204,Train
LOT-0010205,Train
LOT-0010206,Train
LOT-0010207,Train
LOT-0010208,Train
LOT-0010209,Train
LOT-0010210,Train
LOT-0010211,Train
LOT-0010212,Train
LOT-0010213,Train
LOT-0010214,Train
LOT-0010215,Train
LOT-0010216,Train
LOT-0010217,Test (Temporal)
LOT-0010218,Train
LOT-0010219,Test (Temporal)
LOT-0010220,Train
LOT-0010221,Train
LOT-0010222,Train
LOT-0010223,Train
LOT-0010224,Train
LOT-0010225,Train
LOT-0010226,Train
LOT-0010227,Train
LOT-0010228,Train
LOT-0010229,Train
LOT-0010230,Test (Temporal)
LOT-0010231,Train
LOT-0010232,Train
LOT-0010233,Train
LOT-0010234,Train
LOT-0010235,Train
LOT-0010236,Train
LOT-0010237,Train
LOT-0010238,Train
LOT-0010239,Train
LOT-0010240,Train
LOT-0010241,Test (Temporal)
LOT-0010242,Train
LOT-0010243,Test (Temporal)
LOT-0010244,Train
LOT-0010245,Train
LOT-0010246,Test (Temporal)
LOT-0010247,Train
LOT-0010248,Train
LOT-0010249,Train
LOT-0010250,Test (Temporal)
LOT-0010251,Train
LOT-0010252,Train
LOT-0010253,Train
LOT-0010254,Train
LOT-0010255,Train
LOT-0010256,Train
LOT-0010257,Train
LOT-0010258,Train
LOT-0010259,Train
LOT-0010260,Train
LOT-0010261,Train
LOT-0010262,Test (Temporal)
LOT-0010263,Train
LOT-0010264,Test (Temporal)
LOT-0010265,Train
LOT-0010266,Test (Temporal)
LOT-0010267,Train
LOT-0010268,Train
LOT-0010269,Test (Temporal)
LOT-0010270,Train
LOT-0010271,Train
LOT-0010272,Train
LOT-0010273,Train
LOT-0010274,Train
LOT-0010275,Train
LOT-0010276,Train
LOT-0010277,Train
LOT-0010278,Train
LOT-0010279,Test (Temporal)
LOT-0010280,Train
LOT-0010281,Train
LOT-0010282,Train
LOT-0010283,Train
LOT-0010284,Train
LOT-0010285,Train
LOT-0010286,Train
LOT-0010287,Train
LOT-0010288,Train
LOT-0010289,Train
LOT-0010290,Train
LOT-0010291,Train
LOT-0010292,Test (Temporal)
LOT-0010293,Train
LOT-0010294,Train
LOT-0010295,Train
LOT-0010296,Train
LOT-0010297,Train
LOT-0010298,Train
LOT-0010299,Train
LOT-0010300,Train
LOT-0010301,Test (Temporal)
LOT-0010302,Test (Temporal)
LOT-0010303,Train
LOT-0010304,Train
LOT-0010305,Train
LOT-0010306,Train
LOT-0010307,Train
LOT-0010308,Train
LOT-0010309,Train
LOT-0010310,Train
LOT-0010311,Train
LOT-0010312,Train
LOT-0010313,Train
LOT-0010314,Train
LOT-0010315,Train
LOT-0010316,Train
LOT-0010317,Train
LOT-0010318,Train
LOT-0010319,Train
LOT-0010320,Test (Temporal)
LOT-0010321,Train
LOT-0010322,Train
LOT-0010323,Train
LOT-0010324,Train
LOT-0010325,Train
LOT-0010326,Test (Temporal)
LOT-0010327,Train
LOT-0010328,Train
LOT-0010329,Train
LOT-0010330,Train
LOT-0010331,Train
LOT-0010332,Train
LOT-0010333,Train
LOT-0010334,Train
LOT-0010335,Train
LOT-0010336,Test (Temporal)
LOT-0010337,Train
LOT-0010338,Train
LOT-0010339,Train
LOT-0010340,Train
LOT-0010341,Test (Temporal)
LOT-0010342,Train
LOT-0010343,Train
LOT-0010344,Train
LOT-0010345,Train
LOT-0010346,Test (Temporal)
LOT-0010347,Train
LOT-0010348,Train
LOT-0010349,Train
LOT-0010350,Train
LOT-0010351,Train
LOT-0010352,Test (Temporal)
LOT-0010353,Train
LOT-0010354,Train
LOT-0010355,Train
LOT-0010356,Train
LOT-0010357,Train
LOT-0010358,Test (Temporal)
LOT-0010359,Train
LOT-0010360,Test (Temporal)
LOT-0010361,Train
LOT-0010362,Train
LOT-0010363,Train
LOT-0010364,Train
LOT-0010365,Train
LOT-0010366,Train
LOT-0010367,Train
LOT-0010368,Train
LOT-0010369,Train
LOT-0010370,Train
LOT-0010371,Train
LOT-0010372,Train
LOT-0010373,Test (Temporal)
LOT-0010374,Train
LOT-0010375,Train
LOT-0010376,Train
LOT-0010377,Train
LOT-0010378,Test (Temporal)
LOT-0010379,Train
LOT-0010380,Train
LOT-0010381,Train
LOT-0010382,Test (Temporal)
LOT-0010383,Train
LOT-0010384,Train
LOT-0010385,Train
LOT-0010386,Train
LOT-0010387,Train
LOT-0010388,Train
LOT-0010389,Train
LOT-0010390,Train
LOT-0010391,Test (Temporal)
LOT-0010392,Train
LOT-0010393,Train
LOT-0010394,Test (Temporal)
LOT-0010395,Train
LOT-0010396,Train
LOT-0010397,Train
LOT-0010398,Test (Temporal)
LOT-0010399,Train
LOT-0010400,Train
LOT-0010401,Train
LOT-0010402,Train
LOT-0010403,Train
LOT-0010404,Train
LOT-0010405,Train
LOT-0010406,Train
LOT-0010407,Train
LOT-0010408,Train
LOT-0010409,Train
LOT-0010410,Train
LOT-0010411,Test (Temporal)
LOT-0010412,Test (Temporal)
LOT-0010413,Train
LOT-0010414,Train
LOT-0010415,Test (Temporal)
LOT-0010416,Train
LOT-0010417,Test (Temporal)
LOT-0010418,Test (Temporal)
LOT-0010419,Train
LOT-0010420,Train
LOT-0010421,Train
LOT-0010422,Train
LOT-0010423,Train
LOT-0010424,Test (Temporal)
LOT-0010425,Train
LOT-0010426,Test (Temporal)
LOT-0010427,Train
LOT-0010428,Train
LOT-0010429,Test (Temporal)
LOT-0010430,Train
LOT-0010431,Train
LOT-0010432,Train
LOT-0010433,Train
LOT-0010434,Train
LOT-0010435,Train
LOT-0010436,Train
LOT-0010437,Train
LOT-0010438,Train
LOT-0010439,Train
LOT-0010440,Train
LOT-0010441,Train
LOT-0010442,Test (Temporal)
LOT-0010443,Train
LOT-0010444,Train
LOT-0010445,Train
LOT-0010446,Train
LOT-0010447,Test (Temporal)
LOT-0010448,Train
LOT-0010449,Train
LOT-0010450,Train
LOT-0010451,Train
LOT-0010452,Test (Temporal)
LOT-0010453,Train
LOT-0010454,Test (Temporal)
LOT-0010455,Train
LOT-0010456,Train
LOT-0010457,Test (Temporal)
LOT-0010458,Train
LOT-0010459,Train
LOT-0010460,Train
LOT-0010461,Train
LOT-0010462,Train
LOT-0010463,Train
LOT-0010464,Train
LOT-0010465,Train
LOT-0010466,Train
LOT-0010467,Train
LOT-0010468,Train
LOT-0010469,Train
LOT-0010470,Train
LOT-0010471,Train
LOT-0010472,Test (Temporal)
LOT-0010473,Train
LOT-0010474,Train
LOT-0010475,Train
LOT-0010476,Train
LOT-0010477,Train
LOT-0010478,Train
LOT-0010479,Train
LOT-0010480,Test (Temporal)
LOT-0010481,Train
LOT-0010482,Test (Temporal)
LOT-0010483,Train
LOT-0010484,Train
LOT-0010485,Train
LOT-0010486,Train
LOT-0010487,Train
LOT-0010488,Train
LOT-0010489,Train
LOT-0010490,Test (Temporal)
LOT-0010491,Train
LOT-0010492,Train
LOT-0010493,Train
LOT-0010494,Train
LOT-0010495,Test (Temporal)
LOT-0010496,Train
LOT-0010497,Test (Temporal)
LOT-0010498,Test (Temporal)
LOT-0010499,Train
LOT-0010500,Train
LOT-0010501,Train
LOT-0010502,Test (Temporal)
LOT-0010503,Train
LOT-0010504,Train
LOT-0010505,Train
LOT-0010506,Train
LOT-0010507,Train
LOT-0010508,Train
LOT-0010509,Train
LOT-0010510,Train
LOT-0010511,Train
LOT-0010512,Train
LOT-0010513,Test (Temporal)
LOT-0010514,Train
LOT-0010515,Test (Temporal)
LOT-0010516,Train
LOT-0010517,Train
LOT-0010518,Train
LOT-0010519,Train
LOT-0010520,Train
LOT-0010521,Test (Temporal)
LOT-0010522,Train
LOT-0010523,Train
LOT-0010524,Train
LOT-0010525,Train
LOT-0010526,Train
LOT-0010527,Train
LOT-0010528,Train
LOT-0010529,Train
LOT-0010530,Train
LOT-0010531,Train
LOT-0010532,Train
LOT-0010533,Train
LOT-0010534,Train
LOT-0010535,Train
LOT-0010536,Test (Temporal)
LOT-0010537,Train
LOT-0010538,Train
LOT-0010539,Train
LOT-0010540,Train
LOT-0010541,Train
LOT-0010542,Train
LOT-0010543,Test (Temporal)
LOT-0010544,Train
LOT-0010545,Train
LOT-0010546,Train
LOT-0010547,Train
LOT-0010548,Train
LOT-0010549,Train
LOT-0010550,Train
LOT-0010551,Train
LOT-0010552,Train
LOT-0010553,Train
LOT-0010554,Train
LOT-0010555,Test (Temporal)
LOT-0010556,Train
LOT-0010557,Train
LOT-0010558,Test (Temporal)
LOT-0010559,Train
LOT-0010560,Train
LOT-0010561,Test (Temporal)
LOT-0010562,Train
LOT-0010563,Train
LOT-0010564,Train
LOT-0010565,Train
LOT-0010566,Test (Temporal)
LOT-0010567,Train
LOT-0010568,Test (Temporal)
LOT-0010569,Train
LOT-0010570,Train
LOT-0010571,Test (Temporal)
LOT-0010572,Test (Temporal)
LOT-0010573,Train
LOT-0010574,Train
LOT-0010575,Train
LOT-0010576,Train
LOT-0010577,Train
LOT-0010578,Train
LOT-0010579,Train
LOT-0010580,Train
LOT-0010581,Train
LOT-0010582,Train
LOT-0010583,Train
LOT-0010584,Train
LOT-0010585,Train
LOT-0010586,Train
LOT-0010587,Test (Temporal)
LOT-0010588,Train
LOT-0010589,Train
LOT-0010590,Train
LOT-0010591,Train
LOT-0010592,Train
LOT-0010593,Train
LOT-0010594,Train
LOT-0010595,Train
LOT-0010596,Train
LOT-0010597,Train
LOT-0010598,Train
LOT-0010599,Train
LOT-0010600,Train
LOT-0010601,Train
LOT-0010602,Test (Temporal)
LOT-0010603,Train
LOT-0010604,Train
LOT-0010605,Train
LOT-0010606,Train
LOT-0010607,Train
LOT-0010608,Train
LOT-0010609,Train
LOT-0010610,Train
LOT-0010611,Test (Temporal)
LOT-0010612,Train
LOT-0010613,Train
LOT-0010614,Train
LOT-0010615,Train
LOT-0010616,Train
LOT-0010617,Test (Temporal)
LOT-0010618,Train
LOT-0010619,Train
LOT-0010620,Train
LOT-0010621,Train
LOT-0010622,Train
LOT-0010623,Train
LOT-0010624,Train
LOT-0010625,Train
LOT-0010626,Train
LOT-0010627,Train
LOT-0010628,Train
LOT-0010629,Train
LOT-0010630,Train
LOT-0010631,Test (Temporal)
LOT-0010632,Test (Temporal)
LOT-0010633,Train
LOT-0010634,Train
LOT-0010635,Train
LOT-0010636,Train
LOT-0010637,Train
LOT-0010638,Train
LOT-0010639,Test (Temporal)
LOT-0010640,Train
LOT-0010641,Train
LOT-0010642,Train
LOT-0010643,Train
LOT-0010644,Train
LOT-0010645,Test (Temporal)
LOT-0010646,Train
LOT-0010647,Train
LOT-0010648,Train
LOT-0010649,Train
LOT-0010650,Test (Temporal)
LOT-0010651,Train
LOT-0010652,Train
LOT-0010653,Train
LOT-0010654,Test (Temporal)
LOT-0010655,Train
LOT-0010656,Train
LOT-0010657,Test (Temporal)
LOT-0010658,Train
LOT-0010659,Train
LOT-0010660,Test (Temporal)
LOT-0010661,Train
LOT-0010662,Train
LOT-0010663,Train
LOT-0010664,Test (Temporal)
LOT-0010665,Train
LOT-0010666,Train
LOT-0010667,Train
LOT-0010668,Train
LOT-0010669,Test (Temporal)
LOT-0010670,Train
LOT-0010671,Train
LOT-0010672,Test (Temporal)
LOT-0010673,Train
LOT-0010674,Train
LOT-0010675,Train
LOT-0010676,Train
LOT-0010677,Train
LOT-0010678,Train
LOT-0010679,Test (Temporal)
LOT-0010680,Train
LOT-0010681,Train
LOT-0010682,Test (Temporal)
LOT-0010683,Train
LOT-0010684,Train
LOT-0010685,Train
LOT-0010686,Train
LOT-0010687,Train
LOT-0010688,Train
LOT-0010689,Train
LOT-0010690,Train
LOT-0010691,Train
LOT-0010692,Train
LOT-0010693,Test (Temporal)
LOT-0010694,Train
LOT-0010695,Train
LOT-0010696,Train
LOT-0010697,Train
LOT-0010698,Train
LOT-0010699,Train
LOT-0010700,Test (Temporal)
LOT-0010701,Train
LOT-0010702,Train
LOT-0010703,Train
LOT-0010704,Train
LOT-0010705,Train
LOT-0010706,Train
LOT-0010707,Train
LOT-0010708,Train
LOT-0010709,Test (Temporal)
LOT-0010710,Train
LOT-0010711,Train
LOT-0010712,Train
LOT-0010713,Train
LOT-0010714,Train
LOT-0010715,Train
LOT-0010716,Train
LOT-0010717,Train
LOT-0010718,Test (Temporal)
LOT-0010719,Train
LOT-0010720,Train
LOT-0010721,Train
LOT-0010722,Test (Temporal)
LOT-0010723,Train
LOT-0010724,Train
LOT-0010725,Train
LOT-0010726,Test (Temporal)
LOT-0010727,Train
LOT-0010728,Train
LOT-0010729,Train
LOT-0010730,Train
LOT-0010731,Train
LOT-0010732,Test (Temporal)
LOT-0010733,Train
LOT-0010734,Train
LOT-0010735,Train
LOT-0010736,Train
LOT-0010737,Test (Temporal)
LOT-0010738,Train
LOT-0010739,Train
LOT-0010740,Train
LOT-0010741,Train
LOT-0010742,Train
LOT-0010743,Test (Temporal)
LOT-0010744,Train
LOT-0010745,Train
LOT-0010746,Train
LOT-0010747,Train
LOT-0010748,Train
LOT-0010749,Train
LOT-0010750,Test (Temporal)
LOT-0010751,Test (Temporal)
LOT-0010752,Train
LOT-0010753,Train
LOT-0010754,Train
LOT-0010755,Test (Temporal)
LOT-0010756,Train
LOT-0010757,Train
LOT-0010758,Train
LOT-0010759,Train
LOT-0010760,Train
LOT-0010761,Train
LOT-0010762,Train
LOT-0010763,Train
LOT-0010764,Train
LOT-0010765,Train
LOT-0010766,Test (Temporal)
LOT-0010767,Train
LOT-0010768,Train
LOT-0010769,Train
LOT-0010770,Test (Temporal)
LOT-0010771,Train
LOT-0010772,Train
LOT-0010773,Train
LOT-0010774,Train
LOT-0010775,Train
LOT-0010776,Train
LOT-0010777,Train
LOT-0010778,Test (Temporal)
LOT-0010779,Test (Temporal)
LOT-0010780,Train
LOT-0010781,Test (Temporal)
LOT-0010782,Train
LOT-0010783,Train
LOT-0010784,Train
LOT-0010785,Test (Temporal)
LOT-0010786,Train
LOT-0010787,Train
LOT-0010788,Train
LOT-0010789,Train
LOT-0010790,Train
LOT-0010791,Train
LOT-0010792,Train
LOT-0010793,Train
LOT-0010794,Train
LOT-0010795,Train
LOT-0010796,Train
LOT-0010797,Train
LOT-0010798,Train
LOT-0010799,Test (Temporal)
LOT-0010800,Test (Temporal)
LOT-0010801,Train
LOT-0010802,Train
LOT-0010803,Train
LOT-0010804,Train
LOT-0010805,Train
LOT-0010806,Train
LOT-0010807,Train
LOT-0010808,Train
LOT-0010809,Train
LOT-0010810,Train
LOT-0010811,Train
LOT-0010812,Test (Temporal)
LOT-0010813,Train
LOT-0010814,Train
LOT-0010815,Test (Temporal)
LOT-0010816,Test (Temporal)
LOT-0010817,Train
LOT-0010818,Train
LOT-0010819,Train
LOT-0010820,Train
LOT-0010821,Train
LOT-0010822,Train
LOT-0010823,Test (Temporal)
LOT-0010824,Train
LOT-0010825,Train
LOT-0010826,Train
LOT-0010827,Train
LOT-0010828,Train
LOT-0010829,Train
LOT-0010830,Train
LOT-0010831,Train
LOT-0010832,Train
LOT-0010833,Train
LOT-0010834,Train
LOT-0010835,Train
LOT-0010836,Train
LOT-0010837,Train
LOT-0010838,Train
LOT-0010839,Train
LOT-0010840,Train
LOT-0010841,Test (Temporal)
LOT-0010842,Train
LOT-0010843,Train
LOT-0010844,Train
LOT-0010845,Train
LOT-0010846,Train
LOT-0010847,Train
LOT-0010848,Train
LOT-0010849,Train
LOT-0010850,Train
LOT-0010851,Train
LOT-0010852,Train
LOT-0010853,Train
LOT-0010854,Train
LOT-0010855,Train
LOT-0010856,Train
LOT-0010857,Test (Temporal)
LOT-0010858,Train
LOT-0010859,Test (Temporal)
LOT-0010860,Train
LOT-0010861,Train
LOT-0010862,Train
LOT-0010863,Train
LOT-0010864,Train
LOT-0010865,Train
LOT-0010866,Train
LOT-0010867,Train
LOT-0010868,Train
LOT-0010869,Train
LOT-0010870,Train
LOT-0010871,Train
LOT-0010872,Train
LOT-0010873,Train
LOT-0010874,Train
LOT-0010875,Train
LOT-0010876,Train
LOT-0010877,Train
LOT-0010878,Train
LOT-0010879,Train
LOT-0010880,Train
LOT-0010881,Train
LOT-0010882,Train
LOT-0010883,Test (Temporal)
LOT-0010884,Train
LOT-0010885,Train
LOT-0010886,Test (Temporal)
LOT-0010887,Test (Temporal)
LOT-0010888,Train
LOT-0010889,Train
LOT-0010890,Train
LOT-0010891,Train
LOT-0010892,Train
LOT-0010893,Train
LOT-0010894,Train
LOT-0010895,Train
LOT-0010896,Train
LOT-0010897,Train
LOT-0010898,Train
LOT-0010899,Test (Temporal)
LOT-0010900,Train
LOT-0010901,Train
LOT-0010902,Train
LOT-0010903,Train
LOT-0010904,Train
LOT-0010905,Train
LOT-0010906,Train
LOT-0010907,Train
LOT-0010908,Train
LOT-0010909,Train
LOT-0010910,Train
LOT-0010911,Train
LOT-0010912,Train
LOT-0010913,Train
LOT-0010914,Train
LOT-0010915,Train
LOT-0010916,Train
LOT-0010917,Train
LOT-0010918,Train
LOT-0010919,Train
LOT-0010920,Train
LOT-0010921,Train
LOT-0010922,Train
LOT-0010923,Train
LOT-0010924,Test (Temporal)
LOT-0010925,Train
LOT-0010926,Train
LOT-0010927,Train
LOT-0010928,Train
LOT-0010929,Train
LOT-0010930,Train
LOT-0010931,Test (Temporal)
LOT-0010932,Train
LOT-0010933,Train
LOT-0010934,Train
LOT-0010935,Train
LOT-0010936,Train
LOT-0010937,Train
LOT-0010938,Train
LOT-0010939,Train
LOT-0010940,Train
LOT-0010941,Train
LOT-0010942,Train
LOT-0010943,Train
LOT-0010944,Train
LOT-0010945,Train
LOT-0010946,Test (Temporal)
LOT-0010947,Train
LOT-0010948,Train
LOT-0010949,Train
LOT-0010950,Train
LOT-0010951,Train
LOT-0010952,Train
LOT-0010953,Train
LOT-0010954,Train
LOT-0010955,Train
LOT-0010956,Train
LOT-0010957,Train
LOT-0010958,Train
LOT-0010959,Train
LOT-0010960,Train
LOT-0010961,Train
LOT-0010962,Train
LOT-0010963,Train
LOT-0010964,Train
LOT-0010965,Train
LOT-0010966,Train
LOT-0010967,Train
LOT-0010968,Train
LOT-0010969,Train
LOT-0010970,Train
LOT-0010971,Test (Temporal)
LOT-0010972,Train
LOT-0010973,Train
LOT-0010974,Train
LOT-0010975,Train
LOT-0010976,Train
LOT-0010977,Test (Temporal)
LOT-0010978,Train
LOT-0010979,Train
LOT-0010980,Train
LOT-0010981,Test (Temporal)
LOT-0010982,Train
LOT-0010983,Test (Temporal)
LOT-0010984,Train
LOT-0010985,Train
LOT-0010986,Train
LOT-0010987,Test (Temporal)
LOT-0010988,Train
LOT-0010989,Test (Temporal)
LOT-0010990,Train
LOT-0010991,Test (Temporal)
LOT-0010992,Train
LOT-0010993,Train
LOT-0010994,Train
LOT-0010995,Train
LOT-0010996,Train
LOT-0010997,Train
LOT-0010998,Train
LOT-0010999,Test (Temporal)
LOT-0011000,Train
LOT-0011001,Train
LOT-0011002,Train
LOT-0011003,Train
LOT-0011004,Train
LOT-0011005,Test (Temporal)
LOT-0011006,Train
LOT-0011007,Test (Temporal)
LOT-0011008,Test (Temporal)
LOT-0011009,Train
LOT-0011010,Train
LOT-0011011,Test (Temporal)
LOT-0011012,Train
LOT-0011013,Train
LOT-0011014,Train
LOT-0011015,Train
LOT-0011016,Train
LOT-0011017,Train
LOT-0011018,Test (Temporal)
LOT-0011019,Train
LOT-0011020,Train
LOT-0011021,Test (Temporal)
LOT-0011022,Train
LOT-0011023,Train
LOT-0011024,Train
LOT-0011025,Train
LOT-0011026,Train
LOT-0011027,Test (Temporal)
LOT-0011028,Train
LOT-0011029,Train
LOT-0011030,Test (Temporal)
LOT-0011031,Train
LOT-0011032,Train
LOT-0011033,Train
LOT-0011034,Train
LOT-0011035,Train
LOT-0011036,Train
LOT-0011037,Train
LOT-0011038,Train
LOT-0011039,Train
LOT-0011040,Train
LOT-0011041,Test (Temporal)
LOT-0011042,Test (Temporal)
LOT-0011043,Train
LOT-0011044,Train
LOT-0011045,Train
LOT-0011046,Train
LOT-0011047,Train
LOT-0011048,Train
LOT-0011049,Train
LOT-0011050,Train
LOT-0011051,Train
LOT-0011052,Train
LOT-0011053,Test (Temporal)
LOT-0011054,Test (Temporal)
LOT-0011055,Train
LOT-0011056,Train
LOT-0011057,Train
LOT-0011058,Test (Temporal)
LOT-0011059,Test (Temporal)
LOT-0011060,Train
LOT-0011061,Train
LOT-0011062,Train
LOT-0011063,Train
LOT-0011064,Train
LOT-0011065,Test (Temporal)
LOT-0011066,Train
LOT-0011067,Train
LOT-0011068,Train
LOT-0011069,Train
LOT-0011070,Train
LOT-0011071,Train
LOT-0011072,Train
LOT-0011073,Train
LOT-0011074,Train
LOT-0011075,Test (Temporal)
LOT-0011076,Train
LOT-0011077,Test (Temporal)
LOT-0011078,Train
LOT-0011079,Train
LOT-0011080,Train
LOT-0011081,Train
LOT-0011082,Train
LOT-0011083,Train
LOT-0011084,Train
LOT-0011085,Train
LOT-0011086,Train
LOT-0011087,Train
LOT-0011088,Train
LOT-0011089,Test (Temporal)
LOT-0011090,Train
LOT-0011091,Train
LOT-0011092,Train
LOT-0011093,Train
LOT-0011094,Train
LOT-0011095,Train
LOT-0011096,Train
LOT-0011097,Train
LOT-0011098,Train
LOT-0011099,Train
LOT-0011100,Train
LOT-0011101,Train
LOT-0011102,Train
LOT-0011103,Train
LOT-0011104,Train
LOT-0011105,Train
LOT-0011106,Train
LOT-0011107,Train
LOT-0011108,Train
LOT-0011109,Train
LOT-0011110,Train
LOT-0011111,Train
LOT-0011112,Train
LOT-0011113,Train
LOT-0011114,Test (Temporal)
LOT-0011115,Train
LOT-0011116,Train
LOT-0011117,Train
LOT-0011118,Train
LOT-0011119,Train
LOT-0011120,Train
LOT-0011121,Train
LOT-0011122,Train
LOT-0011123,Train
LOT-0011124,Train
LOT-0011125,Train
LOT-0011126,Train
LOT-0011127,Train
LOT-0011128,Test (Temporal)
LOT-0011129,Train
LOT-0011130,Train
LOT-0011131,Train
LOT-0011132,Train
LOT-0011133,Test (Temporal)
LOT-0011134,Train
LOT-0011135,Test (Temporal)
LOT-0011136,Test (Temporal)
LOT-0011137,Train
LOT-0011138,Train
LOT-0011139,Test (Temporal)
LOT-0011140,Train
LOT-0011141,Train
LOT-0011142,Train
LOT-0011143,Train
LOT-0011144,Train
LOT-0011145,Train
LOT-0011146,Train
LOT-0011147,Train
LOT-0011148,Train
LOT-0011149,Train
LOT-0011150,Test (Temporal)
LOT-0011151,Train
LOT-0011152,Test (Temporal)
LOT-0011153,Train
LOT-0011154,Test (Temporal)
LOT-0011155,Train
LOT-0011156,Train
LOT-0011157,Train
LOT-0011158,Train
LOT-0011159,Train
LOT-0011160,Train
LOT-0011161,Train
LOT-0011162,Train
LOT-0011163,Train
LOT-0011164,Train
LOT-0011165,Train
LOT-0011166,Test (Temporal)
LOT-0011167,Train
LOT-0011168,Train
LOT-0011169,Train
LOT-0011170,Train
LOT-0011171,Train
LOT-0011172,Test (Temporal)
LOT-0011173,Train
LOT-0011174,Train
LOT-0011175,Train
LOT-0011176,Test (Temporal)
LOT-0011177,Train
LOT-0011178,Train
LOT-0011179,Test (Temporal)
LOT-0011180,Test (Temporal)
LOT-0011181,Test (Temporal)
LOT-0011182,Train
LOT-0011183,Train
LOT-0011184,Train
LOT-0011185,Train
LOT-0011186,Train
LOT-0011187,Train
LOT-0011188,Train
LOT-0011189,Train
LOT-0011190,Train
LOT-0011191,Test (Temporal)
LOT-0011192,Train
LOT-0011193,Test (Temporal)
LOT-0011194,Test (Temporal)
LOT-0011195,Train
LOT-0011196,Train
LOT-0011197,Test (Temporal)
LOT-0011198,Train
LOT-0011199,Train
LOT-0011200,Train
LOT-0011201,Train
LOT-0011202,Train
LOT-0011203,Test (Temporal)
LOT-0011204,Train
LOT-0011205,Train
LOT-0011206,Test (Temporal)
LOT-0011207,Test (Temporal)
LOT-0011208,Train
LOT-0011209,Train
LOT-0011210,Train
LOT-0011211,Train
LOT-0011212,Train
LOT-0011213,Train
LOT-0011214,Train
LOT-0011215,Train
LOT-0011216,Train
LOT-0011217,Train
LOT-0011218,Train
LOT-0011219,Train
LOT-0011220,Train
LOT-0011221,Train
LOT-0011222,Train
LOT-0011223,Train
LOT-0011224,Test (Temporal)
LOT-0011225,Train
LOT-0011226,Train
LOT-0011227,Train
LOT-0011228,Train
LOT-0011229,Test (Temporal)
LOT-0011230,Train
LOT-0011231,Train
LOT-0011232,Train
LOT-0011233,Train
LOT-0011234,Train
LOT-0011235,Train
LOT-0011236,Train
LOT-0011237,Test (Temporal)
LOT-0011238,Train
LOT-0011239,Train
LOT-0011240,Train
LOT-0011241,Train
LOT-0011242,Train
LOT-0011243,Train
LOT-0011244,Train
LOT-0011245,Train
LOT-0011246,Train
LOT-0011247,Test (Temporal)
LOT-0011248,Train
LOT-0011249,Train
LOT-0011250,Train
LOT-0011251,Train
LOT-0011252,Train
LOT-0011253,Test (Temporal)
LOT-0011254,Train
LOT-0011255,Train
LOT-0011256,Train
LOT-0011257,Train
LOT-0011258,Train
LOT-0011259,Train
LOT-0011260,Train
LOT-0011261,Train
LOT-0011262,Train
LOT-0011263,Train
LOT-0011264,Train
LOT-0011265,Train
LOT-0011266,Train
LOT-0011267,Train
LOT-0011268,Train
LOT-0011269,Train
LOT-0011270,Train
LOT-0011271,Train
LOT-0011272,Train
LOT-0011273,Train
LOT-0011274,Train
LOT-0011275,Train
LOT-0011276,Train
LOT-0011277,Train
LOT-0011278,Train
LOT-0011279,Train
LOT-0011280,Train
LOT-0011281,Test (Temporal)
LOT-0011282,Train
LOT-0011283,Train
LOT-0011284,Train
LOT-0011285,Train
LOT-0011286,Train
LOT-0011287,Train
LOT-0011288,Train
LOT-0011289,Test (Temporal)
LOT-0011290,Train
LOT-0011291,Train
LOT-0011292,Test (Temporal)
LOT-0011293,Train
LOT-0011294,Train
LOT-0011295,Test (Temporal)
LOT-0011296,Train
LOT-0011297,Train
LOT-0011298,Test (Temporal)
LOT-0011299,Train
LOT-0011300,Train
LOT-0011301,Train
LOT-0011302,Train
LOT-0011303,Train
LOT-0011304,Train
LOT-0011305,Train
LOT-0011306,Train
LOT-0011307,Train
LOT-0011308,Train
LOT-0011309,Train
LOT-0011310,Train
LOT-0011311,Train
LOT-0011312,Test (Temporal)
LOT-0011313,Train
LOT-0011314,Test (Temporal)
LOT-0011315,Train
LOT-0011316,Test (Temporal)
LOT-0011317,Train
LOT-0011318,Train
LOT-0011319,Train
LOT-0011320,Test (Temporal)
LOT-0011321,Train
LOT-0011322,Train
LOT-0011323,Train
LOT-0011324,Train
LOT-0011325,Train
LOT-0011326,Train
LOT-0011327,Train
LOT-0011328,Train
LOT-0011329,Train
LOT-0011330,Train
LOT-0011331,Train
LOT-0011332,Train
LOT-0011333,Train
LOT-0011334,Train
LOT-0011335,Train
LOT-0011336,Train
LOT-0011337,Train
LOT-0011338,Train
LOT-0011339,Train
LOT-0011340,Train
LOT-0011341,Train
LOT-0011342,Train
LOT-0011343,Train
LOT-0011344,Train
LOT-0011345,Train
LOT-0011346,Train
LOT-0011347,Train
LOT-0011348,Train
LOT-0011349,Train
LOT-0011350,Train
LOT-0011351,Train
LOT-0011352,Train
LOT-0011353,Test (Temporal)
LOT-0011354,Train
LOT-0011355,Train
LOT-0011356,Train
LOT-0011357,Train
LOT-0011358,Train
LOT-0011359,Train
LOT-0011360,Train
LOT-0011361,Train
LOT-0011362,Train
LOT-0011363,Train
LOT-0011364,Train
LOT-0011365,Test (Temporal)
LOT-0011366,Train
LOT-0011367,Train
LOT-0011368,Train
LOT-0011369,Train
LOT-0011370,Train
LOT-0011371,Train
LOT-0011372,Train
LOT-0011373,Train
LOT-0011374,Train
LOT-0011375,Test (Temporal)
LOT-0011376,Train
LOT-0011377,Train
LOT-0011378,Train
LOT-0011379,Test (Temporal)
LOT-0011380,Train
LOT-0011381,Train
LOT-0011382,Test (Temporal)
LOT-0011383,Train
LOT-0011384,Test (Temporal)
LOT-0011385,Test (Temporal)
LOT-0011386,Train
LOT-0011387,Train
LOT-0011388,Test (Temporal)
LOT-0011389,Train
LOT-0011390,Train
LOT-0011391,Train
LOT-0011392,Train
LOT-0011393,Train
LOT-0011394,Train
LOT-0011395,Train
LOT-0011396,Train
LOT-0011397,Train
LOT-0011398,Train
LOT-0011399,Train
LOT-0011400,Train
LOT-0011401,Train
LOT-0011402,Train
LOT-0011403,Train
LOT-0011404,Train
LOT-0011405,Train
LOT-0011406,Train
LOT-0011407,Train
LOT-0011408,Train
LOT-0011409,Train
LOT-0011410,Train
LOT-0011411,Train
LOT-0011412,Train
LOT-0011413,Test (Temporal)
LOT-0011414,Test (Temporal)
LOT-0011415,Train
LOT-0011416,Train
LOT-0011417,Test (Temporal)
LOT-0011418,Train
LOT-0011419,Train
LOT-0011420,Train
LOT-0011421,Test (Temporal)
LOT-0011422,Train
LOT-0011423,Train
LOT-0011424,Train
LOT-0011425,Train
LOT-0011426,Train
LOT-0011427,Train
LOT-0011428,Train
LOT-0011429,Train
LOT-0011430,Train
LOT-0011431,Train
LOT-0011432,Train
LOT-0011433,Train
LOT-0011434,Train
LOT-0011435,Train
LOT-0011436,Train
LOT-0011437,Train
LOT-0011438,Train
LOT-0011439,Test (Temporal)
LOT-0011440,Train
LOT-0011441,Train
LOT-0011442,Train
LOT-0011443,Test (Temporal)
LOT-0011444,Test (Temporal)
LOT-0011445,Train
LOT-0011446,Train
LOT-0011447,Train
LOT-0011448,Train
LOT-0011449,Train
LOT-0011450,Train
LOT-0011451,Train
LOT-0011452,Train
LOT-0011453,Train
LOT-0011454,Train
LOT-0011455,Train
LOT-0011456,Train
LOT-0011457,Train
LOT-0011458,Train
LOT-0011459,Train
LOT-0011460,Train
LOT-0011461,Train
LOT-0011462,Test (Temporal)
LOT-0011463,Train
LOT-0011464,Train
LOT-0011465,Train
LOT-0011466,Train
LOT-0011467,Train
LOT-0011468,Test (Temporal)
LOT-0011469,Test (Temporal)
LOT-0011470,Train
LOT-0011471,Train
LOT-0011472,Train
LOT-0011473,Train
LOT-0011474,Train
LOT-0011475,Test (Temporal)
LOT-0011476,Train
LOT-0011477,Train
LOT-0011478,Train
LOT-0011479,Train
LOT-0011480,Train
LOT-0011481,Train
LOT-0011482,Train
LOT-0011483,Train
LOT-0011484,Train
LOT-0011485,Train
LOT-0011486,Train
LOT-0011487,Train
LOT-0011488,Train
LOT-0011489,Train
LOT-0011490,Train
LOT-0011491,Train
LOT-0011492,Train
LOT-0011493,Train
LOT-0011494,Test (Temporal)
LOT-0011495,Test (Temporal)
LOT-0011496,Train
LOT-0011497,Train
LOT-0011498,Train
LOT-0011499,Train
LOT-0011500,Train
LOT-0011501,Train
LOT-0011502,Train
LOT-0011503,Train
LOT-0011504,Train
LOT-0011505,Train
LOT-0011506,Train
LOT-0011507,Train
LOT-0011508,Train
LOT-0011509,Train
LOT-0011510,Train
LOT-0011511,Train
LOT-0011512,Train
LOT-0011513,Train
LOT-0011514,Train
LOT-0011515,Train
LOT-0011516,Train
LOT-0011517,Train
LOT-0011518,Train
LOT-0011519,Train
LOT-0011520,Train
LOT-0011521,Train
LOT-0011522,Train
LOT-0011523,Train
LOT-0011524,Train
LOT-0011525,Train
LOT-0011526,Train
LOT-0011527,Train
LOT-0011528,Train
LOT-0011529,Test (Temporal)
LOT-0011530,Train
LOT-0011531,Test (Temporal)
LOT-0011532,Train
LOT-0011533,Test (Temporal)
LOT-0011534,Test (Temporal)
LOT-0011535,Train
LOT-0011536,Test (Temporal)
LOT-0011537,Train
LOT-0011538,Train
LOT-0011539,Train
LOT-0011540,Train
LOT-0011541,Train
LOT-0011542,Train
LOT-0011543,Train
LOT-0011544,Train
LOT-0011545,Train
LOT-0011546,Train
LOT-0011547,Train
LOT-0011548,Train
LOT-0011549,Train
LOT-0011550,Train
LOT-0011551,Train
LOT-0011552,Test (Temporal)
LOT-0011553,Train
LOT-0011554,Train
LOT-0011555,Test (Temporal)
LOT-0011556,Train
LOT-0011557,Train
LOT-0011558,Train
LOT-0011559,Train
LOT-0011560,Train
LOT-0011561,Train
LOT-0011562,Train
LOT-0011563,Train
LOT-0011564,Train
LOT-0011565,Train
LOT-0011566,Train
LOT-0011567,Train
LOT-0011568,Train
LOT-0011569,Train
LOT-0011570,Train
LOT-0011571,Train
LOT-0011572,Train
LOT-0011573,Train
LOT-0011574,Train
LOT-0011575,Train
LOT-0011576,Train
LOT-0011577,Train
LOT-0011578,Train
LOT-0011579,Train
LOT-0011580,Train
LOT-0011581,Train
LOT-0011582,Train
LOT-0011583,Test (Temporal)
LOT-0011584,Train
LOT-0011585,Test (Temporal)
LOT-0011586,Train
LOT-0011587,Train
LOT-0011588,Train
LOT-0011589,Train
LOT-0011590,Test (Temporal)
LOT-0011591,Train
LOT-0011592,Train
LOT-0011593,Train
LOT-0011594,Test (Temporal)
LOT-0011595,Train
LOT-0011596,Test (Temporal)
LOT-0011597,Train
LOT-0011598,Train
LOT-0011599,Train
LOT-0011600,Train
LOT-0011601,Train
LOT-0011602,Train
LOT-0011603,Train
LOT-0011604,Train
LOT-0011605,Train
LOT-0011606,Train
LOT-0011607,Train
LOT-0011608,Test (Temporal)
LOT-0011609,Train
LOT-0011610,Train
LOT-0011611,Test (Temporal)
LOT-0011612,Train
LOT-0011613,Train
LOT-0011614,Train
LOT-0011615,Train
LOT-0011616,Test (Temporal)
LOT-0011617,Train
LOT-0011618,Train
LOT-0011619,Train
LOT-0011620,Train
LOT-0011621,Train
LOT-0011622,Train
LOT-0011623,Train
LOT-0011624,Train
LOT-0011625,Train
LOT-0011626,Train
LOT-0011627,Train
LOT-0011628,Train
LOT-0011629,Train
LOT-0011630,Train
LOT-0011631,Train
LOT-0011632,Train
LOT-0011633,Train
LOT-0011634,Train
LOT-0011635,Train
LOT-0011636,Train
LOT-0011637,Train
LOT-0011638,Test (Temporal)
LOT-0011639,Test (Temporal)
LOT-0011640,Train
LOT-0011641,Test (Temporal)
LOT-0011642,Train
LOT-0011643,Train
LOT-0011644,Train
LOT-0011645,Train
LOT-0011646,Train
LOT-0011647,Test (Temporal)
LOT-0011648,Test (Temporal)
LOT-0011649,Train
LOT-0011650,Train
LOT-0011651,Train
LOT-0011652,Train
LOT-0011653,Train
LOT-0011654,Train
LOT-0011655,Train
LOT-0011656,Train
LOT-0011657,Train
LOT-0011658,Train
LOT-0011659,Train
LOT-0011660,Test (Temporal)
LOT-0011661,Train
LOT-0011662,Train
LOT-0011663,Train
LOT-0011664,Train
LOT-0011665,Train
LOT-0011666,Test (Temporal)
LOT-0011667,Train
LOT-0011668,Train
LOT-0011669,Train
LOT-0011670,Train
LOT-0011671,Train
LOT-0011672,Train
LOT-0011673,Train
LOT-0011674,Test (Temporal)
LOT-0011675,Train
LOT-0011676,Train
LOT-0011677,Train
LOT-0011678,Train
LOT-0011679,Test (Temporal)
LOT-0011680,Train
LOT-0011681,Train
LOT-0011682,Train
LOT-0011683,Train
LOT-0011684,Train
LOT-0011685,Test (Temporal)
LOT-0011686,Train
LOT-0011687,Test (Temporal)
LOT-0011688,Train
LOT-0011689,Train
LOT-0011690,Train
LOT-0011691,Train
LOT-0011692,Train
LOT-0011693,Train
LOT-0011694,Train
LOT-0011695,Train
LOT-0011696,Train
LOT-0011697,Train
LOT-0011698,Train
LOT-0011699,Train
LOT-0011700,Train
LOT-0011701,Train
LOT-0011702,Train
LOT-0011703,Train
LOT-0011704,Train
LOT-0011705,Train
LOT-0011706,Train
LOT-0011707,Train
LOT-0011708,Train
LOT-0011709,Train
LOT-0011710,Test (Temporal)
LOT-0011711,Train
LOT-0011712,Train
LOT-0011713,Train
LOT-0011714,Test (Temporal)
LOT-0011715,Train
LOT-0011716,Train
LOT-0011717,Train
LOT-0011718,Train
LOT-0011719,Train
LOT-0011720,Train
LOT-0011721,Train
LOT-0011722,Train
LOT-0011723,Train
LOT-0011724,Train
LOT-0011725,Train
LOT-0011726,Train
LOT-0011727,Test (Temporal)
LOT-0011728,Train
LOT-0011729,Train
LOT-0011730,Train
LOT-0011731,Train
LOT-0011732,Train
LOT-0011733,Test (Temporal)
LOT-0011734,Train
LOT-0011735,Train
LOT-0011736,Test (Temporal)
LOT-0011737,Train
LOT-0011738,Train
LOT-0011739,Train
LOT-0011740,Train
LOT-0011741,Train
LOT-0011742,Test (Temporal)
LOT-0011743,Train
LOT-0011744,Train
LOT-0011745,Train
LOT-0011746,Train
LOT-0011747,Train
LOT-0011748,Test (Temporal)
LOT-0011749,Train
LOT-0011750,Train
LOT-0011751,Train
LOT-0011752,Train
LOT-0011753,Train
LOT-0011754,Train
LOT-0011755,Test (Temporal)
LOT-0011756,Train
LOT-0011757,Train
LOT-0011758,Test (Temporal)
LOT-0011759,Test (Temporal)
LOT-0011760,Train
LOT-0011761,Train
LOT-0011762,Train
LOT-0011763,Test (Temporal)
LOT-0011764,Train
LOT-0011765,Train
LOT-0011766,Train
LOT-0011767,Train
LOT-0011768,Train
LOT-0011769,Test (Temporal)
LOT-0011770,Train
LOT-0011771,Test (Temporal)
LOT-0011772,Train
LOT-0011773,Train
LOT-0011774,Train
LOT-0011775,Train
LOT-0011776,Train
LOT-0011777,Train
LOT-0011778,Test (Temporal)
LOT-0011779,Train
LOT-0011780,Test (Temporal)
LOT-0011781,Train
LOT-0011782,Train
LOT-0011783,Train
LOT-0011784,Test (Temporal)
LOT-0011785,Train
LOT-0011786,Train
LOT-0011787,Train
LOT-0011788,Test (Temporal)
LOT-0011789,Train
LOT-0011790,Train
LOT-0011791,Train
LOT-0011792,Train
LOT-0011793,Train
LOT-0011794,Train
LOT-0011795,Test (Temporal)
LOT-0011796,Train
LOT-0011797,Train
LOT-0011798,Train
LOT-0011799,Train
LOT-0011800,Train
LOT-0011801,Test (Temporal)
LOT-0011802,Train
LOT-0011803,Train
LOT-0011804,Train
LOT-0011805,Train
LOT-0011806,Train
LOT-0011807,Test (Temporal)
LOT-0011808,Train
LOT-0011809,Train
LOT-0011810,Train
LOT-0011811,Test (Temporal)
LOT-0011812,Train
LOT-0011813,Train
LOT-0011814,Train
LOT-0011815,Train
LOT-0011816,Train
LOT-0011817,Train
LOT-0011818,Train
LOT-0011819,Test (Temporal)
LOT-0011820,Test (Temporal)
LOT-0011821,Train
LOT-0011822,Train
LOT-0011823,Train
LOT-0011824,Train
LOT-0011825,Train
LOT-0011826,Train
LOT-0011827,Train
LOT-0011828,Train
LOT-0011829,Train
LOT-0011830,Train
LOT-0011831,Train
LOT-0011832,Train
LOT-0011833,Train
LOT-0011834,Test (Temporal)
LOT-0011835,Train
LOT-0011836,Train
LOT-0011837,Train
LOT-0011838,Train
LOT-0011839,Train
LOT-0011840,Test (Temporal)
LOT-0011841,Train
LOT-0011842,Train
LOT-0011843,Train
LOT-0011844,Train
LOT-0011845,Train
LOT-0011846,Test (Temporal)
LOT-0011847,Train
LOT-0011848,Train
LOT-0011849,Train
LOT-0011850,Train
LOT-0011851,Train
LOT-0011852,Train
LOT-0011853,Train
LOT-0011854,Train
LOT-0011855,Train
LOT-0011856,Train
LOT-0011857,Test (Temporal)
LOT-0011858,Train
LOT-0011859,Train
LOT-0011860,Train
LOT-0011861,Train
LOT-0011862,Train
LOT-0011863,Train
LOT-0011864,Train
LOT-0011865,Train
LOT-0011866,Train
LOT-0011867,Train
LOT-0011868,Train
LOT-0011869,Train
LOT-0011870,Test (Temporal)
LOT-0011871,Train
LOT-0011872,Train
LOT-0011873,Train
LOT-0011874,Train
LOT-0011875,Train
LOT-0011876,Train
LOT-0011877,Train
LOT-0011878,Train
LOT-0011879,Train
LOT-0011880,Train
LOT-0011881,Train
LOT-0011882,Train
LOT-0011883,Train
LOT-0011884,Train
LOT-0011885,Train
LOT-0011886,Train
LOT-0011887,Train
LOT-0011888,Train
LOT-0011889,Train
LOT-0011890,Train
LOT-0011891,Train
LOT-0011892,Train
LOT-0011893,Test (Temporal)
LOT-0011894,Train
LOT-0011895,Test (Temporal)
LOT-0011896,Train
LOT-0011897,Test (Temporal)
LOT-0011898,Train
LOT-0011899,Train
LOT-0011900,Train
LOT-0011901,Train
LOT-0011902,Train
LOT-0011903,Train
LOT-0011904,Train
LOT-0011905,Train
LOT-0011906,Train
LOT-0011907,Train
LOT-0011908,Train
LOT-0011909,Train
LOT-0011910,Train
LOT-0011911,Train
LOT-0011912,Train
LOT-0011913,Train
LOT-0011914,Train
LOT-0011915,Train
LOT-0011916,Train
LOT-0011917,Train
LOT-0011918,Train
LOT-0011919,Test (Temporal)
LOT-0011920,Train
LOT-0011921,Train
LOT-0011922,Train
LOT-0011923,Train
LOT-0011924,Train
LOT-0011925,Train
LOT-0011926,Train
LOT-0011927,Train
LOT-0011928,Train
LOT-0011929,Train
LOT-0011930,Train
LOT-0011931,Train
LOT-0011932,Train
LOT-0011933,Train
LOT-0011934,Train
LOT-0011935,Train
LOT-0011936,Train
LOT-0011937,Train
LOT-0011938,Train
LOT-0011939,Train
LOT-0011940,Test (Temporal)
LOT-0011941,Train
LOT-0011942,Train
LOT-0011943,Train
LOT-0011944,Train
LOT-0011945,Train
LOT-0011946,Train
LOT-0011947,Train
LOT-0011948,Test (Temporal)
LOT-0011949,Train
LOT-0011950,Train
LOT-0011951,Test (Temporal)
LOT-0011952,Train
LOT-0011953,Train
LOT-0011954,Train
LOT-0011955,Train
LOT-0011956,Train
LOT-0011957,Train
LOT-0011958,Test (Temporal)
LOT-0011959,Test (Temporal)
LOT-0011960,Train
LOT-0011961,Test (Temporal)
LOT-0011962,Test (Temporal)
LOT-0011963,Train
LOT-0011964,Train
LOT-0011965,Train
LOT-0011966,Train
LOT-0011967,Train
LOT-0011968,Train
LOT-0011969,Train
LOT-0011970,Train
LOT-0011971,Train
LOT-0011972,Train
LOT-0011973,Test (Temporal)
LOT-0011974,Train
LOT-0011975,Train
LOT-0011976,Train
LOT-0011977,Train
LOT-0011978,Train
LOT-0011979,Train
LOT-0011980,Train
LOT-0011981,Train
LOT-0011982,Train
LOT-0011983,Train
LOT-0011984,Train
LOT-0011985,Train
LOT-0011986,Train
LOT-0011987,Test (Temporal)
LOT-0011988,Train
LOT-0011989,Train
LOT-0011990,Train
LOT-0011991,Test (Temporal)
LOT-0011992,Train
LOT-0011993,Test (Temporal)
LOT-0011994,Test (Temporal)
LOT-0011995,Test (Temporal)
LOT-0011996,Train
LOT-0011997,Train
LOT-0011998,Train
LOT-0011999,Train
LOT-0012000,Train
LOT-0012001,Test (Temporal)
LOT-0012002,Train
LOT-0012003,Train
LOT-0012004,Train
LOT-0012005,Train
LOT-0012006,Train
LOT-0012007,Train
LOT-0012008,Train
LOT-0012009,Train
LOT-0012010,Train
LOT-0012011,Train
LOT-0012012,Train
LOT-0012013,Test (Temporal)
LOT-0012014,Train
LOT-0012015,Train
LOT-0012016,Train
LOT-0012017,Train
LOT-0012018,Train
LOT-0012019,Train
LOT-0012020,Train
LOT-0012021,Train
LOT-0012022,Train
LOT-0012023,Train
LOT-0012024,Train
LOT-0012025,Test (Temporal)
LOT-0012026,Train
LOT-0012027,Train
LOT-0012028,Train
LOT-0012029,Train
LOT-0012030,Train
LOT-0012031,Train
LOT-0012032,Train
LOT-0012033,Train
LOT-0012034,Train
LOT-0012035,Train
LOT-0012036,Test (Temporal)
LOT-0012037,Train
LOT-0012038,Train
LOT-0012039,Train
LOT-0012040,Train
LOT-0012041,Train
LOT-0012042,Train
LOT-0012043,Train
LOT-0012044,Train
LOT-0012045,Train
LOT-0012046,Train
LOT-0012047,Test (Temporal)
LOT-0012048,Test (Temporal)
LOT-0012049,Train
LOT-0012050,Train
LOT-0012051,Train
LOT-0012052,Train
LOT-0012053,Train
LOT-0012054,Train
LOT-0012055,Train
LOT-0012056,Train
LOT-0012057,Train
LOT-0012058,Train
LOT-0012059,Train
LOT-0012060,Train
LOT-0012061,Train
LOT-0012062,Train
LOT-0012063,Train
LOT-0012064,Train
LOT-0012065,Test (Temporal)
LOT-0012066,Test (Temporal)
LOT-0012067,Train
LOT-0012068,Test (Temporal)
LOT-0012069,Test (Temporal)
LOT-0012070,Train
LOT-0012071,Test (Temporal)
LOT-0012072,Test (Temporal)
LOT-0012073,Train
LOT-0012074,Train
LOT-0012075,Test (Temporal)
LOT-0012076,Train
LOT-0012077,Train
LOT-0012078,Test (Temporal)
LOT-0012079,Train
LOT-0012080,Train
LOT-0012081,Train
LOT-0012082,Test (Temporal)
LOT-0012083,Train
LOT-0012084,Train
LOT-0012085,Train
LOT-0012086,Train
LOT-0012087,Train
LOT-0012088,Test (Temporal)
LOT-0012089,Train
LOT-0012090,Train
LOT-0012091,Test (Temporal)
LOT-0012092,Train
LOT-0012093,Train
LOT-0012094,Train
LOT-0012095,Test (Temporal)
LOT-0012096,Test (Temporal)
LOT-0012097,Train
LOT-0012098,Train
LOT-0012099,Train
LOT-0012100,Train
LOT-0012101,Train
LOT-0012102,Train
LOT-0012103,Train
LOT-0012104,Train
LOT-0012105,Train
LOT-0012106,Test (Temporal)
LOT-0012107,Train
LOT-0012108,Train
LOT-0012109,Train
LOT-0012110,Train
LOT-0012111,Train
LOT-0012112,Train
LOT-0012113,Train
LOT-0012114,Train
LOT-0012115,Train
LOT-0012116,Train
LOT-0012117,Train
LOT-0012118,Train
LOT-0012119,Train
LOT-0012120,Test (Temporal)
LOT-0012121,Train
LOT-0012122,Train
LOT-0012123,Train
LOT-0012124,Train
LOT-0012125,Train
LOT-0012126,Train
LOT-0012127,Train
LOT-0012128,Test (Temporal)
LOT-0012129,Train
LOT-0012130,Train
LOT-0012131,Train
LOT-0012132,Train
LOT-0012133,Train
LOT-0012134,Train
LOT-0012135,Train
LOT-0012136,Train
LOT-0012137,Test (Temporal)
LOT-0012138,Train
LOT-0012139,Train
LOT-0012140,Train
LOT-0012141,Train
LOT-0012142,Train
LOT-0012143,Train
LOT-0012144,Train
LOT-0012145,Train
LOT-0012146,Train
LOT-0012147,Train
LOT-0012148,Train
LOT-0012149,Train
LOT-0012150,Train
LOT-0012151,Train
LOT-0012152,Train
LOT-0012153,Test (Temporal)
LOT-0012154,Train
LOT-0012155,Test (Temporal)
LOT-0012156,Train
LOT-0012157,Test (Temporal)
LOT-0012158,Train
LOT-0012159,Train
LOT-0012160,Train
LOT-0012161,Train
LOT-0012162,Train
LOT-0012163,Test (Temporal)
LOT-0012164,Train
LOT-0012165,Train
LOT-0012166,Train
LOT-0012167,Test (Temporal)
LOT-0012168,Train
LOT-0012169,Train
LOT-0012170,Train
LOT-0012171,Train
LOT-0012172,Train
LOT-0012173,Train
LOT-0012174,Train
LOT-0012175,Test (Temporal)
LOT-0012176,Train
LOT-0012177,Train
LOT-0012178,Train
LOT-0012179,Train
LOT-0012180,Train
LOT-0012181,Train
LOT-0012182,Train
LOT-0012183,Train
LOT-0012184,Test (Temporal)
LOT-0012185,Train
LOT-0012186,Train
LOT-0012187,Train
LOT-0012188,Test (Temporal)
LOT-0012189,Train
LOT-0012190,Train
LOT-0012191,Train
LOT-0012192,Train
LOT-0012193,Train
LOT-0012194,Train
LOT-0012195,Train
LOT-0012196,Train
LOT-0012197,Train
LOT-0012198,Train
LOT-0012199,Test (Temporal)
LOT-0012200,Test (Temporal)
LOT-0012201,Test (Temporal)
LOT-0012202,Train
LOT-0012203,Train
LOT-0012204,Train
LOT-0012205,Train
LOT-0012206,Test (Temporal)
LOT-0012207,Train
LOT-0012208,Train
LOT-0012209,Train
LOT-0012210,Train
LOT-0012211,Test (Temporal)
LOT-0012212,Test (Temporal)
LOT-0012213,Train
LOT-0012214,Train
LOT-0012215,Train
LOT-0012216,Train
LOT-0012217,Train
LOT-0012218,Train
LOT-0012219,Train
LOT-0012220,Train
LOT-0012221,Train
LOT-0012222,Test (Temporal)
LOT-0012223,Train
LOT-0012224,Train
LOT-0012225,Train
LOT-0012226,Train
LOT-0012227,Test (Temporal)
LOT-0012228,Train
LOT-0012229,Test (Temporal)
LOT-0012230,Train
LOT-0012231,Train
LOT-0012232,Train
LOT-0012233,Train
LOT-0012234,Train
LOT-0012235,Train
LOT-0012236,Train
LOT-0012237,Train
LOT-0012238,Train
LOT-0012239,Train
LOT-0012240,Train
LOT-0012241,Train
LOT-0012242,Train
LOT-0012243,Train
LOT-0012244,Train
LOT-0012245,Train
LOT-0012246,Train
LOT-0012247,Train
LOT-0012248,Train
LOT-0012249,Test (Temporal)
LOT-0012250,Train
LOT-0012251,Train
LOT-0012252,Train
LOT-0012253,Train
LOT-0012254,Train
LOT-0012255,Train
LOT-0012256,Train
LOT-0012257,Test (Temporal)
LOT-0012258,Train
LOT-0012259,Train
LOT-0012260,Train
LOT-0012261,Train
LOT-0012262,Train
LOT-0012263,Train
LOT-0012264,Train
LOT-0012265,Train
LOT-0012266,Test (Temporal)
LOT-0012267,Test (Temporal)
LOT-0012268,Test (Temporal)
LOT-0012269,Train
LOT-0012270,Train
LOT-0012271,Train
LOT-0012272,Test (Temporal)
LOT-0012273,Train
LOT-0012274,Train
LOT-0012275,Train
LOT-0012276,Test (Temporal)
LOT-0012277,Train
LOT-0012278,Train
LOT-0012279,Train
LOT-0012280,Train
LOT-0012281,Train
LOT-0012282,Test (Temporal)
LOT-0012283,Train
LOT-0012284,Train
LOT-0012285,Test (Temporal)
LOT-0012286,Train
LOT-0012287,Test (Temporal)
LOT-0012288,Test (Temporal)
LOT-0012289,Train
LOT-0012290,Train
LOT-0012291,Train
LOT-0012292,Train
LOT-0012293,Train
LOT-0012294,Test (Temporal)
LOT-0012295,Test (Temporal)
LOT-0012296,Train
LOT-0012297,Train
LOT-0012298,Train
LOT-0012299,Train
LOT-0012300,Train
LOT-0012301,Train
LOT-0012302,Train
LOT-0012303,Train
LOT-0012304,Train
LOT-0012305,Test (Temporal)
LOT-0012306,Train
LOT-0012307,Train
LOT-0012308,Train
LOT-0012309,Train
LOT-0012310,Train
LOT-0012311,Train
LOT-0012312,Train
LOT-0012313,Train
LOT-0012314,Train
LOT-0012315,Train
LOT-0012316,Test (Temporal)
LOT-0012317,Train
LOT-0012318,Train
LOT-0012319,Test (Temporal)
LOT-0012320,Train
LOT-0012321,Train
LOT-0012322,Train
LOT-0012323,Train
LOT-0012324,Train
LOT-0012325,Train
LOT-0012326,Train
LOT-0012327,Train
LOT-0012328,Train
LOT-0012329,Train
LOT-0012330,Train
LOT-0012331,Train
LOT-0012332,Train
LOT-0012333,Train
LOT-0012334,Train
LOT-0012335,Train
LOT-0012336,Train
LOT-0012337,Test (Temporal)
LOT-0012338,Train
LOT-0012339,Train
LOT-0012340,Train
LOT-0012341,Train
LOT-0012342,Train
LOT-0012343,Train
LOT-0012344,Train
LOT-0012345,Test (Temporal)
LOT-0012346,Train
LOT-0012347,Train
LOT-0012348,Train
LOT-0012349,Train
LOT-0012350,Test (Temporal)
LOT-0012351,Train
LOT-0012352,Train
LOT-0012353,Train
LOT-0012354,Train
LOT-0012355,Train
LOT-0012356,Train
LOT-0012357,Train
LOT-0012358,Test (Temporal)
LOT-0012359,Train
LOT-0012360,Train
LOT-0012361,Train
LOT-0012362,Train
LOT-0012363,Train
LOT-0012364,Train
LOT-0012365,Test (Temporal)
LOT-0012366,Train
LOT-0012367,Train
LOT-0012368,Train
LOT-0012369,Train
LOT-0012370,Train
LOT-0012371,Train
LOT-0012372,Train
LOT-0012373,Train
LOT-0012374,Test (Temporal)
LOT-0012375,Train
LOT-0012376,Train
LOT-0012377,Train
LOT-0012378,Train
LOT-0012379,Train
LOT-0012380,Train
LOT-0012381,Train
LOT-0012382,Train
LOT-0012383,Train
LOT-0012384,Train
LOT-0012385,Train
LOT-0012386,Train
LOT-0012387,Train
LOT-0012388,Train
LOT-0012389,Train
LOT-0012390,Train
LOT-0012391,Train
LOT-0012392,Test (Temporal)
LOT-0012393,Train
LOT-0012394,Train
LOT-0012395,Train
LOT-0012396,Train
LOT-0012397,Train
LOT-0012398,Train
LOT-0012399,Train
LOT-0012400,Test (Temporal)
LOT-0012401,Train
LOT-0012402,Train
LOT-0012403,Train
LOT-0012404,Test (Temporal)
LOT-0012405,Train
LOT-0012406,Train
LOT-0012407,Train
LOT-0012408,Train
LOT-0012409,Train
LOT-0012410,Train
LOT-0012411,Train
LOT-0012412,Train
LOT-0012413,Train
LOT-0012414,Train
LOT-0012415,Test (Temporal)
LOT-0012416,Train
LOT-0012417,Train
LOT-0012418,Train
LOT-0012419,Train
LOT-0012420,Train
LOT-0012421,Train
LOT-0012422,Train
LOT-0012423,Train
LOT-0012424,Train
LOT-0012425,Train
LOT-0012426,Train
LOT-0012427,Train
LOT-0012428,Train
LOT-0012429,Train
LOT-0012430,Test (Temporal)
LOT-0012431,Train
LOT-0012432,Test (Temporal)
LOT-0012433,Train
LOT-0012434,Test (Temporal)
LOT-0012435,Train
LOT-0012436,Train
LOT-0012437,Train
LOT-0012438,Train
LOT-0012439,Train
LOT-0012440,Train
LOT-0012441,Train
LOT-0012442,Train
LOT-0012443,Test (Temporal)
LOT-0012444,Test (Temporal)
LOT-0012445,Train
LOT-0012446,Test (Temporal)
LOT-0012447,Train
LOT-0012448,Train
LOT-0012449,Train
LOT-0012450,Train
LOT-0012451,Train
LOT-0012452,Train
LOT-0012453,Train
LOT-0012454,Train
LOT-0012455,Train
LOT-0012456,Train
LOT-0012457,Train
LOT-0012458,Train
LOT-0012459,Train
LOT-0012460,Train
LOT-0012461,Train
LOT-0012462,Train
LOT-0012463,Train
LOT-0012464,Train
LOT-0012465,Train
LOT-0012466,Test (Temporal)
LOT-0012467,Train
LOT-0012468,Train
LOT-0012469,Test (Temporal)
LOT-0012470,Train
LOT-0012471,Train
LOT-0012472,Train
LOT-0012473,Train
LOT-0012474,Train
LOT-0012475,Train
LOT-0012476,Train
LOT-0012477,Train
LOT-0012478,Train
LOT-0012479,Train
LOT-0012480,Train
LOT-0012481,Test (Temporal)
LOT-0012482,Train
LOT-0012483,Train
LOT-0012484,Train
LOT-0012485,Train
LOT-0012486,Train
LOT-0012487,Test (Temporal)
LOT-0012488,Train
LOT-0012489,Train
LOT-0012490,Train
LOT-0012491,Train
LOT-0012492,Train
LOT-0012493,Train
LOT-0012494,Test (Temporal)
LOT-0012495,Train
LOT-0012496,Train
LOT-0012497,Train
LOT-0012498,Train
LOT-0012499,Train
LOT-0012500,Train
LOT-0012501,Train
LOT-0012502,Train
LOT-0012503,Train
LOT-0012504,Test (Temporal)
LOT-0012505,Train
LOT-0012506,Train
LOT-0012507,Train
LOT-0012508,Test (Temporal)
LOT-0012509,Train
LOT-0012510,Test (Temporal)
LOT-0012511,Train
LOT-0012512,Train
LOT-0012513,Train
LOT-0012514,Train
LOT-0012515,Train
LOT-0012516,Train
LOT-0012517,Train
LOT-0012518,Train
LOT-0012519,Train
LOT-0012520,Train
LOT-0012521,Train
LOT-0012522,Test (Temporal)
LOT-0012523,Train
LOT-0012524,Train
LOT-0012525,Train
LOT-0012526,Train
LOT-0012527,Train
LOT-0012528,Test (Temporal)
LOT-0012529,Train
LOT-0012530,Test (Temporal)
LOT-0012531,Train
LOT-0012532,Test (Temporal)
LOT-0012533,Train
LOT-0012534,Test (Temporal)
LOT-0012535,Train
LOT-0012536,Train
LOT-0012537,Train
LOT-0012538,Test (Temporal)
LOT-0012539,Train
LOT-0012540,Train
LOT-0012541,Test (Temporal)
LOT-0012542,Test (Temporal)
LOT-0012543,Train
LOT-0012544,Train
LOT-0012545,Train
LOT-0012546,Train
LOT-0012547,Train
LOT-0012548,Train
LOT-0012549,Train
LOT-0012550,Test (Temporal)
LOT-0012551,Train
LOT-0012552,Train
LOT-0012553,Train
LOT-0012554,Train
LOT-0012555,Train
LOT-0012556,Train
LOT-0012557,Train
LOT-0012558,Train
LOT-0012559,Test (Temporal)
LOT-0012560,Train
LOT-0012561,Train
LOT-0012562,Train
LOT-0012563,Train
LOT-0012564,Train
LOT-0012565,Train
LOT-0012566,Train
LOT-0012567,Train
LOT-0012568,Train
LOT-0012569,Train
LOT-0012570,Train
LOT-0012571,Train
LOT-0012572,Test (Temporal)
LOT-0012573,Train
LOT-0012574,Test (Temporal)
LOT-0012575,Test (Temporal)
LOT-0012576,Train
LOT-0012577,Train
LOT-0012578,Train
LOT-0012579,Train
LOT-0012580,Train
LOT-0012581,Train
LOT-0012582,Test (Temporal)
LOT-0012583,Train
LOT-0012584,Train
LOT-0012585,Train
LOT-0012586,Train
LOT-0012587,Train
LOT-0012588,Train
LOT-0012589,Train
LOT-0012590,Train
LOT-0012591,Test (Temporal)
LOT-0012592,Train
LOT-0012593,Train
LOT-0012594,Train
LOT-0012595,Train
LOT-0012596,Train
LOT-0012597,Train
LOT-0012598,Train
LOT-0012599,Test (Temporal)
LOT-0012600,Train
LOT-0012601,Train
LOT-0012602,Train
LOT-0012603,Test (Temporal)
LOT-0012604,Train
LOT-0012605,Train
LOT-0012606,Train
LOT-0012607,Train
LOT-0012608,Train
LOT-0012609,Test (Temporal)
LOT-0012610,Train
LOT-0012611,Train
LOT-0012612,Train
LOT-0012613,Test (Temporal)
LOT-0012614,Train
LOT-0012615,Test (Temporal)
LOT-0012616,Test (Temporal)
LOT-0012617,Train
LOT-0012618,Train
LOT-0012619,Train
LOT-0012620,Train
LOT-0012621,Train
LOT-0012622,Train
LOT-0012623,Test (Temporal)
LOT-0012624,Train
LOT-0012625,Train
LOT-0012626,Train
LOT-0012627,Train
LOT-0012628,Train
LOT-0012629,Train
LOT-0012630,Train
LOT-0012631,Train
LOT-0012632,Train
LOT-0012633,Train
LOT-0012634,Train
LOT-0012635,Train
LOT-0012636,Train
LOT-0012637,Train
LOT-0012638,Train
LOT-0012639,Train
LOT-0012640,Train
LOT-0012641,Train
LOT-0012642,Train
LOT-0012643,Train
LOT-0012644,Test (Temporal)
LOT-0012645,Train
LOT-0012646,Train
LOT-0012647,Train
LOT-0012648,Train
LOT-0012649,Train
LOT-0012650,Train
LOT-0012651,Train
LOT-0012652,Train
LOT-0012653,Train
LOT-0012654,Train
LOT-0012655,Train
LOT-0012656,Train
LOT-0012657,Train
LOT-0012658,Train
LOT-0012659,Train
LOT-0012660,Train
LOT-0012661,Train
LOT-0012662,Test (Temporal)
LOT-0012663,Train
LOT-0012664,Train
LOT-0012665,Train
LOT-0012666,Test (Temporal)
LOT-0012667,Train
LOT-0012668,Train
LOT-0012669,Train
LOT-0012670,Test (Temporal)
LOT-0012671,Train
LOT-0012672,Train
LOT-0012673,Train
LOT-0012674,Train
LOT-0012675,Test (Temporal)
LOT-0012676,Test (Temporal)
LOT-0012677,Test (Temporal)
LOT-0012678,Train
LOT-0012679,Test (Temporal)
LOT-0012680,Train
LOT-0012681,Train
LOT-0012682,Train
LOT-0012683,Test (Temporal)
LOT-0012684,Train
LOT-0012685,Train
LOT-0012686,Train
LOT-0012687,Train
LOT-0012688,Train
LOT-0012689,Train
LOT-0012690,Train
LOT-0012691,Train
LOT-0012692,Train
LOT-0012693,Train
LOT-0012694,Test (Temporal)
LOT-0012695,Train
LOT-0012696,Train
LOT-0012697,Train
LOT-0012698,Train
LOT-0012699,Train
LOT-0012700,Test (Temporal)
LOT-0012701,Train
LOT-0012702,Train
LOT-0012703,Test (Temporal)
LOT-0012704,Train
LOT-0012705,Train
LOT-0012706,Train
LOT-0012707,Train
LOT-0012708,Train
LOT-0012709,Train
LOT-0012710,Train
LOT-0012711,Test (Temporal)
LOT-0012712,Train
LOT-0012713,Test (Temporal)
LOT-0012714,Train
LOT-0012715,Test (Temporal)
LOT-0012716,Train
LOT-0012717,Train
LOT-0012718,Test (Temporal)
LOT-0012719,Train
LOT-0012720,Test (Temporal)
LOT-0012721,Train
LOT-0012722,Train
LOT-0012723,Test (Temporal)
LOT-0012724,Train
LOT-0012725,Train
LOT-0012726,Train
LOT-0012727,Train
LOT-0012728,Train
LOT-0012729,Train
LOT-0012730,Train
LOT-0012731,Train
LOT-0012732,Test (Temporal)
LOT-0012733,Train
LOT-0012734,Train
LOT-0012735,Train
LOT-0012736,Train
LOT-0012737,Train
LOT-0012738,Test (Temporal)
LOT-0012739,Train
LOT-0012740,Train
LOT-0012741,Train
LOT-0012742,Train
LOT-0012743,Train
LOT-0012744,Train
LOT-0012745,Train
LOT-0012746,Train
LOT-0012747,Train
LOT-0012748,Train
LOT-0012749,Test (Temporal)
LOT-0012750,Train
LOT-0012751,Train
LOT-0012752,Train
LOT-0012753,Test (Temporal)
LOT-0012754,Train
LOT-0012755,Test (Temporal)
LOT-0012756,Train
LOT-0012757,Train
LOT-0012758,Train
LOT-0012759,Train
LOT-0012760,Train
LOT-0012761,Test (Temporal)
LOT-0012762,Train
LOT-0012763,Train
LOT-0012764,Train
LOT-0012765,Train
LOT-0012766,Test (Temporal)
LOT-0012767,Test (Temporal)
LOT-0012768,Train
LOT-0012769,Train
LOT-0012770,Test (Temporal)
LOT-0012771,Train
LOT-0012772,Train
LOT-0012773,Test (Temporal)
LOT-0012774,Train
LOT-0012775,Train
LOT-0012776,Train
LOT-0012777,Test (Temporal)
LOT-0012778,Test (Temporal)
LOT-0012779,Test (Temporal)
LOT-0012780,Train
LOT-0012781,Train
LOT-0012782,Train
LOT-0012783,Train
LOT-0012784,Train
LOT-0012785,Train
LOT-0012786,Test (Temporal)
LOT-0012787,Train
LOT-0012788,Train
LOT-0012789,Train
LOT-0012790,Train
LOT-0012791,Train
LOT-0012792,Train
LOT-0012793,Train
LOT-0012794,Train
LOT-0012795,Train
LOT-0012796,Train
LOT-0012797,Test (Temporal)
LOT-0012798,Train
LOT-0012799,Train
LOT-0012800,Train
LOT-0012801,Train
LOT-0012802,Train
LOT-0012803,Train
LOT-0012804,Train
LOT-0012805,Train
LOT-0012806,Test (Temporal)
LOT-0012807,Train
LOT-0012808,Train
LOT-0012809,Train
LOT-0012810,Train
LOT-0012811,Train
LOT-0012812,Train
LOT-0012813,Train
LOT-0012814,Train
LOT-0012815,Train
LOT-0012816,Train
LOT-0012817,Train
LOT-0012818,Train
LOT-0012819,Train
LOT-0012820,Train
LOT-0012821,Train
LOT-0012822,Train
LOT-0012823,Train
LOT-0012824,Train
LOT-0012825,Train
LOT-0012826,Train
LOT-0012827,Train
LOT-0012828,Train
LOT-0012829,Train
LOT-0012830,Train
LOT-0012831,Train
LOT-0012832,Train
LOT-0012833,Train
LOT-0012834,Train
LOT-0012835,Train
LOT-0012836,Train
LOT-0012837,Train
LOT-0012838,Train
LOT-0012839,Test (Temporal)
LOT-0012840,Train
LOT-0012841,Train
LOT-0012842,Test (Temporal)
LOT-0012843,Train
LOT-0012844,Train
LOT-0012845,Train
LOT-0012846,Train
LOT-0012847,Train
LOT-0012848,Train
LOT-0012849,Test (Temporal)
LOT-0012850,Train
LOT-0012851,Train
LOT-0012852,Train
LOT-0012853,Train
LOT-0012854,Train
LOT-0012855,Test (Temporal)
LOT-0012856,Train
LOT-0012857,Train
LOT-0012858,Train
LOT-0012859,Train
LOT-0012860,Train
LOT-0012861,Train
LOT-0012862,Test (Temporal)
LOT-0012863,Train
LOT-0012864,Train
LOT-0012865,Train
LOT-0012866,Train
LOT-0012867,Train
LOT-0012868,Train
LOT-0012869,Train
LOT-0012870,Train
LOT-0012871,Train
LOT-0012872,Train
LOT-0012873,Train
LOT-0012874,Train
LOT-0012875,Train
LOT-0012876,Train
LOT-0012877,Train
LOT-0012878,Train
LOT-0012879,Train
LOT-0012880,Train
LOT-0012881,Train
LOT-0012882,Train
LOT-0012883,Train
LOT-0012884,Train
LOT-0012885,Train
LOT-0012886,Train
LOT-0012887,Train
LOT-0012888,Train
LOT-0012889,Train
LOT-0012890,Train
LOT-0012891,Train
LOT-0012892,Train
LOT-0012893,Train
LOT-0012894,Train
LOT-0012895,Train
LOT-0012896,Train
LOT-0012897,Train
LOT-0012898,Train
LOT-0012899,Train
LOT-0012900,Train
LOT-0012901,Train
LOT-0012902,Train
LOT-0012903,Train
LOT-0012904,Train
LOT-0012905,Train
LOT-0012906,Train
LOT-0012907,Train
LOT-0012908,Train
LOT-0012909,Train
LOT-0012910,Train
LOT-0012911,Train
LOT-0012912,Train
LOT-0012913,Train
LOT-0012914,Train
LOT-0012915,Train
LOT-0012916,Train
LOT-0012917,Train
LOT-0012918,Train
LOT-0012919,Test (Temporal)
LOT-0012920,Test (Temporal)
LOT-0012921,Train
LOT-0012922,Train
LOT-0012923,Train
LOT-0012924,Train
LOT-0012925,Train
LOT-0012926,Train
LOT-0012927,Train
LOT-0012928,Test (Temporal)
LOT-0012929,Train
LOT-0012930,Test (Temporal)
LOT-0012931,Train
LOT-0012932,Train
LOT-0012933,Train
LOT-0012934,Test (Temporal)
LOT-0012935,Train
LOT-0012936,Train
LOT-0012937,Train
LOT-0012938,Train
LOT-0012939,Train
LOT-0012940,Train
LOT-0012941,Train
LOT-0012942,Train
LOT-0012943,Test (Temporal)
LOT-0012944,Train
LOT-0012945,Train
LOT-0012946,Train
LOT-0012947,Train
LOT-0012948,Test (Temporal)
LOT-0012949,Test (Temporal)
LOT-0012950,Train
LOT-0012951,Train
LOT-0012952,Train
LOT-0012953,Train
LOT-0012954,Train
LOT-0012955,Test (Temporal)
LOT-0012956,Test (Temporal)
LOT-0012957,Train
LOT-0012958,Train
LOT-0012959,Train
LOT-0012960,Train
LOT-0012961,Test (Temporal)
LOT-0012962,Train
LOT-0012963,Train
LOT-0012964,Train
LOT-0012965,Test (Temporal)
LOT-0012966,Test (Temporal)
LOT-0012967,Test (Temporal)
LOT-0012968,Train
LOT-0012969,Test (Temporal)
LOT-0012970,Test (Temporal)
LOT-0012971,Test (Temporal)
LOT-0012972,Train
LOT-0012973,Train
LOT-0012974,Train
LOT-0012975,Train
LOT-0012976,Train
LOT-0012977,Train
LOT-0012978,Test (Temporal)
LOT-0012979,Train
LOT-0012980,Train
LOT-0012981,Train
LOT-0012982,Train
LOT-0012983,Train
LOT-0012984,Train
LOT-0012985,Train
LOT-0012986,Train
LOT-0012987,Train
LOT-0012988,Train
LOT-0012989,Train
LOT-0012990,Train
LOT-0012991,Train
LOT-0012992,Train
LOT-0012993,Train
LOT-0012994,Train
LOT-0012995,Train
LOT-0012996,Train
LOT-0012997,Train
LOT-0012998,Test (Temporal)
LOT-0012999,Train
LOT-0013000,Train
LOT-0013001,Train
LOT-0013002,Test (Temporal)
LOT-0013003,Test (Temporal)
LOT-0013004,Train
LOT-0013005,Test (Temporal)
LOT-0013006,Train
LOT-0013007,Train
LOT-0013008,Train
LOT-0013009,Train
LOT-0013010,Train
LOT-0013011,Test (Temporal)
LOT-0013012,Train
LOT-0013013,Train
LOT-0013014,Train
LOT-0013015,Train
LOT-0013016,Train
LOT-0013017,Train
LOT-0013018,Test (Temporal)
LOT-0013019,Train
LOT-0013020,Train
LOT-0013021,Train
LOT-0013022,Train
LOT-0013023,Train
LOT-0013024,Train
LOT-0013025,Test (Temporal)
LOT-0013026,Train
LOT-0013027,Train
LOT-0013028,Train
LOT-0013029,Test (Temporal)
LOT-0013030,Train
LOT-0013031,Test (Temporal)
LOT-0013032,Test (Temporal)
LOT-0013033,Train
LOT-0013034,Train
LOT-0013035,Test (Temporal)
LOT-0013036,Test (Temporal)
LOT-0013037,Train
LOT-0013038,Train
LOT-0013039,Train
LOT-0013040,Train
LOT-0013041,Train
LOT-0013042,Train
LOT-0013043,Train
LOT-0013044,Train
LOT-0013045,Train
LOT-0013046,Train
LOT-0013047,Train
LOT-0013048,Train
LOT-0013049,Test (Temporal)
LOT-0013050,Test (Temporal)
LOT-0013051,Train
LOT-0013052,Train
LOT-0013053,Train
LOT-0013054,Train
LOT-0013055,Train
LOT-0013056,Train
LOT-0013057,Train
LOT-0013058,Train
LOT-0013059,Train
LOT-0013060,Train
LOT-0013061,Train
LOT-0013062,Train
LOT-0013063,Train
LOT-0013064,Train
LOT-0013065,Train
LOT-0013066,Test (Temporal)
LOT-0013067,Train
LOT-0013068,Train
LOT-0013069,Train
LOT-0013070,Train
LOT-0013071,Train
LOT-0013072,Train
LOT-0013073,Train
LOT-0013074,Train
LOT-0013075,Train
LOT-0013076,Train
LOT-0013077,Train
LOT-0013078,Test (Temporal)
LOT-0013079,Train
LOT-0013080,Train
LOT-0013081,Train
LOT-0013082,Train
LOT-0013083,Test (Temporal)
LOT-0013084,Train
LOT-0013085,Train
LOT-0013086,Test (Temporal)
LOT-0013087,Train
LOT-0013088,Test (Temporal)
LOT-0013089,Train
LOT-0013090,Test (Temporal)
LOT-0013091,Train
LOT-0013092,Train
LOT-0013093,Train
LOT-0013094,Train
LOT-0013095,Train
LOT-0013096,Train
LOT-0013097,Train
LOT-0013098,Train
LOT-0013099,Train
LOT-0013100,Test (Temporal)
LOT-0013101,Train
LOT-0013102,Train
LOT-0013103,Test (Temporal)
LOT-0013104,Train
LOT-0013105,Train
LOT-0013106,Test (Temporal)
LOT-0013107,Train
LOT-0013108,Train
LOT-0013109,Train
LOT-0013110,Test (Temporal)
LOT-0013111,Train
LOT-0013112,Train
LOT-0013113,Train
LOT-0013114,Train
LOT-0013115,Train
LOT-0013116,Train
LOT-0013117,Train
LOT-0013118,Train
LOT-0013119,Train
LOT-0013120,Train
LOT-0013121,Train
LOT-0013122,Train
LOT-0013123,Train
LOT-0013124,Train
LOT-0013125,Train
LOT-0013126,Test (Temporal)
LOT-0013127,Train
LOT-0013128,Train
LOT-0013129,Train
LOT-0013130,Train
LOT-0013131,Train
LOT-0013132,Train
LOT-0013133,Train
LOT-0013134,Test (Temporal)
LOT-0013135,Train
LOT-0013136,Train
LOT-0013137,Train
LOT-0013138,Test (Temporal)
LOT-0013139,Train
LOT-0013140,Train
LOT-0013141,Train
LOT-0013142,Train
LOT-0013143,Train
LOT-0013144,Train
LOT-0013145,Train
LOT-0013146,Train
LOT-0013147,Train
LOT-0013148,Train
LOT-0013149,Train
LOT-0013150,Train
LOT-0013151,Train
LOT-0013152,Train
LOT-0013153,Train
LOT-0013154,Train
LOT-0013155,Train
LOT-0013156,Train
LOT-0013157,Train
LOT-0013158,Test (Temporal)
LOT-0013159,Train
LOT-0013160,Train
LOT-0013161,Train
LOT-0013162,Train
LOT-0013163,Train
LOT-0013164,Train
LOT-0013165,Train
LOT-0013166,Test (Temporal)
LOT-0013167,Train
LOT-0013168,Train
LOT-0013169,Test (Temporal)
LOT-0013170,Train
LOT-0013171,Train
LOT-0013172,Train
LOT-0013173,Train
LOT-0013174,Train
LOT-0013175,Train
LOT-0013176,Train
LOT-0013177,Test (Temporal)
LOT-0013178,Train
LOT-0013179,Test (Temporal)
LOT-0013180,Test (Temporal)
LOT-0013181,Train
LOT-0013182,Train
LOT-0013183,Train
LOT-0013184,Train
LOT-0013185,Train
LOT-0013186,Train
LOT-0013187,Test (Temporal)
LOT-0013188,Test (Temporal)
LOT-0013189,Train
LOT-0013190,Train
LOT-0013191,Test (Temporal)
LOT-0013192,Test (Temporal)
LOT-0013193,Train
LOT-0013194,Train
LOT-0013195,Train
LOT-0013196,Train
LOT-0013197,Train
LOT-0013198,Train
LOT-0013199,Train
LOT-0013200,Train
LOT-0013201,Train
LOT-0013202,Train
LOT-0013203,Train
LOT-0013204,Train
LOT-0013205,Train
LOT-0013206,Train
LOT-0013207,Train
LOT-0013208,Train
LOT-0013209,Train
LOT-0013210,Train
LOT-0013211,Train
LOT-0013212,Train
LOT-0013213,Train
LOT-0013214,Train
LOT-0013215,Test (Temporal)
LOT-0013216,Train
LOT-0013217,Train
LOT-0013218,Train
LOT-0013219,Test (Temporal)
LOT-0013220,Train
LOT-0013221,Train
LOT-0013222,Train
LOT-0013223,Train
LOT-0013224,Train
LOT-0013225,Train
LOT-0013226,Train
LOT-0013227,Train
LOT-0013228,Train
LOT-0013229,Train
LOT-0013230,Test (Temporal)
LOT-0013231,Train
LOT-0013232,Train
LOT-0013233,Train
LOT-0013234,Train
LOT-0013235,Train
LOT-0013236,Test (Temporal)
LOT-0013237,Train
LOT-0013238,Train
LOT-0013239,Train
LOT-0013240,Test (Temporal)
LOT-0013241,Train
LOT-0013242,Train
LOT-0013243,Train
LOT-0013244,Train
LOT-0013245,Train
LOT-0013246,Train
LOT-0013247,Train
LOT-0013248,Train
LOT-0013249,Train
LOT-0013250,Train
LOT-0013251,Train
LOT-0013252,Test (Temporal)
LOT-0013253,Train
LOT-0013254,Train
LOT-0013255,Test (Temporal)
LOT-0013256,Test (Temporal)
LOT-0013257,Train
LOT-0013258,Test (Temporal)
LOT-0013259,Test (Temporal)
LOT-0013260,Train
LOT-0013261,Train
LOT-0013262,Train
LOT-0013263,Train
LOT-0013264,Train
LOT-0013265,Train
LOT-0013266,Train
LOT-0013267,Train
LOT-0013268,Train
LOT-0013269,Test (Temporal)
LOT-0013270,Train
LOT-0013271,Train
LOT-0013272,Train
LOT-0013273,Train
LOT-0013274,Test (Temporal)
LOT-0013275,Train
LOT-0013276,Train
LOT-0013277,Train
LOT-0013278,Train
LOT-0013279,Test (Temporal)
LOT-0013280,Train
LOT-0013281,Train
LOT-0013282,Train
LOT-0013283,Train
LOT-0013284,Test (Temporal)
LOT-0013285,Train
LOT-0013286,Train
LOT-0013287,Train
LOT-0013288,Train
LOT-0013289,Train
LOT-0013290,Train
LOT-0013291,Train
LOT-0013292,Train
LOT-0013293,Train
LOT-0013294,Train
LOT-0013295,Train
LOT-0013296,Train
LOT-0013297,Test (Temporal)
LOT-0013298,Train
LOT-0013299,Test (Temporal)
LOT-0013300,Train
LOT-0013301,Test (Temporal)
LOT-0013302,Train
LOT-0013303,Train
LOT-0013304,Train
LOT-0013305,Train
LOT-0013306,Train
LOT-0013307,Train
LOT-0013308,Train
LOT-0013309,Train
LOT-0013310,Test (Temporal)
LOT-0013311,Train
LOT-0013312,Train
LOT-0013313,Train
LOT-0013314,Train
LOT-0013315,Train
LOT-0013316,Train
LOT-0013317,Train
LOT-0013318,Train
LOT-0013319,Train
LOT-0013320,Train
LOT-0013321,Train
LOT-0013322,Train
LOT-0013323,Train
LOT-0013324,Train
LOT-0013325,Train
LOT-0013326,Train
LOT-0013327,Train
LOT-0013328,Train
LOT-0013329,Train
LOT-0013330,Train
LOT-0013331,Train
LOT-0013332,Train
LOT-0013333,Test (Temporal)
LOT-0013334,Test (Temporal)
LOT-0013335,Train
LOT-0013336,Train
LOT-0013337,Train
LOT-0013338,Train
LOT-0013339,Train
LOT-0013340,Train
LOT-0013341,Train
LOT-0013342,Train
LOT-0013343,Train
LOT-0013344,Train
LOT-0013345,Train
LOT-0013346,Train
LOT-0013347,Train
LOT-0013348,Train
LOT-0013349,Train
LOT-0013350,Train
LOT-0013351,Train
LOT-0013352,Train
LOT-0013353,Train
LOT-0013354,Test (Temporal)
LOT-0013355,Train
LOT-0013356,Test (Temporal)
LOT-0013357,Test (Temporal)
LOT-0013358,Test (Temporal)
LOT-0013359,Train
LOT-0013360,Train
LOT-0013361,Train
LOT-0013362,Train
LOT-0013363,Train
LOT-0013364,Train
LOT-0013365,Train
LOT-0013366,Train
LOT-0013367,Train
LOT-0013368,Train
LOT-0013369,Train
LOT-0013370,Train
LOT-0013371,Train
LOT-0013372,Train
LOT-0013373,Train
LOT-0013374,Train
LOT-0013375,Train
LOT-0013376,Train
LOT-0013377,Train
LOT-0013378,Train
LOT-0013379,Train
LOT-0013380,Train
LOT-0013381,Train
LOT-0013382,Train
LOT-0013383,Test (Temporal)
LOT-0013384,Train
LOT-0013385,Train
LOT-0013386,Train
LOT-0013387,Train
LOT-0013388,Train
LOT-0013389,Train
LOT-0013390,Train
LOT-0013391,Train
LOT-0013392,Train
LOT-0013393,Train
LOT-0013394,Train
LOT-0013395,Test (Temporal)
LOT-0013396,Train
LOT-0013397,Test (Temporal)
LOT-0013398,Train
LOT-0013399,Test (Temporal)
LOT-0013400,Train
LOT-0013401,Train
LOT-0013402,Train
LOT-0013403,Train
LOT-0013404,Train
LOT-0013405,Train
LOT-0013406,Train
LOT-0013407,Train
LOT-0013408,Train
LOT-0013409,Train
LOT-0013410,Train
LOT-0013411,Train
LOT-0013412,Test (Temporal)
LOT-0013413,Train
LOT-0013414,Train
LOT-0013415,Train
LOT-0013416,Train
LOT-0013417,Train
LOT-0013418,Train
LOT-0013419,Test (Temporal)
LOT-0013420,Train
LOT-0013421,Train
LOT-0013422,Train
LOT-0013423,Test (Temporal)
LOT-0013424,Train
LOT-0013425,Train
LOT-0013426,Train
LOT-0013427,Train
LOT-0013428,Test (Temporal)
LOT-0013429,Train
LOT-0013430,Train
LOT-0013431,Test (Temporal)
LOT-0013432,Train
LOT-0013433,Train
LOT-0013434,Train
LOT-0013435,Train
LOT-0013436,Train
LOT-0013437,Train
LOT-0013438,Test (Temporal)
LOT-0013439,Train
LOT-0013440,Train
LOT-0013441,Train
LOT-0013442,Train
LOT-0013443,Test (Temporal)
LOT-0013444,Train
LOT-0013445,Train
LOT-0013446,Train
LOT-0013447,Train
LOT-0013448,Train
LOT-0013449,Train
LOT-0013450,Train
LOT-0013451,Test (Temporal)
LOT-0013452,Train
LOT-0013453,Test (Temporal)
LOT-0013454,Train
LOT-0013455,Train
LOT-0013456,Train
LOT-0013457,Train
LOT-0013458,Train
LOT-0013459,Train
LOT-0013460,Train
LOT-0013461,Train
LOT-0013462,Train
LOT-0013463,Train
LOT-0013464,Train
LOT-0013465,Train
LOT-0013466,Train
LOT-0013467,Train
LOT-0013468,Train
LOT-0013469,Test (Temporal)
LOT-0013470,Train
LOT-0013471,Train
LOT-0013472,Test (Temporal)
LOT-0013473,Train
LOT-0013474,Train
LOT-0013475,Train
LOT-0013476,Train
LOT-0013477,Train
LOT-0013478,Train
LOT-0013479,Train
LOT-0013480,Train
LOT-0013481,Test (Temporal)
LOT-0013482,Train
LOT-0013483,Train
LOT-0013484,Train
LOT-0013485,Train
LOT-0013486,Train
LOT-0013487,Train
LOT-0013488,Test (Temporal)
LOT-0013489,Train
LOT-0013490,Train
LOT-0013491,Train
LOT-0013492,Train
LOT-0013493,Train
LOT-0013494,Train
LOT-0013495,Train
LOT-0013496,Train
LOT-0013497,Test (Temporal)
LOT-0013498,Train
LOT-0013499,Train
LOT-0013500,Train
LOT-0013501,Train
LOT-0013502,Train
LOT-0013503,Test (Temporal)
LOT-0013504,Train
LOT-0013505,Train
LOT-0013506,Train
LOT-0013507,Train
LOT-0013508,Train
LOT-0013509,Train
LOT-0013510,Train
LOT-0013511,Train
LOT-0013512,Train
LOT-0013513,Test (Temporal)
LOT-0013514,Train
LOT-0013515,Train
LOT-0013516,Train
LOT-0013517,Test (Temporal)
LOT-0013518,Train
LOT-0013519,Test (Temporal)
LOT-0013520,Test (Temporal)
LOT-0013521,Train
LOT-0013522,Test (Temporal)
LOT-0013523,Train
LOT-0013524,Train
LOT-0013525,Train
LOT-0013526,Test (Temporal)
LOT-0013527,Train
LOT-0013528,Train
LOT-0013529,Test (Temporal)
LOT-0013530,Test (Temporal)
LOT-0013531,Train
LOT-0013532,Train
LOT-0013533,Train
LOT-0013534,Train
LOT-0013535,Test (Temporal)
LOT-0013536,Train
LOT-0013537,Test (Temporal)
LOT-0013538,Train
LOT-0013539,Train
LOT-0013540,Test (Temporal)
LOT-0013541,Train
LOT-0013542,Train
LOT-0013543,Train
LOT-0013544,Train
LOT-0013545,Train
LOT-0013546,Train
LOT-0013547,Test (Temporal)
LOT-0013548,Train
LOT-0013549,Train
LOT-0013550,Test (Temporal)
LOT-0013551,Test (Temporal)
LOT-0013552,Train
LOT-0013553,Test (Temporal)
LOT-0013554,Train
LOT-0013555,Train
LOT-0013556,Train
LOT-0013557,Train
LOT-0013558,Train
LOT-0013559,Train
LOT-0013560,Train
LOT-0013561,Train
LOT-0013562,Train
LOT-0013563,Train
LOT-0013564,Train
LOT-0013565,Train
LOT-0013566,Train
LOT-0013567,Train
LOT-0013568,Train
LOT-0013569,Train
LOT-0013570,Train
LOT-0013571,Train
LOT-0013572,Train
LOT-0013573,Train
LOT-0013574,Train
LOT-0013575,Train
LOT-0013576,Train
LOT-0013577,Train
LOT-0013578,Train
LOT-0013579,Train
LOT-0013580,Train
LOT-0013581,Train
LOT-0013582,Train
LOT-0013583,Train
LOT-0013584,Train
LOT-0013585,Test (Temporal)
LOT-0013586,Train
LOT-0013587,Train
LOT-0013588,Train
LOT-0013589,Test (Temporal)
LOT-0013590,Train
LOT-0013591,Train
LOT-0013592,Test (Temporal)
LOT-0013593,Train
LOT-0013594,Train
LOT-0013595,Train
LOT-0013596,Train
LOT-0013597,Train
LOT-0013598,Test (Temporal)
LOT-0013599,Train
LOT-0013600,Train
LOT-0013601,Train
LOT-0013602,Train
LOT-0013603,Train
LOT-0013604,Train
LOT-0013605,Train
LOT-0013606,Train
LOT-0013607,Train
LOT-0013608,Train
LOT-0013609,Train
LOT-0013610,Train
LOT-0013611,Train
LOT-0013612,Train
LOT-0013613,Train
LOT-0013614,Train
LOT-0013615,Train
LOT-0013616,Train
LOT-0013617,Train
LOT-0013618,Train
LOT-0013619,Train
LOT-0013620,Train
LOT-0013621,Train
LOT-0013622,Train
LOT-0013623,Train
LOT-0013624,Train
LOT-0013625,Train
LOT-0013626,Train
LOT-0013627,Train
LOT-0013628,Train
LOT-0013629,Train
LOT-0013630,Train
LOT-0013631,Train
LOT-0013632,Train
LOT-0013633,Train
LOT-0013634,Train
LOT-0013635,Train
LOT-0013636,Train
LOT-0013637,Train
LOT-0013638,Train
LOT-0013639,Test (Temporal)
LOT-0013640,Train
LOT-0013641,Train
LOT-0013642,Train
LOT-0013643,Train
LOT-0013644,Test (Temporal)
LOT-0013645,Train
LOT-0013646,Test (Temporal)
LOT-0013647,Test (Temporal)
LOT-0013648,Train
LOT-0013649,Test (Temporal)
LOT-0013650,Train
LOT-0013651,Train
LOT-0013652,Test (Temporal)
LOT-0013653,Train
LOT-0013654,Train
LOT-0013655,Train
LOT-0013656,Train
LOT-0013657,Train
LOT-0013658,Train
LOT-0013659,Test (Temporal)
LOT-0013660,Train
LOT-0013661,Train
LOT-0013662,Train
LOT-0013663,Train
LOT-0013664,Train
LOT-0013665,Train
LOT-0013666,Train
LOT-0013667,Train
LOT-0013668,Train
LOT-0013669,Train
LOT-0013670,Train
LOT-0013671,Train
LOT-0013672,Train
LOT-0013673,Train
LOT-0013674,Train
LOT-0013675,Train
LOT-0013676,Train
LOT-0013677,Test (Temporal)
LOT-0013678,Train
LOT-0013679,Train
LOT-0013680,Train
LOT-0013681,Train
LOT-0013682,Train
LOT-0013683,Train
LOT-0013684,Train
LOT-0013685,Train
LOT-0013686,Test (Temporal)
LOT-0013687,Train
LOT-0013688,Train
LOT-0013689,Train
LOT-0013690,Train
LOT-0013691,Train
LOT-0013692,Train
LOT-0013693,Train
LOT-0013694,Train
LOT-0013695,Train
LOT-0013696,Train
LOT-0013697,Train
LOT-0013698,Train
LOT-0013699,Train
LOT-0013700,Train
LOT-0013701,Train
LOT-0013702,Train
LOT-0013703,Train
LOT-0013704,Train
LOT-0013705,Train
LOT-0013706,Train
LOT-0013707,Train
LOT-0013708,Train
LOT-0013709,Train
LOT-0013710,Train
LOT-0013711,Train
LOT-0013712,Train
LOT-0013713,Test (Temporal)
LOT-0013714,Train
LOT-0013715,Train
LOT-0013716,Train
LOT-0013717,Train
LOT-0013718,Train
LOT-0013719,Train
LOT-0013720,Train
LOT-0013721,Test (Temporal)
LOT-0013722,Train
LOT-0013723,Train
LOT-0013724,Train
LOT-0013725,Train
LOT-0013726,Train
LOT-0013727,Train
LOT-0013728,Test (Temporal)
LOT-0013729,Train
LOT-0013730,Test (Temporal)
LOT-0013731,Train
LOT-0013732,Train
LOT-0013733,Train
LOT-0013734,Train
LOT-0013735,Train
LOT-0013736,Train
LOT-0013737,Train
LOT-0013738,Train
LOT-0013739,Train
LOT-0013740,Train
LOT-0013741,Train
LOT-0013742,Train
LOT-0013743,Train
LOT-0013744,Train
LOT-0013745,Train
LOT-0013746,Train
LOT-0013747,Train
LOT-0013748,Train
LOT-0013749,Train
LOT-0013750,Train
LOT-0013751,Train
LOT-0013752,Train
LOT-0013753,Train
LOT-0013754,Train
LOT-0013755,Train
LOT-0013756,Train
LOT-0013757,Train
LOT-0013758,Train
LOT-0013759,Train
LOT-0013760,Train
LOT-0013761,Train
LOT-0013762,Train
LOT-0013763,Train
LOT-0013764,Train
LOT-0013765,Train
LOT-0013766,Train
LOT-0013767,Train
LOT-0013768,Train
LOT-0013769,Train
LOT-0013770,Train
LOT-0013771,Train
LOT-0013772,Train
LOT-0013773,Train
LOT-0013774,Train
LOT-0013775,Train
LOT-0013776,Train
LOT-0013777,Train
LOT-0013778,Train
LOT-0013779,Train
LOT-0013780,Test (Temporal)
LOT-0013781,Train
LOT-0013782,Train
LOT-0013783,Train
LOT-0013784,Train
LOT-0013785,Train
LOT-0013786,Train
LOT-0013787,Train
LOT-0013788,Train
LOT-0013789,Train
LOT-0013790,Train
LOT-0013791,Train
LOT-0013792,Train
LOT-0013793,Train
LOT-0013794,Train
LOT-0013795,Train
LOT-0013796,Train
LOT-0013797,Train
LOT-0013798,Train
LOT-0013799,Train
LOT-0013800,Train
LOT-0013801,Train
LOT-0013802,Train
LOT-0013803,Train
LOT-0013804,Test (Temporal)
LOT-0013805,Train
LOT-0013806,Train
LOT-0013807,Train
LOT-0013808,Train
LOT-0013809,Train
LOT-0013810,Test (Temporal)
LOT-0013811,Train
LOT-0013812,Train
LOT-0013813,Train
LOT-0013814,Train
LOT-0013815,Train
LOT-0013816,Train
LOT-0013817,Train
LOT-0013818,Train
LOT-0013819,Train
LOT-0013820,Train
LOT-0013821,Test (Temporal)
LOT-0013822,Train
LOT-0013823,Train
LOT-0013824,Test (Temporal)
LOT-0013825,Train
LOT-0013826,Train
LOT-0013827,Train
LOT-0013828,Train
LOT-0013829,Train
LOT-0013830,Train
LOT-0013831,Train
LOT-0013832,Train
LOT-0013833,Train
LOT-0013834,Train
LOT-0013835,Train
LOT-0013836,Train
LOT-0013837,Train
LOT-0013838,Test (Temporal)
LOT-0013839,Train
LOT-0013840,Train
LOT-0013841,Train
LOT-0013842,Train
LOT-0013843,Train
LOT-0013844,Train
LOT-0013845,Train
LOT-0013846,Train
LOT-0013847,Train
LOT-0013848,Train
LOT-0013849,Train
LOT-0013850,Train
LOT-0013851,Train
LOT-0013852,Test (Temporal)
LOT-0013853,Test (Temporal)
LOT-0013854,Train
LOT-0013855,Train
LOT-0013856,Train
LOT-0013857,Test (Temporal)
LOT-0013858,Train
LOT-0013859,Train
LOT-0013860,Train
LOT-0013861,Train
LOT-0013862,Train
LOT-0013863,Train
LOT-0013864,Train
LOT-0013865,Train
LOT-0013866,Train
LOT-0013867,Test (Temporal)
LOT-0013868,Test (Temporal)
LOT-0013869,Train
LOT-0013870,Train
LOT-0013871,Train
LOT-0013872,Test (Temporal)
LOT-0013873,Train
LOT-0013874,Train
LOT-0013875,Test (Temporal)
LOT-0013876,Train
LOT-0013877,Train
LOT-0013878,Train
LOT-0013879,Test (Temporal)
LOT-0013880,Train
LOT-0013881,Train
LOT-0013882,Train
LOT-0013883,Train
LOT-0013884,Train
LOT-0013885,Train
LOT-0013886,Test (Temporal)
LOT-0013887,Train
LOT-0013888,Test (Temporal)
LOT-0013889,Train
LOT-0013890,Train
LOT-0013891,Train
LOT-0013892,Train
LOT-0013893,Train
LOT-0013894,Train
LOT-0013895,Test (Temporal)
LOT-0013896,Train
LOT-0013897,Test (Temporal)
LOT-0013898,Train
LOT-0013899,Train
LOT-0013900,Train
LOT-0013901,Train
LOT-0013902,Test (Temporal)
LOT-0013903,Train
LOT-0013904,Train
LOT-0013905,Test (Temporal)
LOT-0013906,Train
LOT-0013907,Test (Temporal)
LOT-0013908,Train
LOT-0013909,Train
LOT-0013910,Train
LOT-0013911,Train
LOT-0013912,Test (Temporal)
LOT-0013913,Test (Temporal)
LOT-0013914,Train
LOT-0013915,Train
LOT-0013916,Train
LOT-0013917,Train
LOT-0013918,Train
LOT-0013919,Train
LOT-0013920,Train
LOT-0013921,Train
LOT-0013922,Train
LOT-0013923,Test (Temporal)
LOT-0013924,Test (Temporal)
LOT-0013925,Train
LOT-0013926,Test (Temporal)
LOT-0013927,Train
LOT-0013928,Train
LOT-0013929,Train
LOT-0013930,Train
LOT-0013931,Train
LOT-0013932,Train
LOT-0013933,Train
LOT-0013934,Train
LOT-0013935,Train
LOT-0013936,Train
LOT-0013937,Test (Temporal)
LOT-0013938,Train
LOT-0013939,Train
LOT-0013940,Train
LOT-0013941,Test (Temporal)
LOT-0013942,Train
LOT-0013943,Train
LOT-0013944,Train
LOT-0013945,Train
LOT-0013946,Train
LOT-0013947,Train
LOT-0013948,Train
LOT-0013949,Train
LOT-0013950,Train
LOT-0013951,Test (Temporal)
LOT-0013952,Train
LOT-0013953,Train
LOT-0013954,Train
LOT-0013955,Train
LOT-0013956,Train
LOT-0013957,Train
LOT-0013958,Train
LOT-0013959,Test (Temporal)
LOT-0013960,Train
LOT-0013961,Train
LOT-0013962,Train
LOT-0013963,Train
LOT-0013964,Train
LOT-0013965,Train
LOT-0013966,Train
LOT-0013967,Train
LOT-0013968,Train
LOT-0013969,Train
LOT-0013970,Test (Temporal)
LOT-0013971,Train
LOT-0013972,Test (Temporal)
LOT-0013973,Train
LOT-0013974,Train
LOT-0013975,Train
LOT-0013976,Test (Temporal)
LOT-0013977,Train
LOT-0013978,Train
LOT-0013979,Train
LOT-0013980,Train
LOT-0013981,Train
LOT-0013982,Train
LOT-0013983,Train
LOT-0013984,Train
LOT-0013985,Train
LOT-0013986,Train
LOT-0013987,Train
LOT-0013988,Test (Temporal)
LOT-0013989,Train
LOT-0013990,Train
LOT-0013991,Train
LOT-0013992,Train
LOT-0013993,Train
LOT-0013994,Train
LOT-0013995,Train
LOT-0013996,Train
LOT-0013997,Train
LOT-0013998,Train
LOT-0013999,Train
LOT-0014000,Train
LOT-0014001,Train
LOT-0014002,Train
LOT-0014003,Train
LOT-0014004,Test (Temporal)
LOT-0014005,Train
LOT-0014006,Train
LOT-0014007,Train
LOT-0014008,Train
LOT-0014009,Train
LOT-0014010,Test (Temporal)
LOT-0014011,Train
LOT-0014012,Train
LOT-0014013,Train
LOT-0014014,Train
LOT-0014015,Train
LOT-0014016,Test (Temporal)
LOT-0014017,Train
LOT-0014018,Train
LOT-0014019,Train
LOT-0014020,Train
LOT-0014021,Train
LOT-0014022,Train
LOT-0014023,Test (Temporal)
LOT-0014024,Train
LOT-0014025,Train
LOT-0014026,Train
LOT-0014027,Train
LOT-0014028,Train
LOT-0014029,Train
LOT-0014030,Train
LOT-0014031,Train
LOT-0014032,Train
LOT-0014033,Train
LOT-0014034,Train
LOT-0014035,Test (Temporal)
LOT-0014036,Train
LOT-0014037,Train
LOT-0014038,Train
LOT-0014039,Train
LOT-0014040,Train
LOT-0014041,Train
LOT-0014042,Test (Temporal)
LOT-0014043,Train
LOT-0014044,Test (Temporal)
LOT-0014045,Train
LOT-0014046,Train
LOT-0014047,Train
LOT-0014048,Train
LOT-0014049,Train
LOT-0014050,Test (Temporal)
LOT-0014051,Train
LOT-0014052,Test (Temporal)
LOT-0014053,Train
LOT-0014054,Train
LOT-0014055,Train
LOT-0014056,Test (Temporal)
LOT-0014057,Train
LOT-0014058,Train
LOT-0014059,Train
LOT-0014060,Train
LOT-0014061,Train
LOT-0014062,Train
LOT-0014063,Test (Temporal)
LOT-0014064,Train
LOT-0014065,Train
LOT-0014066,Train
LOT-0014067,Train
LOT-0014068,Train
LOT-0014069,Train
LOT-0014070,Test (Temporal)
LOT-0014071,Train
LOT-0014072,Train
LOT-0014073,Train
LOT-0014074,Train
LOT-0014075,Train
LOT-0014076,Train
LOT-0014077,Train
LOT-0014078,Train
LOT-0014079,Train
LOT-0014080,Train
LOT-0014081,Train
LOT-0014082,Train
LOT-0014083,Train
LOT-0014084,Train
LOT-0014085,Train
LOT-0014086,Train
LOT-0014087,Train
LOT-0014088,Train
LOT-0014089,Train
LOT-0014090,Train
LOT-0014091,Train
LOT-0014092,Train
LOT-0014093,Train
LOT-0014094,Train
LOT-0014095,Train
LOT-0014096,Test (Temporal)
LOT-0014097,Train
LOT-0014098,Train
LOT-0014099,Train
LOT-0014100,Train
LOT-0014101,Train
LOT-0014102,Train
LOT-0014103,Train
LOT-0014104,Train
LOT-0014105,Train
LOT-0014106,Train
LOT-0014107,Train
LOT-0014108,Train
LOT-0014109,Train
LOT-0014110,Train
LOT-0014111,Test (Temporal)
LOT-0014112,Train
LOT-0014113,Train
LOT-0014114,Train
LOT-0014115,Train
LOT-0014116,Train
LOT-0014117,Train
LOT-0014118,Train
LOT-0014119,Test (Temporal)
LOT-0014120,Train
LOT-0014121,Test (Temporal)
LOT-0014122,Train
LOT-0014123,Train
LOT-0014124,Train
LOT-0014125,Train
LOT-0014126,Train
LOT-0014127,Train
LOT-0014128,Train
LOT-0014129,Train
LOT-0014130,Train
LOT-0014131,Test (Temporal)
LOT-0014132,Train
LOT-0014133,Train
LOT-0014134,Train
LOT-0014135,Train
LOT-0014136,Train
LOT-0014137,Test (Temporal)
LOT-0014138,Test (Temporal)
LOT-0014139,Train
LOT-0014140,Train
LOT-0014141,Train
LOT-0014142,Train
LOT-0014143,Train
LOT-0014144,Train
LOT-0014145,Train
LOT-0014146,Train
LOT-0014147,Test (Temporal)
LOT-0014148,Train
LOT-0014149,Train
LOT-0014150,Train
LOT-0014151,Train
LOT-0014152,Train
LOT-0014153,Train
LOT-0014154,Train
LOT-0014155,Train
LOT-0014156,Train
LOT-0014157,Train
LOT-0014158,Train
LOT-0014159,Train
LOT-0014160,Train
LOT-0014161,Train
LOT-0014162,Train
LOT-0014163,Train
LOT-0014164,Train
LOT-0014165,Train
LOT-0014166,Train
LOT-0014167,Train
LOT-0014168,Train
LOT-0014169,Train
LOT-0014170,Train
LOT-0014171,Test (Temporal)
LOT-0014172,Train
LOT-0014173,Train
LOT-0014174,Train
LOT-0014175,Train
LOT-0014176,Train
LOT-0014177,Train
LOT-0014178,Train
LOT-0014179,Train
LOT-0014180,Train
LOT-0014181,Train
LOT-0014182,Train
LOT-0014183,Train
LOT-0014184,Train
LOT-0014185,Train
LOT-0014186,Test (Temporal)
LOT-0014187,Train
LOT-0014188,Train
LOT-0014189,Train
LOT-0014190,Train
LOT-0014191,Train
LOT-0014192,Train
LOT-0014193,Test (Temporal)
LOT-0014194,Train
LOT-0014195,Train
LOT-0014196,Train
LOT-0014197,Train
LOT-0014198,Train
LOT-0014199,Train
LOT-0014200,Train
LOT-0014201,Train
LOT-0014202,Train
LOT-0014203,Train
LOT-0014204,Test (Temporal)
LOT-0014205,Train
LOT-0014206,Train
LOT-0014207,Train
LOT-0014208,Train
LOT-0014209,Test (Temporal)
LOT-0014210,Train
LOT-0014211,Train
LOT-0014212,Test (Temporal)
LOT-0014213,Train
LOT-0014214,Train
LOT-0014215,Train
LOT-0014216,Train
LOT-0014217,Train
LOT-0014218,Test (Temporal)
LOT-0014219,Test (Temporal)
LOT-0014220,Train
LOT-0014221,Train
LOT-0014222,Train
LOT-0014223,Train
LOT-0014224,Test (Temporal)
LOT-0014225,Train
LOT-0014226,Train
LOT-0014227,Train
LOT-0014228,Train
LOT-0014229,Train
LOT-0014230,Train
LOT-0014231,Train
LOT-0014232,Train
LOT-0014233,Train
LOT-0014234,Train
LOT-0014235,Train
LOT-0014236,Train
LOT-0014237,Train
LOT-0014238,Train
LOT-0014239,Train
LOT-0014240,Train
LOT-0014241,Test (Temporal)
LOT-0014242,Train
LOT-0014243,Train
LOT-0014244,Train
LOT-0014245,Train
LOT-0014246,Train
LOT-0014247,Train
LOT-0014248,Train
LOT-0014249,Train
LOT-0014250,Train
LOT-0014251,Train
LOT-0014252,Train
LOT-0014253,Test (Temporal)
LOT-0014254,Test (Temporal)
LOT-0014255,Test (Temporal)
LOT-0014256,Train
LOT-0014257,Train
LOT-0014258,Train
LOT-0014259,Train
LOT-0014260,Test (Temporal)
LOT-0014261,Train
LOT-0014262,Train
LOT-0014263,Train
LOT-0014264,Train
LOT-0014265,Train
LOT-0014266,Test (Temporal)
LOT-0014267,Train
LOT-0014268,Train
LOT-0014269,Train
LOT-0014270,Train
LOT-0014271,Train
LOT-0014272,Train
LOT-0014273,Train
LOT-0014274,Train
LOT-0014275,Train
LOT-0014276,Test (Temporal)
LOT-0014277,Train
LOT-0014278,Train
LOT-0014279,Train
LOT-0014280,Test (Temporal)
LOT-0014281,Train
LOT-0014282,Train
LOT-0014283,Train
LOT-0014284,Train
LOT-0014285,Train
LOT-0014286,Train
LOT-0014287,Train
LOT-0014288,Train
LOT-0014289,Train
LOT-0014290,Train
LOT-0014291,Train
LOT-0014292,Train
LOT-0014293,Train
LOT-0014294,Train
LOT-0014295,Train
LOT-0014296,Train
LOT-0014297,Train
LOT-0014298,Train
LOT-0014299,Train
LOT-0014300,Train
LOT-0014301,Train
LOT-0014302,Train
LOT-0014303,Train
LOT-0014304,Train
LOT-0014305,Train
LOT-0014306,Test (Temporal)
LOT-0014307,Train
LOT-0014308,Test (Temporal)
LOT-0014309,Train
LOT-0014310,Train
LOT-0014311,Train
LOT-0014312,Train
LOT-0014313,Test (Temporal)
LOT-0014314,Train
LOT-0014315,Train
LOT-0014316,Train
LOT-0014317,Train
LOT-0014318,Train
LOT-0014319,Train
LOT-0014320,Train
LOT-0014321,Test (Temporal)
LOT-0014322,Train
LOT-0014323,Train
LOT-0014324,Train
LOT-0014325,Train
LOT-0014326,Train
LOT-0014327,Train
LOT-0014328,Train
LOT-0014329,Train
LOT-0014330,Train
LOT-0014331,Train
LOT-0014332,Train
LOT-0014333,Train
LOT-0014334,Train
LOT-0014335,Train
LOT-0014336,Train
LOT-0014337,Train
LOT-0014338,Train
LOT-0014339,Train
LOT-0014340,Train
LOT-0014341,Train
LOT-0014342,Train
LOT-0014343,Train
LOT-0014344,Train
LOT-0014345,Train
LOT-0014346,Train
LOT-0014347,Train
LOT-0014348,Train
LOT-0014349,Train
LOT-0014350,Train
LOT-0014351,Train
LOT-0014352,Train
LOT-0014353,Train
LOT-0014354,Train
LOT-0014355,Train
LOT-0014356,Train
LOT-0014357,Test (Temporal)
LOT-0014358,Train
LOT-0014359,Train
LOT-0014360,Train
LOT-0014361,Train
LOT-0014362,Train
LOT-0014363,Test (Temporal)
LOT-0014364,Train
LOT-0014365,Train
LOT-0014366,Train
LOT-0014367,Train
LOT-0014368,Test (Temporal)
LOT-0014369,Train
LOT-0014370,Train
LOT-0014371,Train
LOT-0014372,Train
LOT-0014373,Train
LOT-0014374,Train
LOT-0014375,Test (Temporal)
LOT-0014376,Train
LOT-0014377,Test (Temporal)
LOT-0014378,Train
LOT-0014379,Train
LOT-0014380,Test (Temporal)
LOT-0014381,Train
LOT-0014382,Train
LOT-0014383,Train
LOT-0014384,Train
LOT-0014385,Test (Temporal)
LOT-0014386,Train
LOT-0014387,Train
LOT-0014388,Train
LOT-0014389,Train
LOT-0014390,Train
LOT-0014391,Train
LOT-0014392,Train
LOT-0014393,Train
LOT-0014394,Train
LOT-0014395,Train
LOT-0014396,Train
LOT-0014397,Train
LOT-0014398,Train
LOT-0014399,Train
LOT-0014400,Train
LOT-0014401,Test (Temporal)
LOT-0014402,Train
LOT-0014403,Test (Temporal)
LOT-0014404,Train
LOT-0014405,Train
LOT-0014406,Train
LOT-0014407,Train
LOT-0014408,Train
LOT-0014409,Train
LOT-0014410,Test (Temporal)
LOT-0014411,Train
LOT-0014412,Train
LOT-0014413,Test (Temporal)
LOT-0014414,Train
LOT-0014415,Test (Temporal)
LOT-0014416,Train
LOT-0014417,Train
LOT-0014418,Train
LOT-0014419,Train
LOT-0014420,Test (Temporal)
LOT-0014421,Test (Temporal)
LOT-0014422,Train
LOT-0014423,Train
LOT-0014424,Test (Temporal)
LOT-0014425,Train
LOT-0014426,Train
LOT-0014427,Train
LOT-0014428,Train
LOT-0014429,Train
LOT-0014430,Train
LOT-0014431,Train
LOT-0014432,Test (Temporal)
LOT-0014433,Train
LOT-0014434,Train
LOT-0014435,Train
LOT-0014436,Train
LOT-0014437,Train
LOT-0014438,Train
LOT-0014439,Train
LOT-0014440,Train
LOT-0014441,Train
LOT-0014442,Train
LOT-0014443,Train
LOT-0014444,Train
LOT-0014445,Train
LOT-0014446,Train
LOT-0014447,Train
LOT-0014448,Train
LOT-0014449,Train
LOT-0014450,Train
LOT-0014451,Test (Temporal)
LOT-0014452,Train
LOT-0014453,Train
LOT-0014454,Test (Temporal)
LOT-0014455,Train
LOT-0014456,Test (Temporal)
LOT-0014457,Train
LOT-0014458,Test (Temporal)
LOT-0014459,Test (Temporal)
LOT-0014460,Train
LOT-0014461,Train
LOT-0014462,Train
LOT-0014463,Train
LOT-0014464,Train
LOT-0014465,Train
LOT-0014466,Train
LOT-0014467,Train
LOT-0014468,Train
LOT-0014469,Train
LOT-0014470,Train
LOT-0014471,Train
LOT-0014472,Train
LOT-0014473,Train
LOT-0014474,Train
LOT-0014475,Train
LOT-0014476,Train
LOT-0014477,Train
LOT-0014478,Train
LOT-0014479,Train
LOT-0014480,Test (Temporal)
LOT-0014481,Train
LOT-0014482,Train
LOT-0014483,Train
LOT-0014484,Train
LOT-0014485,Train
LOT-0014486,Train
LOT-0014487,Train
LOT-0014488,Train
LOT-0014489,Test (Temporal)
LOT-0014490,Train
LOT-0014491,Train
LOT-0014492,Train
LOT-0014493,Train
LOT-0014494,Test (Temporal)
LOT-0014495,Test (Temporal)
LOT-0014496,Train
LOT-0014497,Train
LOT-0014498,Train
LOT-0014499,Train
LOT-0014500,Train
LOT-0014501,Train
LOT-0014502,Train
LOT-0014503,Train
LOT-0014504,Train
LOT-0014505,Test (Temporal)
LOT-0014506,Train
LOT-0014507,Train
LOT-0014508,Train
LOT-0014509,Train
LOT-0014510,Train
LOT-0014511,Train
LOT-0014512,Train
LOT-0014513,Train
LOT-0014514,Train
LOT-0014515,Train
LOT-0014516,Train
LOT-0014517,Train
LOT-0014518,Train
LOT-0014519,Train
LOT-0014520,Train
LOT-0014521,Test (Temporal)
LOT-0014522,Train
LOT-0014523,Test (Temporal)
LOT-0014524,Test (Temporal)
LOT-0014525,Train
LOT-0014526,Train
LOT-0014527,Train
LOT-0014528,Train
LOT-0014529,Train
LOT-0014530,Train
LOT-0014531,Train
LOT-0014532,Train
LOT-0014533,Train
LOT-0014534,Train
LOT-0014535,Train
LOT-0014536,Train
LOT-0014537,Train
LOT-0014538,Train
LOT-0014539,Train
LOT-0014540,Train
LOT-0014541,Train
LOT-0014542,Train
LOT-0014543,Train
LOT-0014544,Train
LOT-0014545,Train
LOT-0014546,Train
LOT-0014547,Train
LOT-0014548,Train
LOT-0014549,Train
LOT-0014550,Train
LOT-0014551,Train
LOT-0014552,Train
LOT-0014553,Train
LOT-0014554,Train
LOT-0014555,Train
LOT-0014556,Train
LOT-0014557,Test (Temporal)
LOT-0014558,Train
LOT-0014559,Train
LOT-0014560,Train
LOT-0014561,Test (Temporal)
LOT-0014562,Train
LOT-0014563,Train
LOT-0014564,Train
LOT-0014565,Test (Temporal)
LOT-0014566,Train
LOT-0014567,Train
LOT-0014568,Test (Temporal)
LOT-0014569,Test (Temporal)
LOT-0014570,Train
LOT-0014571,Train
LOT-0014572,Train
LOT-0014573,Test (Temporal)
LOT-0014574,Train
LOT-0014575,Test (Temporal)
LOT-0014576,Train
LOT-0014577,Train
LOT-0014578,Train
LOT-0014579,Test (Temporal)
LOT-0014580,Train
LOT-0014581,Test (Temporal)
LOT-0014582,Train
LOT-0014583,Train
LOT-0014584,Train
LOT-0014585,Train
LOT-0014586,Train
LOT-0014587,Train
LOT-0014588,Train
LOT-0014589,Train
LOT-0014590,Train
LOT-0014591,Train
LOT-0014592,Train
LOT-0014593,Train
LOT-0014594,Train
LOT-0014595,Train
LOT-0014596,Train
LOT-0014597,Train
LOT-0014598,Train
LOT-0014599,Test (Temporal)
LOT-0014600,Train
LOT-0014601,Train
LOT-0014602,Train
LOT-0014603,Train
LOT-0014604,Train
LOT-0014605,Train
LOT-0014606,Train
LOT-0014607,Test (Temporal)
LOT-0014608,Train
LOT-0014609,Train
LOT-0014610,Train
LOT-0014611,Train
LOT-0014612,Train
LOT-0014613,Train
LOT-0014614,Train
LOT-0014615,Train
LOT-0014616,Train
LOT-0014617,Train
LOT-0014618,Train
LOT-0014619,Train
LOT-0014620,Test (Temporal)
LOT-0014621,Train
LOT-0014622,Train
LOT-0014623,Train
LOT-0014624,Train
LOT-0014625,Train
LOT-0014626,Train
LOT-0014627,Train
LOT-0014628,Train
LOT-0014629,Train
LOT-0014630,Train
LOT-0014631,Train
LOT-0014632,Train
LOT-0014633,Train
LOT-0014634,Train
LOT-0014635,Test (Temporal)
LOT-0014636,Train
LOT-0014637,Test (Temporal)
LOT-0014638,Train
LOT-0014639,Train
LOT-0014640,Train
LOT-0014641,Train
LOT-0014642,Train
LOT-0014643,Test (Temporal)
LOT-0014644,Train
LOT-0014645,Train
LOT-0014646,Train
LOT-0014647,Train
LOT-0014648,Test (Temporal)
LOT-0014649,Train
LOT-0014650,Train
LOT-0014651,Train
LOT-0014652,Train
LOT-0014653,Test (Temporal)
LOT-0014654,Train
LOT-0014655,Train
LOT-0014656,Train
LOT-0014657,Train
LOT-0014658,Train
LOT-0014659,Train
LOT-0014660,Test (Temporal)
LOT-0014661,Train
LOT-0014662,Train
LOT-0014663,Train
LOT-0014664,Test (Temporal)
LOT-0014665,Train
LOT-0014666,Train
LOT-0014667,Test (Temporal)
LOT-0014668,Train
LOT-0014669,Train
LOT-0014670,Train
LOT-0014671,Train
LOT-0014672,Train
LOT-0014673,Train
LOT-0014674,Test (Temporal)
LOT-0014675,Train
LOT-0014676,Train
LOT-0014677,Train
LOT-0014678,Train
LOT-0014679,Test (Temporal)
LOT-0014680,Train
LOT-0014681,Train
LOT-0014682,Train
LOT-0014683,Train
LOT-0014684,Train
LOT-0014685,Test (Temporal)
LOT-0014686,Train
LOT-0014687,Test (Temporal)
LOT-0014688,Train
LOT-0014689,Train
LOT-0014690,Train
LOT-0014691,Train
LOT-0014692,Train
LOT-0014693,Train
LOT-0014694,Train
LOT-0014695,Train
LOT-0014696,Train
LOT-0014697,Test (Temporal)
LOT-0014698,Train
LOT-0014699,Test (Temporal)
LOT-0014700,Train
LOT-0014701,Train
LOT-0014702,Train
LOT-0014703,Train
LOT-0014704,Train
LOT-0014705,Test (Temporal)
LOT-0014706,Train
LOT-0014707,Train
LOT-0014708,Train
LOT-0014709,Train
LOT-0014710,Train
LOT-0014711,Train
LOT-0014712,Test (Temporal)
LOT-0014713,Train
LOT-0014714,Test (Temporal)
LOT-0014715,Train
LOT-0014716,Train
LOT-0014717,Train
LOT-0014718,Train
LOT-0014719,Train
LOT-0014720,Train
LOT-0014721,Train
LOT-0014722,Train
LOT-0014723,Train
LOT-0014724,Train
LOT-0014725,Train
LOT-0014726,Train
LOT-0014727,Train
LOT-0014728,Test (Temporal)
LOT-0014729,Train
LOT-0014730,Train
LOT-0014731,Train
LOT-0014732,Train
LOT-0014733,Test (Temporal)
LOT-0014734,Train
LOT-0014735,Train
LOT-0014736,Train
LOT-0014737,Train
LOT-0014738,Train
LOT-0014739,Train
LOT-0014740,Test (Temporal)
LOT-0014741,Train
LOT-0014742,Train
LOT-0014743,Train
LOT-0014744,Train
LOT-0014745,Train
LOT-0014746,Train
LOT-0014747,Train
LOT-0014748,Train
LOT-0014749,Train
LOT-0014750,Train
LOT-0014751,Train
LOT-0014752,Test (Temporal)
LOT-0014753,Train
LOT-0014754,Train
LOT-0014755,Train
LOT-0014756,Train
LOT-0014757,Train
LOT-0014758,Train
LOT-0014759,Train
LOT-0014760,Train
LOT-0014761,Train
LOT-0014762,Train
LOT-0014763,Train
LOT-0014764,Train
LOT-0014765,Train
LOT-0014766,Train
LOT-0014767,Train
LOT-0014768,Test (Temporal)
LOT-0014769,Train
LOT-0014770,Train
LOT-0014771,Train
LOT-0014772,Train
LOT-0014773,Train
LOT-0014774,Test (Temporal)
LOT-0014775,Train
LOT-0014776,Train
LOT-0014777,Train
LOT-0014778,Train
LOT-0014779,Test (Temporal)
LOT-0014780,Test (Temporal)
LOT-0014781,Train
LOT-0014782,Train
LOT-0014783,Train
LOT-0014784,Train
LOT-0014785,Train
LOT-0014786,Test (Temporal)
LOT-0014787,Train
LOT-0014788,Train
LOT-0014789,Test (Temporal)
LOT-0014790,Train
LOT-0014791,Train
LOT-0014792,Train
LOT-0014793,Test (Temporal)
LOT-0014794,Train
LOT-0014795,Train
LOT-0014796,Train
LOT-0014797,Train
LOT-0014798,Test (Temporal)
LOT-0014799,Train
LOT-0014800,Train
LOT-0014801,Train
LOT-0014802,Train
LOT-0014803,Train
LOT-0014804,Train
LOT-0014805,Train
LOT-0014806,Test (Temporal)
LOT-0014807,Test (Temporal)
LOT-0014808,Train
LOT-0014809,Train
LOT-0014810,Train
LOT-0014811,Train
LOT-0014812,Train
LOT-0014813,Train
LOT-0014814,Train
LOT-0014815,Train
LOT-0014816,Train
LOT-0014817,Test (Temporal)
LOT-0014818,Train
LOT-0014819,Test (Temporal)
LOT-0014820,Train
LOT-0014821,Train
LOT-0014822,Train
LOT-0014823,Train
LOT-0014824,Train
LOT-0014825,Train
LOT-0014826,Train
LOT-0014827,Train
LOT-0014828,Test (Temporal)
LOT-0014829,Test (Temporal)
LOT-0014830,Train
LOT-0014831,Train
LOT-0014832,Train
LOT-0014833,Train
LOT-0014834,Train
LOT-0014835,Test (Temporal)
LOT-0014836,Train
LOT-0014837,Train
LOT-0014838,Test (Temporal)
LOT-0014839,Train
LOT-0014840,Train
LOT-0014841,Train
LOT-0014842,Test (Temporal)
LOT-0014843,Test (Temporal)
LOT-0014844,Test (Temporal)
LOT-0014845,Test (Temporal)
LOT-0014846,Train
LOT-0014847,Test (Temporal)
LOT-0014848,Train
LOT-0014849,Train
LOT-0014850,Train
LOT-0014851,Train
LOT-0014852,Train
LOT-0014853,Train
LOT-0014854,Train
LOT-0014855,Train
LOT-0014856,Train
LOT-0014857,Train
LOT-0014858,Train
LOT-0014859,Train
LOT-0014860,Train
LOT-0014861,Train
LOT-0014862,Train
LOT-0014863,Train
LOT-0014864,Train
LOT-0014865,Train
LOT-0014866,Test (Temporal)
LOT-0014867,Train
LOT-0014868,Train
LOT-0014869,Train
LOT-0014870,Train
LOT-0014871,Train
LOT-0014872,Train
LOT-0014873,Train
LOT-0014874,Test (Temporal)
LOT-0014875,Test (Temporal)
LOT-0014876,Train
LOT-0014877,Train
LOT-0014878,Test (Temporal)
LOT-0014879,Train
LOT-0014880,Train
LOT-0014881,Test (Temporal)
LOT-0014882,Train
LOT-0014883,Train
LOT-0014884,Train
LOT-0014885,Train
LOT-0014886,Train
LOT-0014887,Train
LOT-0014888,Train
LOT-0014889,Train
LOT-0014890,Train
LOT-0014891,Train
LOT-0014892,Train
LOT-0014893,Test (Temporal)
LOT-0014894,Train
LOT-0014895,Train
LOT-0014896,Train
LOT-0014897,Train
LOT-0014898,Test (Temporal)
LOT-0014899,Test (Temporal)
LOT-0014900,Train
LOT-0014901,Train
LOT-0014902,Train
LOT-0014903,Train
LOT-0014904,Train
LOT-0014905,Train
LOT-0014906,Train
LOT-0014907,Train
LOT-0014908,Train
LOT-0014909,Train
LOT-0014910,Train
LOT-0014911,Test (Temporal)
LOT-0014912,Train
LOT-0014913,Train
LOT-0014914,Train
LOT-0014915,Train
LOT-0014916,Train
LOT-0014917,Test (Temporal)
LOT-0014918,Train
LOT-0014919,Train
LOT-0014920,Train
LOT-0014921,Train
LOT-0014922,Train
LOT-0014923,Test (Temporal)
LOT-0014924,Train
LOT-0014925,Train
LOT-0014926,Train
LOT-0014927,Train
LOT-0014928,Train
LOT-0014929,Test (Temporal)
LOT-0014930,Test (Temporal)
LOT-0014931,Train
LOT-0014932,Train
LOT-0014933,Train
LOT-0014934,Train
LOT-0014935,Train
LOT-0014936,Train
LOT-0014937,Train
LOT-0014938,Train
LOT-0014939,Train
LOT-0014940,Test (Temporal)
LOT-0014941,Train
LOT-0014942,Train
LOT-0014943,Train
LOT-0014944,Train
LOT-0014945,Train
LOT-0014946,Train
LOT-0014947,Train
LOT-0014948,Test (Temporal)
LOT-0014949,Train
LOT-0014950,Train
LOT-0014951,Train
LOT-0014952,Test (Temporal)
LOT-0014953,Train
LOT-0014954,Train
LOT-0014955,Train
LOT-0014956,Test (Temporal)
LOT-0014957,Train
LOT-0014958,Train
LOT-0014959,Train
LOT-0014960,Train
LOT-0014961,Train
LOT-0014962,Train
LOT-0014963,Train
LOT-0014964,Train
LOT-0014965,Train
LOT-0014966,Train
LOT-0014967,Test (Temporal)
LOT-0014968,Train
LOT-0014969,Train
LOT-0014970,Train
LOT-0014971,Train
LOT-0014972,Train
LOT-0014973,Train
LOT-0014974,Train
LOT-0014975,Train
LOT-0014976,Train
LOT-0014977,Train
LOT-0014978,Train
LOT-0014979,Train
LOT-0014980,Train
LOT-0014981,Train
LOT-0014982,Test (Temporal)
LOT-0014983,Train
LOT-0014984,Test (Temporal)
LOT-0014985,Train
LOT-0014986,Train
LOT-0014987,Train
LOT-0014988,Train
LOT-0014989,Train
LOT-0014990,Train
LOT-0014991,Train
LOT-0014992,Train
LOT-0014993,Train
LOT-0014994,Train
LOT-0014995,Test (Temporal)
LOT-0014996,Train
LOT-0014997,Train
LOT-0014998,Train
LOT-0014999,Train
LOT-0015000,Train
LOT-0015001,Train
LOT-0015002,Train
LOT-0015003,Train
LOT-0015004,Train
LOT-0015005,Train
LOT-0015006,Train
LOT-0015007,Train
LOT-0015008,Train
LOT-0015009,Train
LOT-0015010,Train
LOT-0015011,Train
LOT-0015012,Train
LOT-0015013,Train
LOT-0015014,Train
LOT-0015015,Train
LOT-0015016,Train
LOT-0015017,Train
LOT-0015018,Train
LOT-0015019,Train
LOT-0015020,Train
LOT-0015021,Test (Temporal)
LOT-0015022,Train
LOT-0015023,Train
LOT-0015024,Train
LOT-0015025,Train
LOT-0015026,Train
LOT-0015027,Train
LOT-0015028,Test (Temporal)
LOT-0015029,Train
LOT-0015030,Train
LOT-0015031,Train
LOT-0015032,Train
LOT-0015033,Train
LOT-0015034,Test (Temporal)
LOT-0015035,Train
LOT-0015036,Test (Temporal)
LOT-0015037,Train
LOT-0015038,Test (Temporal)
LOT-0015039,Train
LOT-0015040,Train
LOT-0015041,Train
LOT-0015042,Train
LOT-0015043,Train
LOT-0015044,Train
LOT-0015045,Train
LOT-0015046,Test (Temporal)
LOT-0015047,Test (Temporal)
LOT-0015048,Train
LOT-0015049,Train
LOT-0015050,Train
LOT-0015051,Train
LOT-0015052,Test (Temporal)
LOT-0015053,Train
LOT-0015054,Train
LOT-0015055,Train
LOT-0015056,Train
LOT-0015057,Train
LOT-0015058,Train
LOT-0015059,Train
LOT-0015060,Train
LOT-0015061,Train
LOT-0015062,Test (Temporal)
LOT-0015063,Train
LOT-0015064,Train
LOT-0015065,Train
LOT-0015066,Train
LOT-0015067,Train
LOT-0015068,Train
LOT-0015069,Train
LOT-0015070,Test (Temporal)
LOT-0015071,Train
LOT-0015072,Train
LOT-0015073,Train
LOT-0015074,Train
LOT-0015075,Train
LOT-0015076,Train
LOT-0015077,Train
LOT-0015078,Train
LOT-0015079,Train
LOT-0015080,Train
LOT-0015081,Train
LOT-0015082,Train
LOT-0015083,Train
LOT-0015084,Train
LOT-0015085,Train
LOT-0015086,Train
LOT-0015087,Train
LOT-0015088,Train
LOT-0015089,Train
LOT-0015090,Train
LOT-0015091,Test (Temporal)
LOT-0015092,Test (Temporal)
LOT-0015093,Train
LOT-0015094,Train
LOT-0015095,Train
LOT-0015096,Train
LOT-0015097,Train
LOT-0015098,Train
LOT-0015099,Test (Temporal)
LOT-0015100,Train
LOT-0015101,Train
LOT-0015102,Train
LOT-0015103,Train
LOT-0015104,Train
LOT-0015105,Train
LOT-0015106,Train
LOT-0015107,Train
LOT-0015108,Test (Temporal)
LOT-0015109,Train
LOT-0015110,Train
LOT-0015111,Train
LOT-0015112,Train
LOT-0015113,Train
LOT-0015114,Test (Temporal)
LOT-0015115,Train
LOT-0015116,Train
LOT-0015117,Train
LOT-0015118,Train
LOT-0015119,Train
LOT-0015120,Train
LOT-0015121,Test (Temporal)
LOT-0015122,Train
LOT-0015123,Train
LOT-0015124,Test (Temporal)
LOT-0015125,Train
LOT-0015126,Train
LOT-0015127,Test (Temporal)
LOT-0015128,Train
LOT-0015129,Train
LOT-0015130,Test (Temporal)
LOT-0015131,Train
LOT-0015132,Train
LOT-0015133,Train
LOT-0015134,Train
LOT-0015135,Train
LOT-0015136,Test (Temporal)
LOT-0015137,Train
LOT-0015138,Train
LOT-0015139,Train
LOT-0015140,Train
LOT-0015141,Train
LOT-0015142,Train
LOT-0015143,Test (Temporal)
LOT-0015144,Train
LOT-0015145,Train
LOT-0015146,Train
LOT-0015147,Test (Temporal)
LOT-0015148,Train
LOT-0015149,Test (Temporal)
LOT-0015150,Train
LOT-0015151,Train
LOT-0015152,Train
LOT-0015153,Train
LOT-0015154,Train
LOT-0015155,Train
LOT-0015156,Train
LOT-0015157,Test (Temporal)
LOT-0015158,Train
LOT-0015159,Train
LOT-0015160,Train
LOT-0015161,Train
LOT-0015162,Train
LOT-0015163,Test (Temporal)
LOT-0015164,Train
LOT-0015165,Train
LOT-0015166,Train
LOT-0015167,Train
LOT-0015168,Train
LOT-0015169,Test (Temporal)
LOT-0015170,Train
LOT-0015171,Train
LOT-0015172,Train
LOT-0015173,Train
LOT-0015174,Train
LOT-0015175,Train
LOT-0015176,Train
LOT-0015177,Train
LOT-0015178,Train
LOT-0015179,Train
LOT-0015180,Test (Temporal)
LOT-0015181,Train
LOT-0015182,Train
LOT-0015183,Train
LOT-0015184,Train
LOT-0015185,Train
LOT-0015186,Train
LOT-0015187,Train
LOT-0015188,Train
LOT-0015189,Train
LOT-0015190,Train
LOT-0015191,Train
LOT-0015192,Train
LOT-0015193,Train
LOT-0015194,Train
LOT-0015195,Train
LOT-0015196,Train
LOT-0015197,Train
LOT-0015198,Train
LOT-0015199,Test (Temporal)
LOT-0015200,Train
LOT-0015201,Train
LOT-0015202,Train
LOT-0015203,Train
LOT-0015204,Train
LOT-0015205,Train
LOT-0015206,Test (Temporal)
LOT-0015207,Train
LOT-0015208,Train
LOT-0015209,Train
LOT-0015210,Train
LOT-0015211,Train
LOT-0015212,Train
LOT-0015213,Train
LOT-0015214,Train
LOT-0015215,Train
LOT-0015216,Train
LOT-0015217,Train
LOT-0015218,Train
LOT-0015219,Test (Temporal)
LOT-0015220,Train
LOT-0015221,Train
LOT-0015222,Train
LOT-0015223,Train
LOT-0015224,Train
LOT-0015225,Train
LOT-0015226,Test (Temporal)
LOT-0015227,Train
LOT-0015228,Train
LOT-0015229,Test (Temporal)
LOT-0015230,Train
LOT-0015231,Train
LOT-0015232,Train
LOT-0015233,Train
LOT-0015234,Train
LOT-0015235,Train
LOT-0015236,Train
LOT-0015237,Train
LOT-0015238,Train
LOT-0015239,Train
LOT-0015240,Train
LOT-0015241,Test (Temporal)
LOT-0015242,Test (Temporal)
LOT-0015243,Train
LOT-0015244,Train
LOT-0015245,Train
LOT-0015246,Train
LOT-0015247,Train
LOT-0015248,Train
LOT-0015249,Train
LOT-0015250,Train
LOT-0015251,Train
LOT-0015252,Train
LOT-0015253,Train
LOT-0015254,Train
LOT-0015255,Train
LOT-0015256,Train
LOT-0015257,Test (Temporal)
LOT-0015258,Test (Temporal)
LOT-0015259,Train
LOT-0015260,Test (Temporal)
LOT-0015261,Train
LOT-0015262,Train
LOT-0015263,Train
LOT-0015264,Train
LOT-0015265,Train
LOT-0015266,Train
LOT-0015267,Train
LOT-0015268,Train
LOT-0015269,Train
LOT-0015270,Test (Temporal)
LOT-0015271,Test (Temporal)
LOT-0015272,Train
LOT-0015273,Train
LOT-0015274,Train
LOT-0015275,Train
LOT-0015276,Train
LOT-0015277,Train
LOT-0015278,Train
LOT-0015279,Train
LOT-0015280,Train
LOT-0015281,Train
LOT-0015282,Train
LOT-0015283,Train
LOT-0015284,Train
LOT-0015285,Train
LOT-0015286,Train
LOT-0015287,Train
LOT-0015288,Train
LOT-0015289,Train
LOT-0015290,Train
LOT-0015291,Train
LOT-0015292,Train
LOT-0015293,Train
LOT-0015294,Train
LOT-0015295,Train
LOT-0015296,Train
LOT-0015297,Train
LOT-0015298,Train
LOT-0015299,Train
LOT-0015300,Train
LOT-0015301,Train
LOT-0015302,Train
LOT-0015303,Train
LOT-0015304,Train
LOT-0015305,Train
LOT-0015306,Train
LOT-0015307,Train
LOT-0015308,Train
LOT-0015309,Train
LOT-0015310,Train
LOT-0015311,Train
LOT-0015312,Train
LOT-0015313,Train
LOT-0015314,Test (Temporal)
LOT-0015315,Train
LOT-0015316,Train
LOT-0015317,Train
LOT-0015318,Test (Temporal)
LOT-0015319,Test (Temporal)
LOT-0015320,Test (Temporal)
LOT-0015321,Train
LOT-0015322,Train
LOT-0015323,Train
LOT-0015324,Train
LOT-0015325,Train
LOT-0015326,Train
LOT-0015327,Train
LOT-0015328,Train
LOT-0015329,Train
LOT-0015330,Train
LOT-0015331,Test (Temporal)
LOT-0015332,Train
LOT-0015333,Train
LOT-0015334,Train
LOT-0015335,Test (Temporal)
LOT-0015336,Train
LOT-0015337,Train
LOT-0015338,Train
LOT-0015339,Test (Temporal)
LOT-0015340,Train
LOT-0015341,Test (Temporal)
LOT-0015342,Train
LOT-0015343,Train
LOT-0015344,Train
LOT-0015345,Test (Temporal)
LOT-0015346,Test (Temporal)
LOT-0015347,Test (Temporal)
LOT-0015348,Train
LOT-0015349,Train
LOT-0015350,Train
LOT-0015351,Train
LOT-0015352,Train
LOT-0015353,Train
LOT-0015354,Train
LOT-0015355,Train
LOT-0015356,Train
LOT-0015357,Train
LOT-0015358,Train
LOT-0015359,Test (Temporal)
LOT-0015360,Train
LOT-0015361,Train
LOT-0015362,Train
LOT-0015363,Train
LOT-0015364,Train
LOT-0015365,Train
LOT-0015366,Train
LOT-0015367,Test (Temporal)
LOT-0015368,Train
LOT-0015369,Train
LOT-0015370,Train
LOT-0015371,Train
LOT-0015372,Train
LOT-0015373,Train
LOT-0015374,Test (Temporal)
LOT-0015375,Train
LOT-0015376,Train
LOT-0015377,Train
LOT-0015378,Train
LOT-0015379,Train
LOT-0015380,Train
LOT-0015381,Train
LOT-0015382,Test (Temporal)
LOT-0015383,Test (Temporal)
LOT-0015384,Train
LOT-0015385,Test (Temporal)
LOT-0015386,Train
LOT-0015387,Train
LOT-0015388,Train
LOT-0015389,Train
LOT-0015390,Train
LOT-0015391,Test (Temporal)
LOT-0015392,Train
LOT-0015393,Train
LOT-0015394,Train
LOT-0015395,Train
LOT-0015396,Train
LOT-0015397,Train
LOT-0015398,Train
LOT-0015399,Train
LOT-0015400,Train
LOT-0015401,Train
LOT-0015402,Train
LOT-0015403,Test (Temporal)
LOT-0015404,Test (Temporal)
LOT-0015405,Train
LOT-0015406,Train
LOT-0015407,Train
LOT-0015408,Test (Temporal)
LOT-0015409,Train
LOT-0015410,Train
LOT-0015411,Train
LOT-0015412,Train
LOT-0015413,Test (Temporal)
LOT-0015414,Train
LOT-0015415,Train
LOT-0015416,Test (Temporal)
LOT-0015417,Train
LOT-0015418,Train
LOT-0015419,Train
LOT-0015420,Test (Temporal)
LOT-0015421,Train
LOT-0015422,Train
LOT-0015423,Train
LOT-0015424,Train
LOT-0015425,Train
LOT-0015426,Train
LOT-0015427,Test (Temporal)
LOT-0015428,Train
LOT-0015429,Train
LOT-0015430,Train
LOT-0015431,Train
LOT-0015432,Test (Temporal)
LOT-0015433,Train
LOT-0015434,Train
LOT-0015435,Train
LOT-0015436,Train
LOT-0015437,Train
LOT-0015438,Train
LOT-0015439,Train
LOT-0015440,Test (Temporal)
LOT-0015441,Train
LOT-0015442,Train
LOT-0015443,Train
LOT-0015444,Train
LOT-0015445,Train
LOT-0015446,Train
LOT-0015447,Train
LOT-0015448,Train
LOT-0015449,Test (Temporal)
LOT-0015450,Train
LOT-0015451,Train
LOT-0015452,Train
LOT-0015453,Train
LOT-0015454,Train
LOT-0015455,Train
LOT-0015456,Test (Temporal)
LOT-0015457,Train
LOT-0015458,Test (Temporal)
LOT-0015459,Test (Temporal)
LOT-0015460,Train
LOT-0015461,Train
LOT-0015462,Train
LOT-0015463,Train
LOT-0015464,Train
LOT-0015465,Train
LOT-0015466,Train
LOT-0015467,Train
LOT-0015468,Train
LOT-0015469,Train
LOT-0015470,Train
LOT-0015471,Test (Temporal)
LOT-0015472,Test (Temporal)
LOT-0015473,Train
LOT-0015474,Train
LOT-0015475,Test (Temporal)
LOT-0015476,Train
LOT-0015477,Test (Temporal)
LOT-0015478,Train
LOT-0015479,Train
LOT-0015480,Train
LOT-0015481,Train
LOT-0015482,Train
LOT-0015483,Train
LOT-0015484,Train
LOT-0015485,Train
LOT-0015486,Train
LOT-0015487,Train
LOT-0015488,Train
LOT-0015489,Train
LOT-0015490,Train
LOT-0015491,Train
LOT-0015492,Train
LOT-0015493,Test (Temporal)
LOT-0015494,Train
LOT-0015495,Train
LOT-0015496,Test (Temporal)
LOT-0015497,Test (Temporal)
LOT-0015498,Test (Temporal)
LOT-0015499,Train
LOT-0015500,Train
LOT-0015501,Train
LOT-0015502,Train
LOT-0015503,Train
LOT-0015504,Train
LOT-0015505,Train
LOT-0015506,Train
LOT-0015507,Train
LOT-0015508,Train
LOT-0015509,Train
LOT-0015510,Train
LOT-0015511,Train
LOT-0015512,Train
LOT-0015513,Train
LOT-0015514,Train
LOT-0015515,Train
LOT-0015516,Train
LOT-0015517,Train
LOT-0015518,Train
LOT-0015519,Test (Temporal)
LOT-0015520,Train
LOT-0015521,Train
LOT-0015522,Train
LOT-0015523,Train
LOT-0015524,Train
LOT-0015525,Train
LOT-0015526,Train
LOT-0015527,Train
LOT-0015528,Train
LOT-0015529,Train
LOT-0015530,Train
LOT-0015531,Train
LOT-0015532,Train
LOT-0015533,Train
LOT-0015534,Train
LOT-0015535,Train
LOT-0015536,Train
LOT-0015537,Train
LOT-0015538,Train
LOT-0015539,Train
LOT-0015540,Train
LOT-0015541,Train
LOT-0015542,Train
LOT-0015543,Test (Temporal)
LOT-0015544,Train
LOT-0015545,Test (Temporal)
LOT-0015546,Train
LOT-0015547,Train
LOT-0015548,Train
LOT-0015549,Train
LOT-0015550,Train
LOT-0015551,Train
LOT-0015552,Train
LOT-0015553,Train
LOT-0015554,Test (Temporal)
LOT-0015555,Test (Temporal)
LOT-0015556,Train
LOT-0015557,Train
LOT-0015558,Train
LOT-0015559,Train
LOT-0015560,Train
LOT-0015561,Train
LOT-0015562,Test (Temporal)
LOT-0015563,Train
LOT-0015564,Test (Temporal)
LOT-0015565,Train
LOT-0015566,Train
LOT-0015567,Train
LOT-0015568,Train
LOT-0015569,Test (Temporal)
LOT-0015570,Train
LOT-0015571,Train
LOT-0015572,Test (Temporal)
LOT-0015573,Train
LOT-0015574,Test (Temporal)
LOT-0015575,Test (Temporal)
LOT-0015576,Train
LOT-0015577,Test (Temporal)
LOT-0015578,Train
LOT-0015579,Train
LOT-0015580,Train
LOT-0015581,Train
LOT-0015582,Train
LOT-0015583,Train
LOT-0015584,Train
LOT-0015585,Test (Temporal)
LOT-0015586,Train
LOT-0015587,Train
LOT-0015588,Test (Temporal)
LOT-0015589,Test (Temporal)
LOT-0015590,Train
LOT-0015591,Train
LOT-0015592,Test (Temporal)
LOT-0015593,Test (Temporal)
LOT-0015594,Train
LOT-0015595,Train
LOT-0015596,Test (Temporal)
LOT-0015597,Train
LOT-0015598,Test (Temporal)
LOT-0015599,Train
LOT-0015600,Train
LOT-0015601,Train
LOT-0015602,Train
LOT-0015603,Train
LOT-0015604,Train
LOT-0015605,Test (Temporal)
LOT-0015606,Train
LOT-0015607,Train
LOT-0015608,Train
LOT-0015609,Train
LOT-0015610,Test (Temporal)
LOT-0015611,Test (Temporal)
LOT-0015612,Test (Temporal)
LOT-0015613,Train
LOT-0015614,Train
LOT-0015615,Train
LOT-0015616,Train
LOT-0015617,Train
LOT-0015618,Train
LOT-0015619,Test (Temporal)
LOT-0015620,Train
LOT-0015621,Train
LOT-0015622,Train
LOT-0015623,Train
LOT-0015624,Train
LOT-0015625,Train
LOT-0015626,Train
LOT-0015627,Train
LOT-0015628,Train
LOT-0015629,Train
LOT-0015630,Train
LOT-0015631,Train
LOT-0015632,Train
LOT-0015633,Train
LOT-0015634,Train
LOT-0015635,Train
LOT-0015636,Train
LOT-0015637,Train
LOT-0015638,Test (Temporal)
LOT-0015639,Train
LOT-0015640,Train
LOT-0015641,Train
LOT-0015642,Train
LOT-0015643,Train
LOT-0015644,Test (Temporal)
LOT-0015645,Train
LOT-0015646,Train
LOT-0015647,Train
LOT-0015648,Train
LOT-0015649,Train
LOT-0015650,Train
LOT-0015651,Train
LOT-0015652,Train
LOT-0015653,Train
LOT-0015654,Train
LOT-0015655,Train
LOT-0015656,Train
LOT-0015657,Train
LOT-0015658,Train
LOT-0015659,Train
LOT-0015660,Train
LOT-0015661,Train
LOT-0015662,Train
LOT-0015663,Train
LOT-0015664,Train
LOT-0015665,Train
LOT-0015666,Train
LOT-0015667,Train
LOT-0015668,Test (Temporal)
LOT-0015669,Train
LOT-0015670,Train
LOT-0015671,Train
LOT-0015672,Train
LOT-0015673,Train
LOT-0015674,Train
LOT-0015675,Train
LOT-0015676,Train
LOT-0015677,Train
LOT-0015678,Train
LOT-0015679,Train
LOT-0015680,Train
LOT-0015681,Train
LOT-0015682,Train
LOT-0015683,Train
LOT-0015684,Train
LOT-0015685,Train
LOT-0015686,Train
LOT-0015687,Train
LOT-0015688,Test (Temporal)
LOT-0015689,Train
LOT-0015690,Train
LOT-0015691,Train
LOT-0015692,Train
LOT-0015693,Train
LOT-0015694,Train
LOT-0015695,Train
LOT-0015696,Train
LOT-0015697,Test (Temporal)
LOT-0015698,Train
LOT-0015699,Train
LOT-0015700,Train
LOT-0015701,Train
LOT-0015702,Train
LOT-0015703,Train
LOT-0015704,Train
LOT-0015705,Train
LOT-0015706,Test (Temporal)
LOT-0015707,Train
LOT-0015708,Train
LOT-0015709,Train
LOT-0015710,Train
LOT-0015711,Train
LOT-0015712,Train
LOT-0015713,Train
LOT-0015714,Train
LOT-0015715,Test (Temporal)
LOT-0015716,Train
LOT-0015717,Test (Temporal)
LOT-0015718,Train
LOT-0015719,Train
LOT-0015720,Test (Temporal)
LOT-0015721,Train
LOT-0015722,Train
LOT-0015723,Train
LOT-0015724,Train
LOT-0015725,Train
LOT-0015726,Train
LOT-0015727,Train
LOT-0015728,Train
LOT-0015729,Train
LOT-0015730,Train
LOT-0015731,Train
LOT-0015732,Test (Temporal)
LOT-0015733,Train
LOT-0015734,Train
LOT-0015735,Train
LOT-0015736,Test (Temporal)
LOT-0015737,Train
LOT-0015738,Train
LOT-0015739,Train
LOT-0015740,Train
LOT-0015741,Train
LOT-0015742,Train
LOT-0015743,Train
LOT-0015744,Train
LOT-0015745,Test (Temporal)
LOT-0015746,Train
LOT-0015747,Train
LOT-0015748,Train
LOT-0015749,Test (Temporal)
LOT-0015750,Train
LOT-0015751,Train
LOT-0015752,Test (Temporal)
LOT-0015753,Train
LOT-0015754,Train
LOT-0015755,Train
LOT-0015756,Train
LOT-0015757,Train
LOT-0015758,Train
LOT-0015759,Train
LOT-0015760,Test (Temporal)
LOT-0015761,Train
LOT-0015762,Train
LOT-0015763,Train
LOT-0015764,Train
LOT-0015765,Train
LOT-0015766,Test (Temporal)
LOT-0015767,Train
LOT-0015768,Train
LOT-0015769,Train
LOT-0015770,Train
LOT-0015771,Train
LOT-0015772,Train
LOT-0015773,Train
LOT-0015774,Train
LOT-0015775,Train
LOT-0015776,Train
LOT-0015777,Train
LOT-0015778,Test (Temporal)
LOT-0015779,Train
LOT-0015780,Train
LOT-0015781,Train
LOT-0015782,Train
LOT-0015783,Train
LOT-0015784,Train
LOT-0015785,Train
LOT-0015786,Train
LOT-0015787,Train
LOT-0015788,Train
LOT-0015789,Train
LOT-0015790,Test (Temporal)
LOT-0015791,Train
LOT-0015792,Train
LOT-0015793,Train
LOT-0015794,Train
LOT-0015795,Train
LOT-0015796,Train
LOT-0015797,Train
LOT-0015798,Train
LOT-0015799,Train
LOT-0015800,Train
LOT-0015801,Train
LOT-0015802,Test (Temporal)
LOT-0015803,Train
LOT-0015804,Train
LOT-0015805,Train
LOT-0015806,Train
LOT-0015807,Train
LOT-0015808,Train
LOT-0015809,Train
LOT-0015810,Test (Temporal)
LOT-0015811,Train
LOT-0015812,Train
LOT-0015813,Train
LOT-0015814,Test (Temporal)
LOT-0015815,Train
LOT-0015816,Train
LOT-0015817,Train
LOT-0015818,Train
LOT-0015819,Train
LOT-0015820,Train
LOT-0015821,Train
LOT-0015822,Test (Temporal)
LOT-0015823,Train
LOT-0015824,Test (Temporal)
LOT-0015825,Train
LOT-0015826,Train
LOT-0015827,Train
LOT-0015828,Train
LOT-0015829,Train
LOT-0015830,Train
LOT-0015831,Train
LOT-0015832,Train
LOT-0015833,Train
LOT-0015834,Train
LOT-0015835,Train
LOT-0015836,Train
LOT-0015837,Train
LOT-0015838,Train
LOT-0015839,Train
LOT-0015840,Train
LOT-0015841,Test (Temporal)
LOT-0015842,Train
LOT-0015843,Train
LOT-0015844,Train
LOT-0015845,Train
LOT-0015846,Train
LOT-0015847,Train
LOT-0015848,Train
LOT-0015849,Train
LOT-0015850,Train
LOT-0015851,Train
LOT-0015852,Train
LOT-0015853,Train
LOT-0015854,Train
LOT-0015855,Test (Temporal)
LOT-0015856,Train
LOT-0015857,Train
LOT-0015858,Train
LOT-0015859,Train
LOT-0015860,Test (Temporal)
LOT-0015861,Train
LOT-0015862,Train
LOT-0015863,Train
LOT-0015864,Train
LOT-0015865,Train
LOT-0015866,Train
LOT-0015867,Test (Temporal)
LOT-0015868,Train
LOT-0015869,Train
LOT-0015870,Test (Temporal)
LOT-0015871,Train
LOT-0015872,Train
LOT-0015873,Train
LOT-0015874,Train
LOT-0015875,Train
LOT-0015876,Train
LOT-0015877,Test (Temporal)
LOT-0015878,Train
LOT-0015879,Test (Temporal)
LOT-0015880,Train
LOT-0015881,Train
LOT-0015882,Train
LOT-0015883,Test (Temporal)
LOT-0015884,Test (Temporal)
LOT-0015885,Train
LOT-0015886,Test (Temporal)
LOT-0015887,Train
LOT-0015888,Train
LOT-0015889,Train
LOT-0015890,Train
LOT-0015891,Train
LOT-0015892,Train
LOT-0015893,Test (Temporal)
LOT-0015894,Test (Temporal)
LOT-0015895,Train
LOT-0015896,Train
LOT-0015897,Train
LOT-0015898,Train
LOT-0015899,Train
LOT-0015900,Train
LOT-0015901,Train
LOT-0015902,Train
LOT-0015903,Train
LOT-0015904,Train
LOT-0015905,Train
LOT-0015906,Train
LOT-0015907,Train
LOT-0015908,Test (Temporal)
LOT-0015909,Test (Temporal)
LOT-0015910,Test (Temporal)
LOT-0015911,Test (Temporal)
LOT-0015912,Train
LOT-0015913,Test (Temporal)
LOT-0015914,Test (Temporal)
LOT-0015915,Train
LOT-0015916,Train
LOT-0015917,Train
LOT-0015918,Train
LOT-0015919,Train
LOT-0015920,Train
LOT-0015921,Train
LOT-0015922,Train
LOT-0015923,Test (Temporal)
LOT-0015924,Train
LOT-0015925,Train
LOT-0015926,Train
LOT-0015927,Train
LOT-0015928,Train
LOT-0015929,Train
LOT-0015930,Train
LOT-0015931,Test (Temporal)
LOT-0015932,Test (Temporal)
LOT-0015933,Train
LOT-0015934,Train
LOT-0015935,Train
LOT-0015936,Train
LOT-0015937,Train
LOT-0015938,Train
LOT-0015939,Train
LOT-0015940,Train
LOT-0015941,Train
LOT-0015942,Train
LOT-0015943,Train
LOT-0015944,Train
LOT-0015945,Train
LOT-0015946,Train
LOT-0015947,Train
LOT-0015948,Test (Temporal)
LOT-0015949,Test (Temporal)
LOT-0015950,Test (Temporal)
LOT-0015951,Train
LOT-0015952,Test (Temporal)
LOT-0015953,Train
LOT-0015954,Train
LOT-0015955,Test (Temporal)
LOT-0015956,Train
LOT-0015957,Train
LOT-0015958,Train
LOT-0015959,Train
LOT-0015960,Train
LOT-0015961,Train
LOT-0015962,Train
LOT-0015963,Train
LOT-0015964,Test (Temporal)
LOT-0015965,Train
LOT-0015966,Train
LOT-0015967,Train
LOT-0015968,Train
LOT-0015969,Train
LOT-0015970,Train
LOT-0015971,Train
LOT-0015972,Train
LOT-0015973,Train
LOT-0015974,Test (Temporal)
LOT-0015975,Train
LOT-0015976,Train
LOT-0015977,Train
LOT-0015978,Train
LOT-0015979,Train
LOT-0015980,Train
LOT-0015981,Train
LOT-0015982,Train
LOT-0015983,Train
LOT-0015984,Train
LOT-0015985,Train
LOT-0015986,Train
LOT-0015987,Train
LOT-0015988,Train
LOT-0015989,Train
LOT-0015990,Train
LOT-0015991,Train
LOT-0015992,Train
LOT-0015993,Train
LOT-0015994,Train
LOT-0015995,Train
LOT-0015996,Test (Temporal)
LOT-0015997,Train
LOT-0015998,Train
LOT-0015999,Train
LOT-0016000,Train
LOT-0016001,Train
LOT-0016002,Train
LOT-0016003,Train
LOT-0016004,Train
LOT-0016005,Train
LOT-0016006,Train
LOT-0016007,Train
LOT-0016008,Train
LOT-0016009,Train
LOT-0016010,Train
LOT-0016011,Train
LOT-0016012,Train
LOT-0016013,Train
LOT-0016014,Train
LOT-0016015,Train
LOT-0016016,Train
LOT-0016017,Train
LOT-0016018,Train
LOT-0016019,Train
LOT-0016020,Train
LOT-0016021,Train
LOT-0016022,Train
LOT-0016023,Train
LOT-0016024,Train
LOT-0016025,Test (Temporal)
LOT-0016026,Train
LOT-0016027,Train
LOT-0016028,Train
LOT-0016029,Train
LOT-0016030,Test (Temporal)
LOT-0016031,Test (Temporal)
LOT-0016032,Train
LOT-0016033,Train
LOT-0016034,Test (Temporal)
LOT-0016035,Train
LOT-0016036,Train
LOT-0016037,Train
LOT-0016038,Train
LOT-0016039,Train
LOT-0016040,Train
LOT-0016041,Test (Temporal)
LOT-0016042,Train
LOT-0016043,Train
LOT-0016044,Train
LOT-0016045,Test (Temporal)
LOT-0016046,Train
LOT-0016047,Test (Temporal)
LOT-0016048,Train
LOT-0016049,Train
LOT-0016050,Train
LOT-0016051,Train
LOT-0016052,Test (Temporal)
LOT-0016053,Train
LOT-0016054,Train
LOT-0016055,Train
LOT-0016056,Train
LOT-0016057,Train
LOT-0016058,Train
LOT-0016059,Train
LOT-0016060,Train
LOT-0016061,Train
LOT-0016062,Train
LOT-0016063,Train
LOT-0016064,Train
LOT-0016065,Train
LOT-0016066,Train
LOT-0016067,Train
LOT-0016068,Train
LOT-0016069,Train
LOT-0016070,Train
LOT-0016071,Train
LOT-0016072,Train
LOT-0016073,Train
LOT-0016074,Train
LOT-0016075,Test (Temporal)
LOT-0016076,Train
LOT-0016077,Train
LOT-0016078,Train
LOT-0016079,Train
LOT-0016080,Train
LOT-0016081,Train
LOT-0016082,Train
LOT-0016083,Train
LOT-0016084,Train
LOT-0016085,Test (Temporal)
LOT-0016086,Train
LOT-0016087,Train
LOT-0016088,Test (Temporal)
LOT-0016089,Train
LOT-0016090,Train
LOT-0016091,Train
LOT-0016092,Train
LOT-0016093,Test (Temporal)
LOT-0016094,Train
LOT-0016095,Train
LOT-0016096,Train
LOT-0016097,Train
LOT-0016098,Train
LOT-0016099,Train
LOT-0016100,Train
LOT-0016101,Train
LOT-0016102,Train
LOT-0016103,Train
LOT-0016104,Test (Temporal)
LOT-0016105,Train
LOT-0016106,Train
LOT-0016107,Train
LOT-0016108,Train
LOT-0016109,Train
LOT-0016110,Train
LOT-0016111,Train
LOT-0016112,Train
LOT-0016113,Test (Temporal)
LOT-0016114,Train
LOT-0016115,Train
LOT-0016116,Train
LOT-0016117,Train
LOT-0016118,Train
LOT-0016119,Train
LOT-0016120,Train
LOT-0016121,Train
LOT-0016122,Train
LOT-0016123,Train
LOT-0016124,Test (Temporal)
LOT-0016125,Train
LOT-0016126,Train
LOT-0016127,Train
LOT-0016128,Train
LOT-0016129,Train
LOT-0016130,Train
LOT-0016131,Test (Temporal)
LOT-0016132,Train
LOT-0016133,Test (Temporal)
LOT-0016134,Test (Temporal)
LOT-0016135,Train
LOT-0016136,Train
LOT-0016137,Train
LOT-0016138,Train
LOT-0016139,Train
LOT-0016140,Train
LOT-0016141,Train
LOT-0016142,Train
LOT-0016143,Train
LOT-0016144,Train
LOT-0016145,Train
LOT-0016146,Train
LOT-0016147,Train
LOT-0016148,Train
LOT-0016149,Train
LOT-0016150,Train
LOT-0016151,Train
LOT-0016152,Train
LOT-0016153,Test (Temporal)
LOT-0016154,Train
LOT-0016155,Train
LOT-0016156,Train
LOT-0016157,Train
LOT-0016158,Train
LOT-0016159,Test (Temporal)
LOT-0016160,Train
LOT-0016161,Train
LOT-0016162,Train
LOT-0016163,Train
LOT-0016164,Test (Temporal)
LOT-0016165,Train
LOT-0016166,Train
LOT-0016167,Train
LOT-0016168,Train
LOT-0016169,Train
LOT-0016170,Train
LOT-0016171,Test (Temporal)
LOT-0016172,Train
LOT-0016173,Train
LOT-0016174,Train
LOT-0016175,Train
LOT-0016176,Train
LOT-0016177,Train
LOT-0016178,Train
LOT-0016179,Train
LOT-0016180,Test (Temporal)
LOT-0016181,Train
LOT-0016182,Train
LOT-0016183,Train
LOT-0016184,Train
LOT-0016185,Train
LOT-0016186,Train
LOT-0016187,Test (Temporal)
LOT-0016188,Train
LOT-0016189,Train
LOT-0016190,Train
LOT-0016191,Train
LOT-0016192,Train
LOT-0016193,Train
LOT-0016194,Train
LOT-0016195,Test (Temporal)
LOT-0016196,Train
LOT-0016197,Train
LOT-0016198,Train
LOT-0016199,Train
LOT-0016200,Train
LOT-0016201,Train
LOT-0016202,Train
LOT-0016203,Train
LOT-0016204,Train
LOT-0016205,Train
LOT-0016206,Train
LOT-0016207,Train
LOT-0016208,Train
LOT-0016209,Train
LOT-0016210,Train
LOT-0016211,Train
LOT-0016212,Train
LOT-0016213,Train
LOT-0016214,Train
LOT-0016215,Train
LOT-0016216,Train
LOT-0016217,Train
LOT-0016218,Train
LOT-0016219,Train
LOT-0016220,Train
LOT-0016221,Test (Temporal)
LOT-0016222,Test (Temporal)
LOT-0016223,Train
LOT-0016224,Test (Temporal)
LOT-0016225,Train
LOT-0016226,Train
LOT-0016227,Train
LOT-0016228,Train
LOT-0016229,Train
LOT-0016230,Train
LOT-0016231,Train
LOT-0016232,Train
LOT-0016233,Train
LOT-0016234,Train
LOT-0016235,Train
LOT-0016236,Train
LOT-0016237,Train
LOT-0016238,Train
LOT-0016239,Train
LOT-0016240,Test (Temporal)
LOT-0016241,Test (Temporal)
LOT-0016242,Train
LOT-0016243,Train
LOT-0016244,Train
LOT-0016245,Train
LOT-0016246,Train
LOT-0016247,Train
LOT-0016248,Test (Temporal)
LOT-0016249,Train
LOT-0016250,Test (Temporal)
LOT-0016251,Train
LOT-0016252,Train
LOT-0016253,Train
LOT-0016254,Train
LOT-0016255,Train
LOT-0016256,Train
LOT-0016257,Train
LOT-0016258,Train
LOT-0016259,Test (Temporal)
LOT-0016260,Train
LOT-0016261,Train
LOT-0016262,Train
LOT-0016263,Train
LOT-0016264,Train
LOT-0016265,Train
LOT-0016266,Train
LOT-0016267,Test (Temporal)
LOT-0016268,Train
LOT-0016269,Test (Temporal)
LOT-0016270,Train
LOT-0016271,Train
LOT-0016272,Train
LOT-0016273,Train
LOT-0016274,Train
LOT-0016275,Train
LOT-0016276,Train
LOT-0016277,Train
LOT-0016278,Test (Temporal)
LOT-0016279,Train
LOT-0016280,Train
LOT-0016281,Train
LOT-0016282,Train
LOT-0016283,Train
LOT-0016284,Test (Temporal)
LOT-0016285,Train
LOT-0016286,Train
LOT-0016287,Test (Temporal)
LOT-0016288,Train
LOT-0016289,Train
LOT-0016290,Train
LOT-0016291,Train
LOT-0016292,Train
LOT-0016293,Train
LOT-0016294,Train
LOT-0016295,Train
LOT-0016296,Train
LOT-0016297,Train
LOT-0016298,Train
LOT-0016299,Train
LOT-0016300,Train
LOT-0016301,Train
LOT-0016302,Train
LOT-0016303,Train
LOT-0016304,Train
LOT-0016305,Train
LOT-0016306,Train
LOT-0016307,Train
LOT-0016308,Train
LOT-0016309,Train
LOT-0016310,Train
LOT-0016311,Train
LOT-0016312,Test (Temporal)
LOT-0016313,Train
LOT-0016314,Train
LOT-0016315,Train
LOT-0016316,Train
LOT-0016317,Test (Temporal)
LOT-0016318,Train
LOT-0016319,Train
LOT-0016320,Train
LOT-0016321,Test (Temporal)
LOT-0016322,Train
LOT-0016323,Train
LOT-0016324,Train
LOT-0016325,Train
LOT-0016326,Train
LOT-0016327,Train
LOT-0016328,Train
LOT-0016329,Train
LOT-0016330,Train
LOT-0016331,Train
LOT-0016332,Train
LOT-0016333,Train
LOT-0016334,Train
LOT-0016335,Train
LOT-0016336,Train
LOT-0016337,Train
LOT-0016338,Train
LOT-0016339,Train
LOT-0016340,Train
LOT-0016341,Train
LOT-0016342,Train
LOT-0016343,Train
LOT-0016344,Test (Temporal)
LOT-0016345,Train
LOT-0016346,Train
LOT-0016347,Train
LOT-0016348,Test (Temporal)
LOT-0016349,Train
LOT-0016350,Train
LOT-0016351,Test (Temporal)
LOT-0016352,Train
LOT-0016353,Train
LOT-0016354,Train
LOT-0016355,Train
LOT-0016356,Train
LOT-0016357,Train
LOT-0016358,Train
LOT-0016359,Test (Temporal)
LOT-0016360,Test (Temporal)
LOT-0016361,Train
LOT-0016362,Train
LOT-0016363,Train
LOT-0016364,Train
LOT-0016365,Test (Temporal)
LOT-0016366,Train
LOT-0016367,Train
LOT-0016368,Train
LOT-0016369,Train
LOT-0016370,Train
LOT-0016371,Train
LOT-0016372,Train
LOT-0016373,Train
LOT-0016374,Train
LOT-0016375,Train
LOT-0016376,Train
LOT-0016377,Train
LOT-0016378,Train
LOT-0016379,Train
LOT-0016380,Test (Temporal)
LOT-0016381,Train
LOT-0016382,Test (Temporal)
LOT-0016383,Train
LOT-0016384,Train
LOT-0016385,Train
LOT-0016386,Train
LOT-0016387,Train
LOT-0016388,Train
LOT-0016389,Train
LOT-0016390,Train
LOT-0016391,Test (Temporal)
LOT-0016392,Train
LOT-0016393,Train
LOT-0016394,Train
LOT-0016395,Train
LOT-0016396,Test (Temporal)
LOT-0016397,Train
LOT-0016398,Test (Temporal)
LOT-0016399,Train
LOT-0016400,Train
LOT-0016401,Train
LOT-0016402,Train
LOT-0016403,Train
LOT-0016404,Train
LOT-0016405,Test (Temporal)
LOT-0016406,Train
LOT-0016407,Train
LOT-0016408,Train
LOT-0016409,Train
LOT-0016410,Train
LOT-0016411,Train
LOT-0016412,Train
LOT-0016413,Train
LOT-0016414,Train
LOT-0016415,Train
LOT-0016416,Train
LOT-0016417,Train
LOT-0016418,Train
LOT-0016419,Test (Temporal)
LOT-0016420,Test (Temporal)
LOT-0016421,Train
LOT-0016422,Train
LOT-0016423,Train
LOT-0016424,Train
LOT-0016425,Train
LOT-0016426,Test (Temporal)
LOT-0016427,Train
LOT-0016428,Train
LOT-0016429,Train
LOT-0016430,Train
LOT-0016431,Train
LOT-0016432,Train
LOT-0016433,Train
LOT-0016434,Train
LOT-0016435,Train
LOT-0016436,Train
LOT-0016437,Train
LOT-0016438,Train
LOT-0016439,Train
LOT-0016440,Train
LOT-0016441,Train
LOT-0016442,Train
LOT-0016443,Train
LOT-0016444,Test (Temporal)
LOT-0016445,Test (Temporal)
LOT-0016446,Train
LOT-0016447,Test (Temporal)
LOT-0016448,Test (Temporal)
LOT-0016449,Train
LOT-0016450,Train
LOT-0016451,Test (Temporal)
LOT-0016452,Train
LOT-0016453,Train
LOT-0016454,Train
LOT-0016455,Train
LOT-0016456,Train
LOT-0016457,Train
LOT-0016458,Train
LOT-0016459,Test (Temporal)
LOT-0016460,Test (Temporal)
LOT-0016461,Train
LOT-0016462,Train
LOT-0016463,Train
LOT-0016464,Train
LOT-0016465,Train
LOT-0016466,Train
LOT-0016467,Train
LOT-0016468,Train
LOT-0016469,Test (Temporal)
LOT-0016470,Test (Temporal)
LOT-0016471,Train
LOT-0016472,Train
LOT-0016473,Train
LOT-0016474,Train
LOT-0016475,Train
LOT-0016476,Train
LOT-0016477,Train
LOT-0016478,Train
LOT-0016479,Train
LOT-0016480,Train
LOT-0016481,Train
LOT-0016482,Train
LOT-0016483,Train
LOT-0016484,Train
LOT-0016485,Train
LOT-0016486,Train
LOT-0016487,Train
LOT-0016488,Train
LOT-0016489,Train
LOT-0016490,Train
LOT-0016491,Train
LOT-0016492,Test (Temporal)
LOT-0016493,Train
LOT-0016494,Train
LOT-0016495,Train
LOT-0016496,Train
LOT-0016497,Train
LOT-0016498,Train
LOT-0016499,Train
LOT-0016500,Train
LOT-0016501,Train
LOT-0016502,Train
LOT-0016503,Train
LOT-0016504,Train
LOT-0016505,Train
LOT-0016506,Train
LOT-0016507,Test (Temporal)
LOT-0016508,Train
LOT-0016509,Train
LOT-0016510,Train
LOT-0016511,Train
LOT-0016512,Train
LOT-0016513,Train
LOT-0016514,Train
LOT-0016515,Test (Temporal)
LOT-0016516,Train
LOT-0016517,Train
LOT-0016518,Train
LOT-0016519,Test (Temporal)
LOT-0016520,Train
LOT-0016521,Train
LOT-0016522,Train
LOT-0016523,Train
LOT-0016524,Train
LOT-0016525,Train
LOT-0016526,Train
LOT-0016527,Train
LOT-0016528,Train
LOT-0016529,Train
LOT-0016530,Train
LOT-0016531,Train
LOT-0016532,Train
LOT-0016533,Test (Temporal)
LOT-0016534,Train
LOT-0016535,Train
LOT-0016536,Train
LOT-0016537,Train
LOT-0016538,Train
LOT-0016539,Train
LOT-0016540,Train
LOT-0016541,Train
LOT-0016542,Train
LOT-0016543,Train
LOT-0016544,Train
LOT-0016545,Test (Temporal)
LOT-0016546,Train
LOT-0016547,Train
LOT-0016548,Train
LOT-0016549,Test (Temporal)
LOT-0016550,Train
LOT-0016551,Train
LOT-0016552,Train
LOT-0016553,Train
LOT-0016554,Train
LOT-0016555,Train
LOT-0016556,Train
LOT-0016557,Train
LOT-0016558,Train
LOT-0016559,Train
LOT-0016560,Test (Temporal)
LOT-0016561,Train
LOT-0016562,Train
LOT-0016563,Train
LOT-0016564,Train
LOT-0016565,Train
LOT-0016566,Train
LOT-0016567,Test (Temporal)
LOT-0016568,Test (Temporal)
LOT-0016569,Train
LOT-0016570,Test (Temporal)
LOT-0016571,Train
LOT-0016572,Train
LOT-0016573,Train
LOT-0016574,Train
LOT-0016575,Train
LOT-0016576,Train
LOT-0016577,Train
LOT-0016578,Train
LOT-0016579,Train
LOT-0016580,Train
LOT-0016581,Test (Temporal)
LOT-0016582,Train
LOT-0016583,Train
LOT-0016584,Train
LOT-0016585,Train
LOT-0016586,Train
LOT-0016587,Train
LOT-0016588,Test (Temporal)
LOT-0016589,Train
LOT-0016590,Train
LOT-0016591,Train
LOT-0016592,Train
LOT-0016593,Train
LOT-0016594,Train
LOT-0016595,Train
LOT-0016596,Train
LOT-0016597,Test (Temporal)
LOT-0016598,Train
LOT-0016599,Test (Temporal)
LOT-0016600,Test (Temporal)
LOT-0016601,Train
LOT-0016602,Train
LOT-0016603,Train
LOT-0016604,Train
LOT-0016605,Train
LOT-0016606,Train
LOT-0016607,Train
LOT-0016608,Train
LOT-0016609,Train
LOT-0016610,Train
LOT-0016611,Train
LOT-0016612,Train
LOT-0016613,Train
LOT-0016614,Train
LOT-0016615,Train
LOT-0016616,Test (Temporal)
LOT-0016617,Train
LOT-0016618,Test (Temporal)
LOT-0016619,Train
LOT-0016620,Train
LOT-0016621,Train
LOT-0016622,Train
LOT-0016623,Train
LOT-0016624,Train
LOT-0016625,Train
LOT-0016626,Train
LOT-0016627,Train
LOT-0016628,Train
LOT-0016629,Train
LOT-0016630,Test (Temporal)
LOT-0016631,Train
LOT-0016632,Train
LOT-0016633,Train
LOT-0016634,Train
LOT-0016635,Train
LOT-0016636,Train
LOT-0016637,Train
LOT-0016638,Train
LOT-0016639,Test (Temporal)
LOT-0016640,Test (Temporal)
LOT-0016641,Train
LOT-0016642,Train
LOT-0016643,Train
LOT-0016644,Train
LOT-0016645,Train
LOT-0016646,Train
LOT-0016647,Train
LOT-0016648,Train
LOT-0016649,Train
LOT-0016650,Train
LOT-0016651,Train
LOT-0016652,Train
LOT-0016653,Train
LOT-0016654,Test (Temporal)
LOT-0016655,Train
LOT-0016656,Train
LOT-0016657,Train
LOT-0016658,Train
LOT-0016659,Train
LOT-0016660,Test (Temporal)
LOT-0016661,Train
LOT-0016662,Train
LOT-0016663,Train
LOT-0016664,Train
LOT-0016665,Test (Temporal)
LOT-0016666,Train
LOT-0016667,Train
LOT-0016668,Train
LOT-0016669,Train
LOT-0016670,Train
LOT-0016671,Train
LOT-0016672,Train
LOT-0016673,Train
LOT-0016674,Test (Temporal)
LOT-0016675,Train
LOT-0016676,Train
LOT-0016677,Train
LOT-0016678,Train
LOT-0016679,Train
LOT-0016680,Train
LOT-0016681,Train
LOT-0016682,Train
LOT-0016683,Train
LOT-0016684,Train
LOT-0016685,Test (Temporal)
LOT-0016686,Test (Temporal)
LOT-0016687,Train
LOT-0016688,Train
LOT-0016689,Train
LOT-0016690,Test (Temporal)
LOT-0016691,Train
LOT-0016692,Train
LOT-0016693,Train
LOT-0016694,Train
LOT-0016695,Train
LOT-0016696,Test (Temporal)
LOT-0016697,Train
LOT-0016698,Train
LOT-0016699,Train
LOT-0016700,Train
LOT-0016701,Train
LOT-0016702,Test (Temporal)
LOT-0016703,Train
LOT-0016704,Train
LOT-0016705,Train
LOT-0016706,Train
LOT-0016707,Train
LOT-0016708,Train
LOT-0016709,Train
LOT-0016710,Test (Temporal)
LOT-0016711,Train
LOT-0016712,Train
LOT-0016713,Train
LOT-0016714,Test (Temporal)
LOT-0016715,Train
LOT-0016716,Train
LOT-0016717,Train
LOT-0016718,Test (Temporal)
LOT-0016719,Train
LOT-0016720,Test (Temporal)
LOT-0016721,Train
LOT-0016722,Train
LOT-0016723,Train
LOT-0016724,Train
LOT-0016725,Train
LOT-0016726,Train
LOT-0016727,Train
LOT-0016728,Train
LOT-0016729,Train
LOT-0016730,Test (Temporal)
LOT-0016731,Train
LOT-0016732,Train
LOT-0016733,Train
LOT-0016734,Test (Temporal)
LOT-0016735,Train
LOT-0016736,Train
LOT-0016737,Test (Temporal)
LOT-0016738,Train
LOT-0016739,Train
LOT-0016740,Train
LOT-0016741,Train
LOT-0016742,Train
LOT-0016743,Train
LOT-0016744,Test (Temporal)
LOT-0016745,Train
LOT-0016746,Test (Temporal)
LOT-0016747,Train
LOT-0016748,Train
LOT-0016749,Train
LOT-0016750,Train
LOT-0016751,Train
LOT-0016752,Train
LOT-0016753,Test (Temporal)
LOT-0016754,Train
LOT-0016755,Train
LOT-0016756,Train
LOT-0016757,Train
LOT-0016758,Train
LOT-0016759,Train
LOT-0016760,Train
LOT-0016761,Train
LOT-0016762,Train
LOT-0016763,Train
LOT-0016764,Train
LOT-0016765,Train
LOT-0016766,Train
LOT-0016767,Train
LOT-0016768,Train
LOT-0016769,Test (Temporal)
LOT-0016770,Train
LOT-0016771,Train
LOT-0016772,Test (Temporal)
LOT-0016773,Train
LOT-0016774,Train
LOT-0016775,Train
LOT-0016776,Train
LOT-0016777,Train
LOT-0016778,Train
LOT-0016779,Train
LOT-0016780,Train
LOT-0016781,Train
LOT-0016782,Train
LOT-0016783,Test (Temporal)
LOT-0016784,Train
LOT-0016785,Test (Temporal)
LOT-0016786,Train
LOT-0016787,Train
LOT-0016788,Train
LOT-0016789,Train
LOT-0016790,Train
LOT-0016791,Test (Temporal)
LOT-0016792,Train
LOT-0016793,Train
LOT-0016794,Test (Temporal)
LOT-0016795,Train
LOT-0016796,Train
LOT-0016797,Train
LOT-0016798,Train
LOT-0016799,Train
LOT-0016800,Train
LOT-0016801,Train
LOT-0016802,Train
LOT-0016803,Test (Temporal)
LOT-0016804,Train
LOT-0016805,Train
LOT-0016806,Train
LOT-0016807,Train
LOT-0016808,Train
LOT-0016809,Train
LOT-0016810,Train
LOT-0016811,Train
LOT-0016812,Train
LOT-0016813,Train
LOT-0016814,Train
LOT-0016815,Train
LOT-0016816,Train
LOT-0016817,Test (Temporal)
LOT-0016818,Train
LOT-0016819,Train
LOT-0016820,Train
LOT-0016821,Train
LOT-0016822,Train
LOT-0016823,Test (Temporal)
LOT-0016824,Train
LOT-0016825,Train
LOT-0016826,Train
LOT-0016827,Train
LOT-0016828,Train
LOT-0016829,Train
LOT-0016830,Train
LOT-0016831,Train
LOT-0016832,Train
LOT-0016833,Train
LOT-0016834,Train
LOT-0016835,Train
LOT-0016836,Train
LOT-0016837,Train
LOT-0016838,Train
LOT-0016839,Train
LOT-0016840,Train
LOT-0016841,Train
LOT-0016842,Train
LOT-0016843,Train
LOT-0016844,Train
LOT-0016845,Test (Temporal)
LOT-0016846,Train
LOT-0016847,Test (Temporal)
LOT-0016848,Train
LOT-0016849,Train
LOT-0016850,Train
LOT-0016851,Train
LOT-0016852,Test (Temporal)
LOT-0016853,Train
LOT-0016854,Train
LOT-0016855,Train
LOT-0016856,Train
LOT-0016857,Train
LOT-0016858,Test (Temporal)
LOT-0016859,Train
LOT-0016860,Test (Temporal)
LOT-0016861,Train
LOT-0016862,Train
LOT-0016863,Train
LOT-0016864,Train
LOT-0016865,Test (Temporal)
LOT-0016866,Train
LOT-0016867,Train
LOT-0016868,Test (Temporal)
LOT-0016869,Train
LOT-0016870,Train
LOT-0016871,Train
LOT-0016872,Train
LOT-0016873,Train
LOT-0016874,Train
LOT-0016875,Train
LOT-0016876,Train
LOT-0016877,Train
LOT-0016878,Train
LOT-0016879,Train
LOT-0016880,Train
LOT-0016881,Train
LOT-0016882,Train
LOT-0016883,Test (Temporal)
LOT-0016884,Train
LOT-0016885,Train
LOT-0016886,Train
LOT-0016887,Test (Temporal)
LOT-0016888,Train
LOT-0016889,Train
LOT-0016890,Train
LOT-0016891,Train
LOT-0016892,Train
LOT-0016893,Train
LOT-0016894,Train
LOT-0016895,Test (Temporal)
LOT-0016896,Train
LOT-0016897,Test (Temporal)
LOT-0016898,Train
LOT-0016899,Test (Temporal)
LOT-0016900,Train
LOT-0016901,Train
LOT-0016902,Test (Temporal)
LOT-0016903,Train
LOT-0016904,Train
LOT-0016905,Train
LOT-0016906,Train
LOT-0016907,Train
LOT-0016908,Train
LOT-0016909,Train
LOT-0016910,Test (Temporal)
LOT-0016911,Test (Temporal)
LOT-0016912,Train
LOT-0016913,Train
LOT-0016914,Train
LOT-0016915,Train
LOT-0016916,Test (Temporal)
LOT-0016917,Train
LOT-0016918,Train
LOT-0016919,Train
LOT-0016920,Train
LOT-0016921,Train
LOT-0016922,Test (Temporal)
LOT-0016923,Train
LOT-0016924,Train
LOT-0016925,Train
LOT-0016926,Train
LOT-0016927,Train
LOT-0016928,Train
LOT-0016929,Train
LOT-0016930,Train
LOT-0016931,Train
LOT-0016932,Test (Temporal)
LOT-0016933,Train
LOT-0016934,Train
LOT-0016935,Train
LOT-0016936,Train
LOT-0016937,Train
LOT-0016938,Train
LOT-0016939,Train
LOT-0016940,Test (Temporal)
LOT-0016941,Test (Temporal)
LOT-0016942,Train
LOT-0016943,Test (Temporal)
LOT-0016944,Train
LOT-0016945,Train
LOT-0016946,Train
LOT-0016947,Train
LOT-0016948,Train
LOT-0016949,Train
LOT-0016950,Train
LOT-0016951,Test (Temporal)
LOT-0016952,Train
LOT-0016953,Test (Temporal)
LOT-0016954,Train
LOT-0016955,Train
LOT-0016956,Test (Temporal)
LOT-0016957,Train
LOT-0016958,Train
LOT-0016959,Train
LOT-0016960,Train
LOT-0016961,Train
LOT-0016962,Test (Temporal)
LOT-0016963,Train
LOT-0016964,Train
LOT-0016965,Train
LOT-0016966,Test (Temporal)
LOT-0016967,Train
LOT-0016968,Train
LOT-0016969,Test (Temporal)
LOT-0016970,Train
LOT-0016971,Train
LOT-0016972,Train
LOT-0016973,Train
LOT-0016974,Train
LOT-0016975,Train
LOT-0016976,Test (Temporal)
LOT-0016977,Train
LOT-0016978,Train
LOT-0016979,Train
LOT-0016980,Test (Temporal)
LOT-0016981,Train
LOT-0016982,Train
LOT-0016983,Train
LOT-0016984,Train
LOT-0016985,Train
LOT-0016986,Train
LOT-0016987,Train
LOT-0016988,Train
LOT-0016989,Train
LOT-0016990,Train
LOT-0016991,Test (Temporal)
LOT-0016992,Test (Temporal)
LOT-0016993,Train
LOT-0016994,Train
LOT-0016995,Train
LOT-0016996,Train
LOT-0016997,Train
LOT-0016998,Train
LOT-0016999,Train
LOT-0017000,Train
LOT-0017001,Train
LOT-0017002,Test (Temporal)
LOT-0017003,Train
LOT-0017004,Train
LOT-0017005,Train
LOT-0017006,Train
LOT-0017007,Test (Temporal)
LOT-0017008,Train
LOT-0017009,Train
LOT-0017010,Test (Temporal)
LOT-0017011,Train
LOT-0017012,Train
LOT-0017013,Train
LOT-0017014,Train
LOT-0017015,Train
LOT-0017016,Train
LOT-0017017,Train
LOT-0017018,Train
LOT-0017019,Train
LOT-0017020,Train
LOT-0017021,Test (Temporal)
LOT-0017022,Train
LOT-0017023,Train
LOT-0017024,Train
LOT-0017025,Train
LOT-0017026,Train
LOT-0017027,Train
LOT-0017028,Train
LOT-0017029,Test (Temporal)
LOT-0017030,Train
LOT-0017031,Train
LOT-0017032,Train
LOT-0017033,Train
LOT-0017034,Train
LOT-0017035,Test (Temporal)
LOT-0017036,Train
LOT-0017037,Train
LOT-0017038,Train
LOT-0017039,Train
LOT-0017040,Train
LOT-0017041,Train
LOT-0017042,Test (Temporal)
LOT-0017043,Train
LOT-0017044,Train
LOT-0017045,Train
LOT-0017046,Train
LOT-0017047,Train
LOT-0017048,Train
LOT-0017049,Train
LOT-0017050,Train
LOT-0017051,Train
LOT-0017052,Train
LOT-0017053,Train
LOT-0017054,Train
LOT-0017055,Train
LOT-0017056,Train
LOT-0017057,Train
LOT-0017058,Train
LOT-0017059,Train
LOT-0017060,Train
LOT-0017061,Train
LOT-0017062,Train
LOT-0017063,Train
LOT-0017064,Train
LOT-0017065,Train
LOT-0017066,Train
LOT-0017067,Train
LOT-0017068,Train
LOT-0017069,Train
LOT-0017070,Train
LOT-0017071,Train
LOT-0017072,Train
LOT-0017073,Train
LOT-0017074,Test (Temporal)
LOT-0017075,Train
LOT-0017076,Train
LOT-0017077,Train
LOT-0017078,Train
LOT-0017079,Train
LOT-0017080,Train
LOT-0017081,Train
LOT-0017082,Train
LOT-0017083,Train
LOT-0017084,Train
LOT-0017085,Train
LOT-0017086,Train
LOT-0017087,Train
LOT-0017088,Train
LOT-0017089,Train
LOT-0017090,Test (Temporal)
LOT-0017091,Test (Temporal)
LOT-0017092,Train
LOT-0017093,Test (Temporal)
LOT-0017094,Train
LOT-0017095,Train
LOT-0017096,Train
LOT-0017097,Train
LOT-0017098,Train
LOT-0017099,Train
LOT-0017100,Train
LOT-0017101,Train
LOT-0017102,Train
LOT-0017103,Train
LOT-0017104,Train
LOT-0017105,Train
LOT-0017106,Train
LOT-0017107,Test (Temporal)
LOT-0017108,Train
LOT-0017109,Train
LOT-0017110,Train
LOT-0017111,Train
LOT-0017112,Train
LOT-0017113,Train
LOT-0017114,Train
LOT-0017115,Train
LOT-0017116,Test (Temporal)
LOT-0017117,Train
LOT-0017118,Train
LOT-0017119,Train
LOT-0017120,Test (Temporal)
LOT-0017121,Train
LOT-0017122,Test (Temporal)
LOT-0017123,Train
LOT-0017124,Train
LOT-0017125,Train
LOT-0017126,Test (Temporal)
LOT-0017127,Test (Temporal)
LOT-0017128,Train
LOT-0017129,Test (Temporal)
LOT-0017130,Train
LOT-0017131,Train
LOT-0017132,Train
LOT-0017133,Train
LOT-0017134,Train
LOT-0017135,Test (Temporal)
LOT-0017136,Train
LOT-0017137,Train
LOT-0017138,Train
LOT-0017139,Train
LOT-0017140,Train
LOT-0017141,Train
LOT-0017142,Train
LOT-0017143,Train
LOT-0017144,Train
LOT-0017145,Train
LOT-0017146,Train
LOT-0017147,Train
LOT-0017148,Test (Temporal)
LOT-0017149,Train
LOT-0017150,Train
LOT-0017151,Train
LOT-0017152,Train
LOT-0017153,Test (Temporal)
LOT-0017154,Test (Temporal)
LOT-0017155,Train
LOT-0017156,Train
LOT-0017157,Train
LOT-0017158,Train
LOT-0017159,Train
LOT-0017160,Train
LOT-0017161,Train
LOT-0017162,Train
LOT-0017163,Train
LOT-0017164,Train
LOT-0017165,Test (Temporal)
LOT-0017166,Train
LOT-0017167,Train
LOT-0017168,Train
LOT-0017169,Train
LOT-0017170,Train
LOT-0017171,Test (Temporal)
LOT-0017172,Train
LOT-0017173,Train
LOT-0017174,Train
LOT-0017175,Train
LOT-0017176,Train
LOT-0017177,Train
LOT-0017178,Test (Temporal)
LOT-0017179,Train
LOT-0017180,Train
LOT-0017181,Test (Temporal)
LOT-0017182,Train
LOT-0017183,Train
LOT-0017184,Test (Temporal)
LOT-0017185,Test (Temporal)
LOT-0017186,Test (Temporal)
LOT-0017187,Test (Temporal)
LOT-0017188,Train
LOT-0017189,Test (Temporal)
LOT-0017190,Train
LOT-0017191,Train
LOT-0017192,Test (Temporal)
LOT-0017193,Train
LOT-0017194,Train
LOT-0017195,Train
LOT-0017196,Train
LOT-0017197,Train
LOT-0017198,Train
LOT-0017199,Train
LOT-0017200,Test (Temporal)
LOT-0017201,Train
LOT-0017202,Train
LOT-0017203,Test (Temporal)
LOT-0017204,Train
LOT-0017205,Train
LOT-0017206,Train
LOT-0017207,Train
LOT-0017208,Train
LOT-0017209,Test (Temporal)
LOT-0017210,Train
LOT-0017211,Train
LOT-0017212,Train
LOT-0017213,Train
LOT-0017214,Train
LOT-0017215,Train
LOT-0017216,Train
LOT-0017217,Train
LOT-0017218,Train
LOT-0017219,Test (Temporal)
LOT-0017220,Test (Temporal)
LOT-0017221,Train
LOT-0017222,Train
LOT-0017223,Test (Temporal)
LOT-0017224,Train
LOT-0017225,Train
LOT-0017226,Train
LOT-0017227,Train
LOT-0017228,Train
LOT-0017229,Train
LOT-0017230,Test (Temporal)
LOT-0017231,Train
LOT-0017232,Train
LOT-0017233,Train
LOT-0017234,Train
LOT-0017235,Train
LOT-0017236,Train
LOT-0017237,Train
LOT-0017238,Train
LOT-0017239,Train
LOT-0017240,Train
LOT-0017241,Train
LOT-0017242,Train
LOT-0017243,Train
LOT-0017244,Train
LOT-0017245,Train
LOT-0017246,Train
LOT-0017247,Train
LOT-0017248,Train
LOT-0017249,Train
LOT-0017250,Train
LOT-0017251,Train
LOT-0017252,Train
LOT-0017253,Train
LOT-0017254,Train
LOT-0017255,Test (Temporal)
LOT-0017256,Test (Temporal)
LOT-0017257,Train
LOT-0017258,Train
LOT-0017259,Train
LOT-0017260,Train
LOT-0017261,Train
LOT-0017262,Train
LOT-0017263,Train
LOT-0017264,Train
LOT-0017265,Train
LOT-0017266,Train
LOT-0017267,Test (Temporal)
LOT-0017268,Train
LOT-0017269,Train
LOT-0017270,Test (Temporal)
LOT-0017271,Train
LOT-0017272,Test (Temporal)
LOT-0017273,Train
LOT-0017274,Train
LOT-0017275,Train
LOT-0017276,Train
LOT-0017277,Train
LOT-0017278,Train
LOT-0017279,Train
LOT-0017280,Train
LOT-0017281,Train
LOT-0017282,Train
LOT-0017283,Train
LOT-0017284,Train
LOT-0017285,Train
LOT-0017286,Train
LOT-0017287,Test (Temporal)
LOT-0017288,Test (Temporal)
LOT-0017289,Train
LOT-0017290,Test (Temporal)
LOT-0017291,Train
LOT-0017292,Train
LOT-0017293,Train
LOT-0017294,Train
LOT-0017295,Train
LOT-0017296,Train
LOT-0017297,Train
LOT-0017298,Train
LOT-0017299,Test (Temporal)
LOT-0017300,Train
LOT-0017301,Train
LOT-0017302,Test (Temporal)
LOT-0017303,Train
LOT-0017304,Train
LOT-0017305,Train
LOT-0017306,Train
LOT-0017307,Train
LOT-0017308,Train
LOT-0017309,Test (Temporal)
LOT-0017310,Test (Temporal)
LOT-0017311,Train
LOT-0017312,Train
LOT-0017313,Train
LOT-0017314,Train
LOT-0017315,Train
LOT-0017316,Train
LOT-0017317,Train
LOT-0017318,Train
LOT-0017319,Train
LOT-0017320,Train
LOT-0017321,Train
LOT-0017322,Train
LOT-0017323,Train
LOT-0017324,Train
LOT-0017325,Test (Temporal)
LOT-0017326,Train
LOT-0017327,Train
LOT-0017328,Train
LOT-0017329,Train
LOT-0017330,Train
LOT-0017331,Train
LOT-0017332,Test (Temporal)
LOT-0017333,Train
LOT-0017334,Test (Temporal)
LOT-0017335,Train
LOT-0017336,Train
LOT-0017337,Train
LOT-0017338,Train
LOT-0017339,Train
LOT-0017340,Train
LOT-0017341,Train
LOT-0017342,Train
LOT-0017343,Test (Temporal)
LOT-0017344,Train
LOT-0017345,Train
LOT-0017346,Train
LOT-0017347,Test (Temporal)
LOT-0017348,Train
LOT-0017349,Train
LOT-0017350,Train
LOT-0017351,Train
LOT-0017352,Train
LOT-0017353,Train
LOT-0017354,Train
LOT-0017355,Train
LOT-0017356,Train
LOT-0017357,Train
LOT-0017358,Train
LOT-0017359,Train
LOT-0017360,Train
LOT-0017361,Test (Temporal)
LOT-0017362,Train
LOT-0017363,Train
LOT-0017364,Train
LOT-0017365,Train
LOT-0017366,Train
LOT-0017367,Train
LOT-0017368,Train
LOT-0017369,Train
LOT-0017370,Train
LOT-0017371,Train
LOT-0017372,Train
LOT-0017373,Train
LOT-0017374,Train
LOT-0017375,Train
LOT-0017376,Train
LOT-0017377,Train
LOT-0017378,Train
LOT-0017379,Test (Temporal)
LOT-0017380,Train
LOT-0017381,Train
LOT-0017382,Train
LOT-0017383,Test (Temporal)
LOT-0017384,Train
LOT-0017385,Train
LOT-0017386,Test (Temporal)
LOT-0017387,Train
LOT-0017388,Train
LOT-0017389,Test (Temporal)
LOT-0017390,Train
LOT-0017391,Train
LOT-0017392,Train
LOT-0017393,Train
LOT-0017394,Train
LOT-0017395,Train
LOT-0017396,Train
LOT-0017397,Train
LOT-0017398,Test (Temporal)
LOT-0017399,Train
LOT-0017400,Train
LOT-0017401,Train
LOT-0017402,Train
LOT-0017403,Train
LOT-0017404,Train
LOT-0017405,Test (Temporal)
LOT-0017406,Train
LOT-0017407,Train
LOT-0017408,Train
LOT-0017409,Train
LOT-0017410,Train
LOT-0017411,Train
LOT-0017412,Train
LOT-0017413,Train
LOT-0017414,Test (Temporal)
LOT-0017415,Test (Temporal)
LOT-0017416,Train
LOT-0017417,Train
LOT-0017418,Train
LOT-0017419,Train
LOT-0017420,Train
LOT-0017421,Train
LOT-0017422,Test (Temporal)
LOT-0017423,Train
LOT-0017424,Train
LOT-0017425,Train
LOT-0017426,Train
LOT-0017427,Train
LOT-0017428,Test (Temporal)
LOT-0017429,Train
LOT-0017430,Train
LOT-0017431,Train
LOT-0017432,Train
LOT-0017433,Train
LOT-0017434,Test (Temporal)
LOT-0017435,Train
LOT-0017436,Train
LOT-0017437,Train
LOT-0017438,Train
LOT-0017439,Test (Temporal)
LOT-0017440,Train
LOT-0017441,Train
LOT-0017442,Train
LOT-0017443,Test (Temporal)
LOT-0017444,Train
LOT-0017445,Test (Temporal)
LOT-0017446,Train
LOT-0017447,Train
LOT-0017448,Train
LOT-0017449,Train
LOT-0017450,Train
LOT-0017451,Train
LOT-0017452,Train
LOT-0017453,Train
LOT-0017454,Train
LOT-0017455,Train
LOT-0017456,Train
LOT-0017457,Train
LOT-0017458,Train
LOT-0017459,Train
LOT-0017460,Train
LOT-0017461,Train
LOT-0017462,Train
LOT-0017463,Train
LOT-0017464,Train
LOT-0017465,Train
LOT-0017466,Train
LOT-0017467,Train
LOT-0017468,Train
LOT-0017469,Train
LOT-0017470,Train
LOT-0017471,Test (Temporal)
LOT-0017472,Train
LOT-0017473,Test (Temporal)
LOT-0017474,Train
LOT-0017475,Train
LOT-0017476,Test (Temporal)
LOT-0017477,Train
LOT-0017478,Train
LOT-0017479,Train
LOT-0017480,Train
LOT-0017481,Test (Temporal)
LOT-0017482,Train
LOT-0017483,Train
LOT-0017484,Train
LOT-0017485,Train
LOT-0017486,Train
LOT-0017487,Train
LOT-0017488,Train
LOT-0017489,Train
LOT-0017490,Train
LOT-0017491,Train
LOT-0017492,Train
LOT-0017493,Train
LOT-0017494,Train
LOT-0017495,Train
LOT-0017496,Train
LOT-0017497,Train
LOT-0017498,Train
LOT-0017499,Train
LOT-0017500,Train
LOT-0017501,Train
LOT-0017502,Train
LOT-0017503,Train
LOT-0017504,Test (Temporal)
LOT-0017505,Train
LOT-0017506,Train
LOT-0017507,Train
LOT-0017508,Train
LOT-0017509,Train
LOT-0017510,Train
LOT-0017511,Train
LOT-0017512,Train
LOT-0017513,Train
LOT-0017514,Train
LOT-0017515,Train
LOT-0017516,Train
LOT-0017517,Train
LOT-0017518,Test (Temporal)
LOT-0017519,Train
LOT-0017520,Train
LOT-0017521,Train
LOT-0017522,Train
LOT-0017523,Train
LOT-0017524,Test (Temporal)
LOT-0017525,Train
LOT-0017526,Test (Temporal)
LOT-0017527,Train
LOT-0017528,Train
LOT-0017529,Train
LOT-0017530,Test (Temporal)
LOT-0017531,Train
LOT-0017532,Test (Temporal)
LOT-0017533,Train
LOT-0017534,Train
LOT-0017535,Train
LOT-0017536,Train
LOT-0017537,Train
LOT-0017538,Test (Temporal)
LOT-0017539,Train
LOT-0017540,Test (Temporal)
LOT-0017541,Train
LOT-0017542,Train
LOT-0017543,Train
LOT-0017544,Train
LOT-0017545,Test (Temporal)
LOT-0017546,Train
LOT-0017547,Train
LOT-0017548,Train
LOT-0017549,Train
LOT-0017550,Test (Temporal)
LOT-0017551,Train
LOT-0017552,Train
LOT-0017553,Train
LOT-0017554,Train
LOT-0017555,Train
LOT-0017556,Train
LOT-0017557,Train
LOT-0017558,Train
LOT-0017559,Train
LOT-0017560,Train
LOT-0017561,Train
LOT-0017562,Train
LOT-0017563,Train
LOT-0017564,Train
LOT-0017565,Train
LOT-0017566,Train
LOT-0017567,Train
LOT-0017568,Test (Temporal)
LOT-0017569,Test (Temporal)
LOT-0017570,Train
LOT-0017571,Train
LOT-0017572,Test (Temporal)
LOT-0017573,Train
LOT-0017574,Train
LOT-0017575,Train
LOT-0017576,Test (Temporal)
LOT-0017577,Train
LOT-0017578,Train
LOT-0017579,Train
LOT-0017580,Test (Temporal)
LOT-0017581,Train
LOT-0017582,Train
LOT-0017583,Train
LOT-0017584,Test (Temporal)
LOT-0017585,Test (Temporal)
LOT-0017586,Train
LOT-0017587,Train
LOT-0017588,Train
LOT-0017589,Train
LOT-0017590,Train
LOT-0017591,Train
LOT-0017592,Train
LOT-0017593,Train
LOT-0017594,Train
LOT-0017595,Train
LOT-0017596,Train
LOT-0017597,Train
LOT-0017598,Train
LOT-0017599,Train
LOT-0017600,Train
LOT-0017601,Train
LOT-0017602,Train
LOT-0017603,Train
LOT-0017604,Train
LOT-0017605,Train
LOT-0017606,Train
LOT-0017607,Test (Temporal)
LOT-0017608,Train
LOT-0017609,Train
LOT-0017610,Test (Temporal)
LOT-0017611,Train
LOT-0017612,Train
LOT-0017613,Train
LOT-0017614,Train
LOT-0017615,Train
LOT-0017616,Train
LOT-0017617,Test (Temporal)
LOT-0017618,Train
LOT-0017619,Train
LOT-0017620,Train
LOT-0017621,Test (Temporal)
LOT-0017622,Train
LOT-0017623,Test (Temporal)
LOT-0017624,Train
LOT-0017625,Train
LOT-0017626,Train
LOT-0017627,Train
LOT-0017628,Train
LOT-0017629,Train
LOT-0017630,Train
LOT-0017631,Test (Temporal)
LOT-0017632,Test (Temporal)
LOT-0017633,Train
LOT-0017634,Train
LOT-0017635,Train
LOT-0017636,Test (Temporal)
LOT-0017637,Train
LOT-0017638,Train
LOT-0017639,Train
LOT-0017640,Train
LOT-0017641,Train
LOT-0017642,Train
LOT-0017643,Train
LOT-0017644,Train
LOT-0017645,Train
LOT-0017646,Train
LOT-0017647,Train
LOT-0017648,Train
LOT-0017649,Train
LOT-0017650,Train
LOT-0017651,Train
LOT-0017652,Train
LOT-0017653,Train
LOT-0017654,Train
LOT-0017655,Train
LOT-0017656,Test (Temporal)
LOT-0017657,Train
LOT-0017658,Train
LOT-0017659,Train
LOT-0017660,Test (Temporal)
LOT-0017661,Train
LOT-0017662,Train
LOT-0017663,Train
LOT-0017664,Train
LOT-0017665,Train
LOT-0017666,Train
LOT-0017667,Test (Temporal)
LOT-0017668,Train
LOT-0017669,Train
LOT-0017670,Train
LOT-0017671,Train
LOT-0017672,Train
LOT-0017673,Train
LOT-0017674,Train
LOT-0017675,Train
LOT-0017676,Test (Temporal)
LOT-0017677,Test (Temporal)
LOT-0017678,Train
LOT-0017679,Train
LOT-0017680,Train
LOT-0017681,Test (Temporal)
LOT-0017682,Test (Temporal)
LOT-0017683,Train
LOT-0017684,Train
LOT-0017685,Train
LOT-0017686,Train
LOT-0017687,Train
LOT-0017688,Train
LOT-0017689,Train
LOT-0017690,Train
LOT-0017691,Train
LOT-0017692,Test (Temporal)
LOT-0017693,Train
LOT-0017694,Train
LOT-0017695,Train
LOT-0017696,Train
LOT-0017697,Train
LOT-0017698,Test (Temporal)
LOT-0017699,Train
LOT-0017700,Train
LOT-0017701,Test (Temporal)
LOT-0017702,Train
LOT-0017703,Train
LOT-0017704,Train
LOT-0017705,Train
LOT-0017706,Test (Temporal)
LOT-0017707,Train
LOT-0017708,Test (Temporal)
LOT-0017709,Train
LOT-0017710,Train
LOT-0017711,Train
LOT-0017712,Test (Temporal)
LOT-0017713,Train
LOT-0017714,Train
LOT-0017715,Train
LOT-0017716,Train
LOT-0017717,Train
LOT-0017718,Train
LOT-0017719,Train
LOT-0017720,Train
LOT-0017721,Test (Temporal)
LOT-0017722,Train
LOT-0017723,Train
LOT-0017724,Train
LOT-0017725,Train
LOT-0017726,Train
LOT-0017727,Train
LOT-0017728,Train
LOT-0017729,Train
LOT-0017730,Train
LOT-0017731,Train
LOT-0017732,Train
LOT-0017733,Train
LOT-0017734,Test (Temporal)
LOT-0017735,Train
LOT-0017736,Train
LOT-0017737,Train
LOT-0017738,Train
LOT-0017739,Train
LOT-0017740,Train
LOT-0017741,Train
LOT-0017742,Train
LOT-0017743,Train
LOT-0017744,Test (Temporal)
LOT-0017745,Train
LOT-0017746,Train
LOT-0017747,Train
LOT-0017748,Train
LOT-0017749,Test (Temporal)
LOT-0017750,Train
LOT-0017751,Train
LOT-0017752,Train
LOT-0017753,Train
LOT-0017754,Train
LOT-0017755,Train
LOT-0017756,Test (Temporal)
LOT-0017757,Train
LOT-0017758,Test (Temporal)
LOT-0017759,Train
LOT-0017760,Train
LOT-0017761,Train
LOT-0017762,Train
LOT-0017763,Train
LOT-0017764,Train
LOT-0017765,Train
LOT-0017766,Train
LOT-0017767,Train
LOT-0017768,Train
LOT-0017769,Train
LOT-0017770,Train
LOT-0017771,Train
LOT-0017772,Train
LOT-0017773,Test (Temporal)
LOT-0017774,Train
LOT-0017775,Test (Temporal)
LOT-0017776,Train
LOT-0017777,Train
LOT-0017778,Train
LOT-0017779,Train
LOT-0017780,Train
LOT-0017781,Train
LOT-0017782,Train
LOT-0017783,Test (Temporal)
LOT-0017784,Train
LOT-0017785,Test (Temporal)
LOT-0017786,Train
LOT-0017787,Train
LOT-0017788,Train
LOT-0017789,Train
LOT-0017790,Train
LOT-0017791,Train
LOT-0017792,Train
LOT-0017793,Test (Temporal)
LOT-0017794,Train
LOT-0017795,Train
LOT-0017796,Train
LOT-0017797,Train
LOT-0017798,Train
LOT-0017799,Train
LOT-0017800,Train
LOT-0017801,Train
LOT-0017802,Train
LOT-0017803,Train
LOT-0017804,Train
LOT-0017805,Train
LOT-0017806,Train
LOT-0017807,Train
LOT-0017808,Train
LOT-0017809,Train
LOT-0017810,Test (Temporal)
LOT-0017811,Train
LOT-0017812,Train
LOT-0017813,Train
LOT-0017814,Train
LOT-0017815,Train
LOT-0017816,Train
LOT-0017817,Train
LOT-0017818,Train
LOT-0017819,Train
LOT-0017820,Test (Temporal)
LOT-0017821,Test (Temporal)
LOT-0017822,Train
LOT-0017823,Train
LOT-0017824,Train
LOT-0017825,Train
LOT-0017826,Test (Temporal)
LOT-0017827,Train
LOT-0017828,Train
LOT-0017829,Train
LOT-0017830,Train
LOT-0017831,Train
LOT-0017832,Train
LOT-0017833,Train
LOT-0017834,Test (Temporal)
LOT-0017835,Train
LOT-0017836,Train
LOT-0017837,Train
LOT-0017838,Train
LOT-0017839,Train
LOT-0017840,Train
LOT-0017841,Test (Temporal)
LOT-0017842,Train
LOT-0017843,Train
LOT-0017844,Train
LOT-0017845,Train
LOT-0017846,Train
LOT-0017847,Train
LOT-0017848,Train
LOT-0017849,Test (Temporal)
LOT-0017850,Train
LOT-0017851,Train
LOT-0017852,Train
LOT-0017853,Train
LOT-0017854,Train
LOT-0017855,Train
LOT-0017856,Train
LOT-0017857,Train
LOT-0017858,Train
LOT-0017859,Test (Temporal)
LOT-0017860,Train
LOT-0017861,Train
LOT-0017862,Train
LOT-0017863,Train
LOT-0017864,Train
LOT-0017865,Train
LOT-0017866,Train
LOT-0017867,Train
LOT-0017868,Train
LOT-0017869,Train
LOT-0017870,Train
LOT-0017871,Train
LOT-0017872,Train
LOT-0017873,Train
LOT-0017874,Train
LOT-0017875,Train
LOT-0017876,Train
LOT-0017877,Train
LOT-0017878,Train
LOT-0017879,Train
LOT-0017880,Train
LOT-0017881,Train
LOT-0017882,Train
LOT-0017883,Train
LOT-0017884,Train
LOT-0017885,Train
LOT-0017886,Train
LOT-0017887,Train
LOT-0017888,Train
LOT-0017889,Train
LOT-0017890,Test (Temporal)
LOT-0017891,Train
LOT-0017892,Train
LOT-0017893,Train
LOT-0017894,Train
LOT-0017895,Test (Temporal)
LOT-0017896,Test (Temporal)
LOT-0017897,Train
LOT-0017898,Train
LOT-0017899,Train
LOT-0017900,Test (Temporal)
LOT-0017901,Train
LOT-0017902,Train
LOT-0017903,Train
LOT-0017904,Train
LOT-0017905,Train
LOT-0017906,Train
LOT-0017907,Train
LOT-0017908,Train
LOT-0017909,Train
LOT-0017910,Test (Temporal)
LOT-0017911,Train
LOT-0017912,Test (Temporal)
LOT-0017913,Train
LOT-0017914,Train
LOT-0017915,Train
LOT-0017916,Train
LOT-0017917,Train
LOT-0017918,Train
LOT-0017919,Train
LOT-0017920,Train
LOT-0017921,Train
LOT-0017922,Train
LOT-0017923,Train
LOT-0017924,Train
LOT-0017925,Train
LOT-0017926,Train
LOT-0017927,Train
LOT-0017928,Train
LOT-0017929,Train
LOT-0017930,Train
LOT-0017931,Train
LOT-0017932,Train
LOT-0017933,Train
LOT-0017934,Train
LOT-0017935,Train
LOT-0017936,Train
LOT-0017937,Train
LOT-0017938,Train
LOT-0017939,Train
LOT-0017940,Test (Temporal)
LOT-0017941,Test (Temporal)
LOT-0017942,Train
LOT-0017943,Train
LOT-0017944,Train
LOT-0017945,Train
LOT-0017946,Train
LOT-0017947,Train
LOT-0017948,Train
LOT-0017949,Train
LOT-0017950,Train
LOT-0017951,Test (Temporal)
LOT-0017952,Train
LOT-0017953,Train
LOT-0017954,Train
LOT-0017955,Train
LOT-0017956,Train
LOT-0017957,Train
LOT-0017958,Train
LOT-0017959,Train
LOT-0017960,Train
LOT-0017961,Test (Temporal)
LOT-0017962,Train
LOT-0017963,Train
LOT-0017964,Train
LOT-0017965,Train
LOT-0017966,Test (Temporal)
LOT-0017967,Train
LOT-0017968,Train
LOT-0017969,Train
LOT-0017970,Train
LOT-0017971,Train
LOT-0017972,Test (Temporal)
LOT-0017973,Train
LOT-0017974,Test (Temporal)
LOT-0017975,Train
LOT-0017976,Train
LOT-0017977,Train
LOT-0017978,Train
LOT-0017979,Train
LOT-0017980,Train
LOT-0017981,Train
LOT-0017982,Train
LOT-0017983,Train
LOT-0017984,Train
LOT-0017985,Train
LOT-0017986,Train
LOT-0017987,Train
LOT-0017988,Train
LOT-0017989,Test (Temporal)
LOT-0017990,Train
LOT-0017991,Test (Temporal)
LOT-0017992,Train
LOT-0017993,Train
LOT-0017994,Train
LOT-0017995,Test (Temporal)
LOT-0017996,Train
LOT-0017997,Train
LOT-0017998,Train
LOT-0017999,Test (Temporal)
LOT-0018000,Train
LOT-0018001,Train
LOT-0018002,Train
LOT-0018003,Train
LOT-0018004,Train
LOT-0018005,Test (Temporal)
LOT-0018006,Train
LOT-0018007,Train
LOT-0018008,Train
LOT-0018009,Train
LOT-0018010,Test (Temporal)
LOT-0018011,Train
LOT-0018012,Train
LOT-0018013,Test (Temporal)
LOT-0018014,Train
LOT-0018015,Train
LOT-0018016,Test (Temporal)
LOT-0018017,Train
LOT-0018018,Train
LOT-0018019,Train
LOT-0018020,Test (Temporal)
LOT-0018021,Train
LOT-0018022,Train
LOT-0018023,Train
LOT-0018024,Train
LOT-0018025,Train
LOT-0018026,Train
LOT-0018027,Train
LOT-0018028,Train
LOT-0018029,Test (Temporal)
LOT-0018030,Train
LOT-0018031,Train
LOT-0018032,Train
LOT-0018033,Train
LOT-0018034,Train
LOT-0018035,Train
LOT-0018036,Train
LOT-0018037,Train
LOT-0018038,Test (Temporal)
LOT-0018039,Train
LOT-0018040,Train
LOT-0018041,Train
LOT-0018042,Train
LOT-0018043,Test (Temporal)
LOT-0018044,Train
LOT-0018045,Train
LOT-0018046,Train
LOT-0018047,Test (Temporal)
LOT-0018048,Train
LOT-0018049,Train
LOT-0018050,Train
LOT-0018051,Train
LOT-0018052,Train
LOT-0018053,Test (Temporal)
LOT-0018054,Train
LOT-0018055,Test (Temporal)
LOT-0018056,Test (Temporal)
LOT-0018057,Train
LOT-0018058,Test (Temporal)
LOT-0018059,Train
LOT-0018060,Train
LOT-0018061,Train
LOT-0018062,Train
LOT-0018063,Test (Temporal)
LOT-0018064,Train
LOT-0018065,Test (Temporal)
LOT-0018066,Train
LOT-0018067,Train
LOT-0018068,Train
LOT-0018069,Train
LOT-0018070,Test (Temporal)
LOT-0018071,Train
LOT-0018072,Train
LOT-0018073,Train
LOT-0018074,Train
LOT-0018075,Test (Temporal)
LOT-0018076,Train
LOT-0018077,Train
LOT-0018078,Train
LOT-0018079,Train
LOT-0018080,Train
LOT-0018081,Train
LOT-0018082,Train
LOT-0018083,Train
LOT-0018084,Train
LOT-0018085,Test (Temporal)
LOT-0018086,Train
LOT-0018087,Train
LOT-0018088,Train
LOT-0018089,Train
LOT-0018090,Train
LOT-0018091,Train
LOT-0018092,Test (Temporal)
LOT-0018093,Train
LOT-0018094,Test (Temporal)
LOT-0018095,Train
LOT-0018096,Test (Temporal)
LOT-0018097,Train
LOT-0018098,Train
LOT-0018099,Test (Temporal)
LOT-0018100,Train
LOT-0018101,Train
LOT-0018102,Train
LOT-0018103,Train
LOT-0018104,Train
LOT-0018105,Test (Temporal)
LOT-0018106,Train
LOT-0018107,Train
LOT-0018108,Train
LOT-0018109,Test (Temporal)
LOT-0018110,Test (Temporal)
LOT-0018111,Train
LOT-0018112,Train
LOT-0018113,Test (Temporal)
LOT-0018114,Test (Temporal)
LOT-0018115,Train
LOT-0018116,Train
LOT-0018117,Train
LOT-0018118,Train
LOT-0018119,Test (Temporal)
LOT-0018120,Train
LOT-0018121,Train
LOT-0018122,Train
LOT-0018123,Test (Temporal)
LOT-0018124,Train
LOT-0018125,Train
LOT-0018126,Train
LOT-0018127,Test (Temporal)
LOT-0018128,Train
LOT-0018129,Train
LOT-0018130,Test (Temporal)
LOT-0018131,Train
LOT-0018132,Train
LOT-0018133,Train
LOT-0018134,Train
LOT-0018135,Train
LOT-0018136,Train
LOT-0018137,Train
LOT-0018138,Train
LOT-0018139,Train
LOT-0018140,Train
LOT-0018141,Test (Temporal)
LOT-0018142,Train
LOT-0018143,Test (Temporal)
LOT-0018144,Test (Temporal)
LOT-0018145,Train
LOT-0018146,Train
LOT-0018147,Test (Temporal)
LOT-0018148,Train
LOT-0018149,Train
LOT-0018150,Train
LOT-0018151,Test (Temporal)
LOT-0018152,Train
LOT-0018153,Train
LOT-0018154,Train
LOT-0018155,Train
LOT-0018156,Test (Temporal)
LOT-0018157,Train
LOT-0018158,Train
LOT-0018159,Train
LOT-0018160,Train
LOT-0018161,Train
LOT-0018162,Train
LOT-0018163,Train
LOT-0018164,Train
LOT-0018165,Train
LOT-0018166,Test (Temporal)
LOT-0018167,Train
LOT-0018168,Test (Temporal)
LOT-0018169,Train
LOT-0018170,Test (Temporal)
LOT-0018171,Train
LOT-0018172,Train
LOT-0018173,Train
LOT-0018174,Train
LOT-0018175,Train
LOT-0018176,Train
LOT-0018177,Train
LOT-0018178,Train
LOT-0018179,Train
LOT-0018180,Train
LOT-0018181,Train
LOT-0018182,Train
LOT-0018183,Train
LOT-0018184,Train
LOT-0018185,Train
LOT-0018186,Train
LOT-0018187,Train
LOT-0018188,Test (Temporal)
LOT-0018189,Train
LOT-0018190,Train
LOT-0018191,Train
LOT-0018192,Train
LOT-0018193,Train
LOT-0018194,Train
LOT-0018195,Train
LOT-0018196,Test (Temporal)
LOT-0018197,Train
LOT-0018198,Train
LOT-0018199,Train
LOT-0018200,Train
LOT-0018201,Train
LOT-0018202,Test (Temporal)
LOT-0018203,Train
LOT-0018204,Train
LOT-0018205,Test (Temporal)
LOT-0018206,Train
LOT-0018207,Train
LOT-0018208,Train
LOT-0018209,Train
LOT-0018210,Train
LOT-0018211,Train
LOT-0018212,Test (Temporal)
LOT-0018213,Train
LOT-0018214,Train
LOT-0018215,Train
LOT-0018216,Train
LOT-0018217,Train
LOT-0018218,Train
LOT-0018219,Train
LOT-0018220,Train
LOT-0018221,Train
LOT-0018222,Train
LOT-0018223,Train
LOT-0018224,Train
LOT-0018225,Train
LOT-0018226,Train
LOT-0018227,Train
LOT-0018228,Train
LOT-0018229,Train
LOT-0018230,Train
LOT-0018231,Train
LOT-0018232,Train
LOT-0018233,Train
LOT-0018234,Train
LOT-0018235,Train
LOT-0018236,Train
LOT-0018237,Train
LOT-0018238,Train
LOT-0018239,Train
LOT-0018240,Train
LOT-0018241,Train
LOT-0018242,Train
LOT-0018243,Train
LOT-0018244,Train
LOT-0018245,Train
LOT-0018246,Train
LOT-0018247,Train
LOT-0018248,Train
LOT-0018249,Test (Temporal)
LOT-0018250,Test (Temporal)
LOT-0018251,Train
LOT-0018252,Train
LOT-0018253,Test (Temporal)
LOT-0018254,Train
LOT-0018255,Train
LOT-0018256,Train
LOT-0018257,Train
LOT-0018258,Train
LOT-0018259,Train
LOT-0018260,Train
LOT-0018261,Train
LOT-0018262,Train
LOT-0018263,Train
LOT-0018264,Train
LOT-0018265,Train
LOT-0018266,Train
LOT-0018267,Train
LOT-0018268,Train
LOT-0018269,Train
LOT-0018270,Train
LOT-0018271,Train
LOT-0018272,Train
LOT-0018273,Test (Temporal)
LOT-0018274,Train
LOT-0018275,Train
LOT-0018276,Train
LOT-0018277,Train
LOT-0018278,Train
LOT-0018279,Test (Temporal)
LOT-0018280,Train
LOT-0018281,Test (Temporal)
LOT-0018282,Train
LOT-0018283,Train
LOT-0018284,Train
LOT-0018285,Train
LOT-0018286,Train
LOT-0018287,Train
LOT-0018288,Train
LOT-0018289,Train
LOT-0018290,Test (Temporal)
LOT-0018291,Train
LOT-0018292,Train
LOT-0018293,Train
LOT-0018294,Train
LOT-0018295,Train
LOT-0018296,Train
LOT-0018297,Train
LOT-0018298,Test (Temporal)
LOT-0018299,Train
LOT-0018300,Train
LOT-0018301,Train
LOT-0018302,Train
LOT-0018303,Train
LOT-0018304,Test (Temporal)
LOT-0018305,Train
LOT-0018306,Train
LOT-0018307,Test (Temporal)
LOT-0018308,Train
LOT-0018309,Train
LOT-0018310,Train
LOT-0018311,Train
LOT-0018312,Train
LOT-0018313,Test (Temporal)
LOT-0018314,Train
LOT-0018315,Train
LOT-0018316,Train
LOT-0018317,Train
LOT-0018318,Train
LOT-0018319,Train
LOT-0018320,Train
LOT-0018321,Test (Temporal)
LOT-0018322,Train
LOT-0018323,Train
LOT-0018324,Test (Temporal)
LOT-0018325,Train
LOT-0018326,Train
LOT-0018327,Train
LOT-0018328,Train
LOT-0018329,Train
LOT-0018330,Train
LOT-0018331,Test (Temporal)
LOT-0018332,Train
LOT-0018333,Train
LOT-0018334,Train
LOT-0018335,Train
LOT-0018336,Train
LOT-0018337,Train
LOT-0018338,Train
LOT-0018339,Train
LOT-0018340,Train
LOT-0018341,Test (Temporal)
LOT-0018342,Test (Temporal)
LOT-0018343,Train
LOT-0018344,Test (Temporal)
LOT-0018345,Test (Temporal)
LOT-0018346,Train
LOT-0018347,Train
LOT-0018348,Train
LOT-0018349,Train
LOT-0018350,Train
LOT-0018351,Train
LOT-0018352,Train
LOT-0018353,Train
LOT-0018354,Train
LOT-0018355,Test (Temporal)
LOT-0018356,Train
LOT-0018357,Train
LOT-0018358,Train
LOT-0018359,Train
LOT-0018360,Train
LOT-0018361,Train
LOT-0018362,Train
LOT-0018363,Train
LOT-0018364,Train
LOT-0018365,Test (Temporal)
LOT-0018366,Train
LOT-0018367,Test (Temporal)
LOT-0018368,Train
LOT-0018369,Train
LOT-0018370,Train
LOT-0018371,Train
LOT-0018372,Train
LOT-0018373,Train
LOT-0018374,Train
LOT-0018375,Train
LOT-0018376,Train
LOT-0018377,Train
LOT-0018378,Test (Temporal)
LOT-0018379,Train
LOT-0018380,Train
LOT-0018381,Train
LOT-0018382,Train
LOT-0018383,Test (Temporal)
LOT-0018384,Train
LOT-0018385,Test (Temporal)
LOT-0018386,Train
LOT-0018387,Train
LOT-0018388,Train
LOT-0018389,Test (Temporal)
LOT-0018390,Train
LOT-0018391,Train
LOT-0018392,Train
LOT-0018393,Test (Temporal)
LOT-0018394,Train
LOT-0018395,Train
LOT-0018396,Train
LOT-0018397,Train
LOT-0018398,Test (Temporal)
LOT-0018399,Train
LOT-0018400,Train
LOT-0018401,Train
LOT-0018402,Train
LOT-0018403,Train
LOT-0018404,Train
LOT-0018405,Train
LOT-0018406,Train
LOT-0018407,Train
LOT-0018408,Train
LOT-0018409,Train
LOT-0018410,Train
LOT-0018411,Train
LOT-0018412,Train
LOT-0018413,Train
LOT-0018414,Train
LOT-0018415,Train
LOT-0018416,Train
LOT-0018417,Train
LOT-0018418,Train
LOT-0018419,Train
LOT-0018420,Train
LOT-0018421,Train
LOT-0018422,Train
LOT-0018423,Test (Temporal)
LOT-0018424,Train
LOT-0018425,Train
LOT-0018426,Train
LOT-0018427,Train
LOT-0018428,Train
LOT-0018429,Train
LOT-0018430,Train
LOT-0018431,Train
LOT-0018432,Train
LOT-0018433,Train
LOT-0018434,Train
LOT-0018435,Train
LOT-0018436,Train
LOT-0018437,Train
LOT-0018438,Train
LOT-0018439,Train
LOT-0018440,Train
LOT-0018441,Train
LOT-0018442,Train
LOT-0018443,Train
LOT-0018444,Train
LOT-0018445,Train
LOT-0018446,Train
LOT-0018447,Test (Temporal)
LOT-0018448,Train
LOT-0018449,Train
LOT-0018450,Train
LOT-0018451,Train
LOT-0018452,Train
LOT-0018453,Train
LOT-0018454,Train
LOT-0018455,Test (Temporal)
LOT-0018456,Train
LOT-0018457,Test (Temporal)
LOT-0018458,Train
LOT-0018459,Train
LOT-0018460,Train
LOT-0018461,Train
LOT-0018462,Train
LOT-0018463,Test (Temporal)
LOT-0018464,Train
LOT-0018465,Train
LOT-0018466,Train
LOT-0018467,Train
LOT-0018468,Test (Temporal)
LOT-0018469,Train
LOT-0018470,Train
LOT-0018471,Train
LOT-0018472,Train
LOT-0018473,Train
LOT-0018474,Train
LOT-0018475,Train
LOT-0018476,Train
LOT-0018477,Train
LOT-0018478,Train
LOT-0018479,Train
LOT-0018480,Test (Temporal)
LOT-0018481,Test (Temporal)
LOT-0018482,Train
LOT-0018483,Train
LOT-0018484,Train
LOT-0018485,Train
LOT-0018486,Train
LOT-0018487,Train
LOT-0018488,Train
LOT-0018489,Train
LOT-0018490,Train
LOT-0018491,Train
LOT-0018492,Train
LOT-0018493,Train
LOT-0018494,Train
LOT-0018495,Train
LOT-0018496,Train
LOT-0018497,Train
LOT-0018498,Test (Temporal)
LOT-0018499,Test (Temporal)
LOT-0018500,Train
LOT-0018501,Train
LOT-0018502,Train
LOT-0018503,Train
LOT-0018504,Train
LOT-0018505,Train
LOT-0018506,Train
LOT-0018507,Train
LOT-0018508,Train
LOT-0018509,Train
LOT-0018510,Train
LOT-0018511,Train
LOT-0018512,Train
LOT-0018513,Train
LOT-0018514,Train
LOT-0018515,Train
LOT-0018516,Train
LOT-0018517,Train
LOT-0018518,Train
LOT-0018519,Train
LOT-0018520,Train
LOT-0018521,Train
LOT-0018522,Test (Temporal)
LOT-0018523,Train
LOT-0018524,Test (Temporal)
LOT-0018525,Train
LOT-0018526,Test (Temporal)
LOT-0018527,Train
LOT-0018528,Test (Temporal)
LOT-0018529,Train
LOT-0018530,Test (Temporal)
LOT-0018531,Train
LOT-0018532,Train
LOT-0018533,Train
LOT-0018534,Train
LOT-0018535,Test (Temporal)
LOT-0018536,Train
LOT-0018537,Test (Temporal)
LOT-0018538,Train
LOT-0018539,Train
LOT-0018540,Train
LOT-0018541,Train
LOT-0018542,Train
LOT-0018543,Train
LOT-0018544,Train
LOT-0018545,Train
LOT-0018546,Train
LOT-0018547,Train
LOT-0018548,Train
LOT-0018549,Train
LOT-0018550,Train
LOT-0018551,Train
LOT-0018552,Test (Temporal)
LOT-0018553,Train
LOT-0018554,Train
LOT-0018555,Test (Temporal)
LOT-0018556,Train
LOT-0018557,Train
LOT-0018558,Train
LOT-0018559,Test (Temporal)
LOT-0018560,Train
LOT-0018561,Test (Temporal)
LOT-0018562,Test (Temporal)
LOT-0018563,Train
LOT-0018564,Train
LOT-0018565,Train
LOT-0018566,Test (Temporal)
LOT-0018567,Train
LOT-0018568,Train
LOT-0018569,Train
LOT-0018570,Train
LOT-0018571,Train
LOT-0018572,Train
LOT-0018573,Test (Temporal)
LOT-0018574,Train
LOT-0018575,Train
LOT-0018576,Train
LOT-0018577,Train
LOT-0018578,Train
LOT-0018579,Test (Temporal)
LOT-0018580,Train
LOT-0018581,Train
LOT-0018582,Train
LOT-0018583,Train
LOT-0018584,Train
LOT-0018585,Train
LOT-0018586,Train
LOT-0018587,Test (Temporal)
LOT-0018588,Train
LOT-0018589,Train
LOT-0018590,Train
LOT-0018591,Train
LOT-0018592,Train
LOT-0018593,Test (Temporal)
LOT-0018594,Train
LOT-0018595,Train
LOT-0018596,Train
LOT-0018597,Train
LOT-0018598,Train
LOT-0018599,Train
LOT-0018600,Test (Temporal)
LOT-0018601,Test (Temporal)
LOT-0018602,Train
LOT-0018603,Train
LOT-0018604,Train
LOT-0018605,Test (Temporal)
LOT-0018606,Train
LOT-0018607,Train
LOT-0018608,Train
LOT-0018609,Train
LOT-0018610,Train
LOT-0018611,Train
LOT-0018612,Train
LOT-0018613,Train
LOT-0018614,Train
LOT-0018615,Train
LOT-0018616,Train
LOT-0018617,Train
LOT-0018618,Train
LOT-0018619,Train
LOT-0018620,Train
LOT-0018621,Test (Temporal)
LOT-0018622,Train
LOT-0018623,Train
LOT-0018624,Test (Temporal)
LOT-0018625,Train
LOT-0018626,Train
LOT-0018627,Test (Temporal)
LOT-0018628,Test (Temporal)
LOT-0018629,Train
LOT-0018630,Train
LOT-0018631,Train
LOT-0018632,Train
LOT-0018633,Train
LOT-0018634,Train
LOT-0018635,Test (Temporal)
LOT-0018636,Test (Temporal)
LOT-0018637,Test (Temporal)
LOT-0018638,Train
LOT-0018639,Train
LOT-0018640,Train
LOT-0018641,Train
LOT-0018642,Train
LOT-0018643,Train
LOT-0018644,Train
LOT-0018645,Train
LOT-0018646,Train
LOT-0018647,Train
LOT-0018648,Test (Temporal)
LOT-0018649,Train
LOT-0018650,Train
LOT-0018651,Train
LOT-0018652,Train
LOT-0018653,Train
LOT-0018654,Train
LOT-0018655,Train
LOT-0018656,Train
LOT-0018657,Train
LOT-0018658,Train
LOT-0018659,Train
LOT-0018660,Train
LOT-0018661,Train
LOT-0018662,Train
LOT-0018663,Train
LOT-0018664,Train
LOT-0018665,Train
LOT-0018666,Test (Temporal)
LOT-0018667,Train
LOT-0018668,Train
LOT-0018669,Train
LOT-0018670,Train
LOT-0018671,Train
LOT-0018672,Train
LOT-0018673,Train
LOT-0018674,Train
LOT-0018675,Train
LOT-0018676,Train
LOT-0018677,Train
LOT-0018678,Train
LOT-0018679,Train
LOT-0018680,Test (Temporal)
LOT-0018681,Train
LOT-0018682,Train
LOT-0018683,Train
LOT-0018684,Train
LOT-0018685,Train
LOT-0018686,Train
LOT-0018687,Train
LOT-0018688,Test (Temporal)
LOT-0018689,Test (Temporal)
LOT-0018690,Train
LOT-0018691,Train
LOT-0018692,Train
LOT-0018693,Train
LOT-0018694,Test (Temporal)
LOT-0018695,Train
LOT-0018696,Train
LOT-0018697,Train
LOT-0018698,Train
LOT-0018699,Train
LOT-0018700,Train
LOT-0018701,Train
LOT-0018702,Train
LOT-0018703,Train
LOT-0018704,Train
LOT-0018705,Train
LOT-0018706,Train
LOT-0018707,Train
LOT-0018708,Test (Temporal)
LOT-0018709,Train
LOT-0018710,Train
LOT-0018711,Train
LOT-0018712,Train
LOT-0018713,Train
LOT-0018714,Train
LOT-0018715,Train
LOT-0018716,Train
LOT-0018717,Train
LOT-0018718,Train
LOT-0018719,Train
LOT-0018720,Train
LOT-0018721,Train
LOT-0018722,Train
LOT-0018723,Train
LOT-0018724,Train
LOT-0018725,Train
LOT-0018726,Test (Temporal)
LOT-0018727,Train
LOT-0018728,Train
LOT-0018729,Train
LOT-0018730,Train
LOT-0018731,Train
LOT-0018732,Train
LOT-0018733,Train
LOT-0018734,Train
LOT-0018735,Train
LOT-0018736,Train
LOT-0018737,Train
LOT-0018738,Test (Temporal)
LOT-0018739,Train
LOT-0018740,Train
LOT-0018741,Test (Temporal)
LOT-0018742,Test (Temporal)
LOT-0018743,Train
LOT-0018744,Train
LOT-0018745,Train
LOT-0018746,Test (Temporal)
LOT-0018747,Train
LOT-0018748,Train
LOT-0018749,Train
LOT-0018750,Train
LOT-0018751,Train
LOT-0018752,Train
LOT-0018753,Train
LOT-0018754,Train
LOT-0018755,Train
LOT-0018756,Train
LOT-0018757,Train
LOT-0018758,Test (Temporal)
LOT-0018759,Test (Temporal)
LOT-0018760,Test (Temporal)
LOT-0018761,Train
LOT-0018762,Train
LOT-0018763,Train
LOT-0018764,Test (Temporal)
LOT-0018765,Test (Temporal)
LOT-0018766,Train
LOT-0018767,Train
LOT-0018768,Train
LOT-0018769,Train
LOT-0018770,Train
LOT-0018771,Train
LOT-0018772,Train
LOT-0018773,Train
LOT-0018774,Train
LOT-0018775,Train
LOT-0018776,Train
LOT-0018777,Train
LOT-0018778,Train
LOT-0018779,Train
LOT-0018780,Test (Temporal)
LOT-0018781,Train
LOT-0018782,Train
LOT-0018783,Train
LOT-0018784,Train
LOT-0018785,Train
LOT-0018786,Train
LOT-0018787,Train
LOT-0018788,Train
LOT-0018789,Train
LOT-0018790,Train
LOT-0018791,Train
LOT-0018792,Train
LOT-0018793,Train
LOT-0018794,Train
LOT-0018795,Train
LOT-0018796,Test (Temporal)
LOT-0018797,Train
LOT-0018798,Train
LOT-0018799,Train
LOT-0018800,Test (Temporal)
LOT-0018801,Train
LOT-0018802,Test (Temporal)
LOT-0018803,Test (Temporal)
LOT-0018804,Train
LOT-0018805,Train
LOT-0018806,Train
LOT-0018807,Train
LOT-0018808,Test (Temporal)
LOT-0018809,Train
LOT-0018810,Train
LOT-0018811,Train
LOT-0018812,Train
LOT-0018813,Train
LOT-0018814,Test (Temporal)
LOT-0018815,Train
LOT-0018816,Train
LOT-0018817,Train
LOT-0018818,Train
LOT-0018819,Train
LOT-0018820,Train
LOT-0018821,Train
LOT-0018822,Test (Temporal)
LOT-0018823,Train
LOT-0018824,Train
LOT-0018825,Train
LOT-0018826,Train
LOT-0018827,Test (Temporal)
LOT-0018828,Train
LOT-0018829,Train
LOT-0018830,Train
LOT-0018831,Train
LOT-0018832,Train
LOT-0018833,Train
LOT-0018834,Train
LOT-0018835,Train
LOT-0018836,Train
LOT-0018837,Train
LOT-0018838,Train
LOT-0018839,Train
LOT-0018840,Test (Temporal)
LOT-0018841,Train
LOT-0018842,Test (Temporal)
LOT-0018843,Train
LOT-0018844,Train
LOT-0018845,Train
LOT-0018846,Train
LOT-0018847,Train
LOT-0018848,Train
LOT-0018849,Train
LOT-0018850,Train
LOT-0018851,Test (Temporal)
LOT-0018852,Train
LOT-0018853,Train
LOT-0018854,Train
LOT-0018855,Train
LOT-0018856,Train
LOT-0018857,Train
LOT-0018858,Train
LOT-0018859,Train
LOT-0018860,Train
LOT-0018861,Test (Temporal)
LOT-0018862,Train
LOT-0018863,Train
LOT-0018864,Train
LOT-0018865,Test (Temporal)
LOT-0018866,Train
LOT-0018867,Test (Temporal)
LOT-0018868,Train
LOT-0018869,Train
LOT-0018870,Train
LOT-0018871,Train
LOT-0018872,Train
LOT-0018873,Train
LOT-0018874,Train
LOT-0018875,Train
LOT-0018876,Train
LOT-0018877,Test (Temporal)
LOT-0018878,Train
LOT-0018879,Train
LOT-0018880,Train
LOT-0018881,Train
LOT-0018882,Test (Temporal)
LOT-0018883,Train
LOT-0018884,Test (Temporal)
LOT-0018885,Train
LOT-0018886,Train
LOT-0018887,Train
LOT-0018888,Train
LOT-0018889,Train
LOT-0018890,Train
LOT-0018891,Train
LOT-0018892,Train
LOT-0018893,Train
LOT-0018894,Train
LOT-0018895,Test (Temporal)
LOT-0018896,Train
LOT-0018897,Train
LOT-0018898,Test (Temporal)
LOT-0018899,Test (Temporal)
LOT-0018900,Train
LOT-0018901,Test (Temporal)
LOT-0018902,Train
LOT-0018903,Train
LOT-0018904,Test (Temporal)
LOT-0018905,Train
LOT-0018906,Train
LOT-0018907,Train
LOT-0018908,Train
LOT-0018909,Train
LOT-0018910,Train
LOT-0018911,Train
LOT-0018912,Train
LOT-0018913,Train
LOT-0018914,Train
LOT-0018915,Train
LOT-0018916,Train
LOT-0018917,Train
LOT-0018918,Train
LOT-0018919,Train
LOT-0018920,Train
LOT-0018921,Train
LOT-0018922,Test (Temporal)
LOT-0018923,Train
LOT-0018924,Train
LOT-0018925,Test (Temporal)
LOT-0018926,Train
LOT-0018927,Train
LOT-0018928,Test (Temporal)
LOT-0018929,Train
LOT-0018930,Train
LOT-0018931,Train
LOT-0018932,Train
LOT-0018933,Train
LOT-0018934,Test (Temporal)
LOT-0018935,Train
LOT-0018936,Train
LOT-0018937,Train
LOT-0018938,Test (Temporal)
LOT-0018939,Test (Temporal)
LOT-0018940,Train
LOT-0018941,Train
LOT-0018942,Train
LOT-0018943,Train
LOT-0018944,Train
LOT-0018945,Train
LOT-0018946,Train
LOT-0018947,Train
LOT-0018948,Train
LOT-0018949,Train
LOT-0018950,Train
LOT-0018951,Test (Temporal)
LOT-0018952,Train
LOT-0018953,Train
LOT-0018954,Train
LOT-0018955,Train
LOT-0018956,Test (Temporal)
LOT-0018957,Train
LOT-0018958,Train
LOT-0018959,Train
LOT-0018960,Test (Temporal)
LOT-0018961,Test (Temporal)
LOT-0018962,Train
LOT-0018963,Train
LOT-0018964,Train
LOT-0018965,Train
LOT-0018966,Test (Temporal)
LOT-0018967,Train
LOT-0018968,Train
LOT-0018969,Train
LOT-0018970,Train
LOT-0018971,Test (Temporal)
LOT-0018972,Train
LOT-0018973,Train
LOT-0018974,Train
LOT-0018975,Train
LOT-0018976,Train
LOT-0018977,Test (Temporal)
LOT-0018978,Train
LOT-0018979,Train
LOT-0018980,Train
LOT-0018981,Test (Temporal)
LOT-0018982,Train
LOT-0018983,Train
LOT-0018984,Train
LOT-0018985,Train
LOT-0018986,Train
LOT-0018987,Test (Temporal)
LOT-0018988,Train
LOT-0018989,Train
LOT-0018990,Train
LOT-0018991,Train
LOT-0018992,Train
LOT-0018993,Train
LOT-0018994,Train
LOT-0018995,Test (Temporal)
LOT-0018996,Test (Temporal)
LOT-0018997,Train
LOT-0018998,Test (Temporal)
LOT-0018999,Test (Temporal)
LOT-0019000,Train
LOT-0019001,Train
LOT-0019002,Test (Temporal)
LOT-0019003,Train
LOT-0019004,Train
LOT-0019005,Train
LOT-0019006,Train
LOT-0019007,Train
LOT-0019008,Train
LOT-0019009,Train
LOT-0019010,Train
LOT-0019011,Train
LOT-0019012,Train
LOT-0019013,Train
LOT-0019014,Train
LOT-0019015,Train
LOT-0019016,Train
LOT-0019017,Train
LOT-0019018,Test (Temporal)
LOT-0019019,Train
LOT-0019020,Train
LOT-0019021,Train
LOT-0019022,Train
LOT-0019023,Train
LOT-0019024,Test (Temporal)
LOT-0019025,Test (Temporal)
LOT-0019026,Train
LOT-0019027,Test (Temporal)
LOT-0019028,Train
LOT-0019029,Train
LOT-0019030,Train
LOT-0019031,Train
LOT-0019032,Train
LOT-0019033,Test (Temporal)
LOT-0019034,Train
LOT-0019035,Test (Temporal)
LOT-0019036,Train
LOT-0019037,Train
LOT-0019038,Train
LOT-0019039,Test (Temporal)
LOT-0019040,Train
LOT-0019041,Train
LOT-0019042,Test (Temporal)
LOT-0019043,Train
LOT-0019044,Train
LOT-0019045,Train
LOT-0019046,Train
LOT-0019047,Train
LOT-0019048,Test (Temporal)
LOT-0019049,Train
LOT-0019050,Train
LOT-0019051,Train
LOT-0019052,Train
LOT-0019053,Train
LOT-0019054,Train
LOT-0019055,Train
LOT-0019056,Train
LOT-0019057,Train
LOT-0019058,Train
LOT-0019059,Train
LOT-0019060,Train
LOT-0019061,Train
LOT-0019062,Train
LOT-0019063,Train
LOT-0019064,Train
LOT-0019065,Train
LOT-0019066,Train
LOT-0019067,Test (Temporal)
LOT-0019068,Train
LOT-0019069,Train
LOT-0019070,Train
LOT-0019071,Train
LOT-0019072,Train
LOT-0019073,Train
LOT-0019074,Train
LOT-0019075,Train
LOT-0019076,Train
LOT-0019077,Train
LOT-0019078,Train
LOT-0019079,Train
LOT-0019080,Train
LOT-0019081,Train
LOT-0019082,Train
LOT-0019083,Train
LOT-0019084,Train
LOT-0019085,Test (Temporal)
LOT-0019086,Train
LOT-0019087,Train
LOT-0019088,Train
LOT-0019089,Train
LOT-0019090,Train
LOT-0019091,Train
LOT-0019092,Train
LOT-0019093,Train
LOT-0019094,Train
LOT-0019095,Train
LOT-0019096,Train
LOT-0019097,Train
LOT-0019098,Train
LOT-0019099,Train
LOT-0019100,Test (Temporal)
LOT-0019101,Train
LOT-0019102,Train
LOT-0019103,Train
LOT-0019104,Train
LOT-0019105,Train
LOT-0019106,Test (Temporal)
LOT-0019107,Train
LOT-0019108,Train
LOT-0019109,Train
LOT-0019110,Test (Temporal)
LOT-0019111,Train
LOT-0019112,Train
LOT-0019113,Train
LOT-0019114,Train
LOT-0019115,Train
LOT-0019116,Test (Temporal)
LOT-0019117,Test (Temporal)
LOT-0019118,Train
LOT-0019119,Train
LOT-0019120,Train
LOT-0019121,Train
LOT-0019122,Train
LOT-0019123,Train
LOT-0019124,Train
LOT-0019125,Train
LOT-0019126,Train
LOT-0019127,Train
LOT-0019128,Train
LOT-0019129,Train
LOT-0019130,Train
LOT-0019131,Test (Temporal)
LOT-0019132,Train
LOT-0019133,Train
LOT-0019134,Train
LOT-0019135,Train
LOT-0019136,Train
LOT-0019137,Train
LOT-0019138,Train
LOT-0019139,Test (Temporal)
LOT-0019140,Train
LOT-0019141,Train
LOT-0019142,Train
LOT-0019143,Train
LOT-0019144,Train
LOT-0019145,Train
LOT-0019146,Train
LOT-0019147,Train
LOT-0019148,Train
LOT-0019149,Train
LOT-0019150,Train
LOT-0019151,Train
LOT-0019152,Train
LOT-0019153,Train
LOT-0019154,Train
LOT-0019155,Train
LOT-0019156,Train
LOT-0019157,Train
LOT-0019158,Train
LOT-0019159,Train
LOT-0019160,Train
LOT-0019161,Train
LOT-0019162,Train
LOT-0019163,Train
LOT-0019164,Train
LOT-0019165,Train
LOT-0019166,Train
LOT-0019167,Train
LOT-0019168,Train
LOT-0019169,Test (Temporal)
LOT-0019170,Train
LOT-0019171,Test (Temporal)
LOT-0019172,Train
LOT-0019173,Train
LOT-0019174,Train
LOT-0019175,Train
LOT-0019176,Train
LOT-0019177,Train
LOT-0019178,Train
LOT-0019179,Train
LOT-0019180,Train
LOT-0019181,Test (Temporal)
LOT-0019182,Train
LOT-0019183,Train
LOT-0019184,Train
LOT-0019185,Train
LOT-0019186,Train
LOT-0019187,Train
LOT-0019188,Train
LOT-0019189,Test (Temporal)
LOT-0019190,Test (Temporal)
LOT-0019191,Train
LOT-0019192,Train
LOT-0019193,Train
LOT-0019194,Train
LOT-0019195,Train
LOT-0019196,Train
LOT-0019197,Train
LOT-0019198,Train
LOT-0019199,Train
LOT-0019200,Train
LOT-0019201,Train
LOT-0019202,Train
LOT-0019203,Train
LOT-0019204,Train
LOT-0019205,Train
LOT-0019206,Train
LOT-0019207,Train
LOT-0019208,Train
LOT-0019209,Test (Temporal)
LOT-0019210,Train
LOT-0019211,Train
LOT-0019212,Train
LOT-0019213,Test (Temporal)
LOT-0019214,Train
LOT-0019215,Train
LOT-0019216,Train
LOT-0019217,Train
LOT-0019218,Train
LOT-0019219,Train
LOT-0019220,Train
LOT-0019221,Train
LOT-0019222,Train
LOT-0019223,Train
LOT-0019224,Train
LOT-0019225,Test (Temporal)
LOT-0019226,Train
LOT-0019227,Train
LOT-0019228,Train
LOT-0019229,Train
LOT-0019230,Train
LOT-0019231,Train
LOT-0019232,Train
LOT-0019233,Train
LOT-0019234,Test (Temporal)
LOT-0019235,Train
LOT-0019236,Train
LOT-0019237,Train
LOT-0019238,Train
LOT-0019239,Train
LOT-0019240,Test (Temporal)
LOT-0019241,Train
LOT-0019242,Train
LOT-0019243,Train
LOT-0019244,Test (Temporal)
LOT-0019245,Train
LOT-0019246,Train
LOT-0019247,Train
LOT-0019248,Train
LOT-0019249,Train
LOT-0019250,Train
LOT-0019251,Train
LOT-0019252,Train
LOT-0019253,Train
LOT-0019254,Train
LOT-0019255,Train
LOT-0019256,Train
LOT-0019257,Train
LOT-0019258,Train
LOT-0019259,Train
LOT-0019260,Train
LOT-0019261,Train
LOT-0019262,Train
LOT-0019263,Train
LOT-0019264,Test (Temporal)
LOT-0019265,Train
LOT-0019266,Test (Temporal)
LOT-0019267,Train
LOT-0019268,Train
LOT-0019269,Test (Temporal)
LOT-0019270,Test (Temporal)
LOT-0019271,Train
LOT-0019272,Test (Temporal)
LOT-0019273,Train
LOT-0019274,Train
LOT-0019275,Test (Temporal)
LOT-0019276,Train
LOT-0019277,Train
LOT-0019278,Test (Temporal)
LOT-0019279,Train
LOT-0019280,Train
LOT-0019281,Train
LOT-0019282,Train
LOT-0019283,Train
LOT-0019284,Train
LOT-0019285,Train
LOT-0019286,Train
LOT-0019287,Train
LOT-0019288,Train
LOT-0019289,Train
LOT-0019290,Train
LOT-0019291,Train
LOT-0019292,Test (Temporal)
LOT-0019293,Train
LOT-0019294,Train
LOT-0019295,Train
LOT-0019296,Test (Temporal)
LOT-0019297,Test (Temporal)
LOT-0019298,Train
LOT-0019299,Train
LOT-0019300,Train
LOT-0019301,Train
LOT-0019302,Train
LOT-0019303,Train
LOT-0019304,Train
LOT-0019305,Train
LOT-0019306,Train
LOT-0019307,Train
LOT-0019308,Train
LOT-0019309,Train
LOT-0019310,Train
LOT-0019311,Test (Temporal)
LOT-0019312,Train
LOT-0019313,Train
LOT-0019314,Train
LOT-0019315,Train
LOT-0019316,Train
LOT-0019317,Train
LOT-0019318,Test (Temporal)
LOT-0019319,Train
LOT-0019320,Train
LOT-0019321,Test (Temporal)
LOT-0019322,Train
LOT-0019323,Test (Temporal)
LOT-0019324,Train
LOT-0019325,Train
LOT-0019326,Train
LOT-0019327,Train
LOT-0019328,Test (Temporal)
LOT-0019329,Train
LOT-0019330,Train
LOT-0019331,Train
LOT-0019332,Test (Temporal)
LOT-0019333,Train
LOT-0019334,Train
LOT-0019335,Train
LOT-0019336,Test (Temporal)
LOT-0019337,Train
LOT-0019338,Train
LOT-0019339,Train
LOT-0019340,Train
LOT-0019341,Train
LOT-0019342,Train
LOT-0019343,Train
LOT-0019344,Test (Temporal)
LOT-0019345,Train
LOT-0019346,Train
LOT-0019347,Train
LOT-0019348,Test (Temporal)
LOT-0019349,Train
LOT-0019350,Train
LOT-0019351,Train
LOT-0019352,Train
LOT-0019353,Train
LOT-0019354,Train
LOT-0019355,Train
LOT-0019356,Test (Temporal)
LOT-0019357,Train
LOT-0019358,Train
LOT-0019359,Train
LOT-0019360,Train
LOT-0019361,Test (Temporal)
LOT-0019362,Train
LOT-0019363,Train
LOT-0019364,Train
LOT-0019365,Train
LOT-0019366,Train
LOT-0019367,Train
LOT-0019368,Train
LOT-0019369,Train
LOT-0019370,Train
LOT-0019371,Train
LOT-0019372,Test (Temporal)
LOT-0019373,Train
LOT-0019374,Train
LOT-0019375,Train
LOT-0019376,Train
LOT-0019377,Train
LOT-0019378,Test (Temporal)
LOT-0019379,Train
LOT-0019380,Train
LOT-0019381,Test (Temporal)
LOT-0019382,Train
LOT-0019383,Train
LOT-0019384,Test (Temporal)
LOT-0019385,Train
LOT-0019386,Train
LOT-0019387,Train
LOT-0019388,Train
LOT-0019389,Train
LOT-0019390,Test (Temporal)
LOT-0019391,Train
LOT-0019392,Train
LOT-0019393,Train
LOT-0019394,Test (Temporal)
LOT-0019395,Test (Temporal)
LOT-0019396,Train
LOT-0019397,Train
LOT-0019398,Train
LOT-0019399,Train
LOT-0019400,Train
LOT-0019401,Test (Temporal)
LOT-0019402,Train
LOT-0019403,Train
LOT-0019404,Test (Temporal)
LOT-0019405,Train
LOT-0019406,Train
LOT-0019407,Train
LOT-0019408,Train
LOT-0019409,Train
LOT-0019410,Train
LOT-0019411,Train
LOT-0019412,Train
LOT-0019413,Train
LOT-0019414,Train
LOT-0019415,Test (Temporal)
LOT-0019416,Test (Temporal)
LOT-0019417,Train
LOT-0019418,Train
LOT-0019419,Train
LOT-0019420,Train
LOT-0019421,Train
LOT-0019422,Test (Temporal)
LOT-0019423,Train
LOT-0019424,Train
LOT-0019425,Train
LOT-0019426,Test (Temporal)
LOT-0019427,Test (Temporal)
LOT-0019428,Test (Temporal)
LOT-0019429,Train
LOT-0019430,Train
LOT-0019431,Train
LOT-0019432,Train
LOT-0019433,Test (Temporal)
LOT-0019434,Test (Temporal)
LOT-0019435,Train
LOT-0019436,Train
LOT-0019437,Test (Temporal)
LOT-0019438,Train
LOT-0019439,Train
LOT-0019440,Test (Temporal)
LOT-0019441,Train
LOT-0019442,Train
LOT-0019443,Train
LOT-0019444,Test (Temporal)
LOT-0019445,Train
LOT-0019446,Train
LOT-0019447,Train
LOT-0019448,Train
LOT-0019449,Train
LOT-0019450,Train
LOT-0019451,Train
LOT-0019452,Train
LOT-0019453,Train
LOT-0019454,Train
LOT-0019455,Train
LOT-0019456,Train
LOT-0019457,Train
LOT-0019458,Test (Temporal)
LOT-0019459,Train
LOT-0019460,Train
LOT-0019461,Test (Temporal)
LOT-0019462,Train
LOT-0019463,Train
LOT-0019464,Train
LOT-0019465,Test (Temporal)
LOT-0019466,Test (Temporal)
LOT-0019467,Train
LOT-0019468,Train
LOT-0019469,Train
LOT-0019470,Train
LOT-0019471,Test (Temporal)
LOT-0019472,Train
LOT-0019473,Test (Temporal)
LOT-0019474,Train
LOT-0019475,Train
LOT-0019476,Train
LOT-0019477,Train
LOT-0019478,Train
LOT-0019479,Train
LOT-0019480,Test (Temporal)
LOT-0019481,Train
LOT-0019482,Train
LOT-0019483,Train
LOT-0019484,Test (Temporal)
LOT-0019485,Train
LOT-0019486,Train
LOT-0019487,Train
LOT-0019488,Train
LOT-0019489,Train
LOT-0019490,Train
LOT-0019491,Train
LOT-0019492,Train
LOT-0019493,Test (Temporal)
LOT-0019494,Train
LOT-0019495,Test (Temporal)
LOT-0019496,Train
LOT-0019497,Train
LOT-0019498,Test (Temporal)
LOT-0019499,Test (Temporal)
LOT-0019500,Train
LOT-0019501,Train
LOT-0019502,Train
LOT-0019503,Train
LOT-0019504,Train
LOT-0019505,Test (Temporal)
LOT-0019506,Test (Temporal)
LOT-0019507,Train
LOT-0019508,Train
LOT-0019509,Train
LOT-0019510,Train
LOT-0019511,Train
LOT-0019512,Test (Temporal)
LOT-0019513,Train
LOT-0019514,Train
LOT-0019515,Train
LOT-0019516,Train
LOT-0019517,Train
LOT-0019518,Train
LOT-0019519,Train
LOT-0019520,Train
LOT-0019521,Train
LOT-0019522,Train
LOT-0019523,Train
LOT-0019524,Test (Temporal)
LOT-0019525,Train
LOT-0019526,Test (Temporal)
LOT-0019527,Train
LOT-0019528,Train
LOT-0019529,Train
LOT-0019530,Train
LOT-0019531,Train
LOT-0019532,Train
LOT-0019533,Train
LOT-0019534,Train
LOT-0019535,Train
LOT-0019536,Train
LOT-0019537,Train
LOT-0019538,Test (Temporal)
LOT-0019539,Train
LOT-0019540,Test (Temporal)
LOT-0019541,Train
LOT-0019542,Train
LOT-0019543,Train
LOT-0019544,Train
LOT-0019545,Train
LOT-0019546,Train
LOT-0019547,Train
LOT-0019548,Train
LOT-0019549,Train
LOT-0019550,Train
LOT-0019551,Test (Temporal)
LOT-0019552,Train
LOT-0019553,Train
LOT-0019554,Train
LOT-0019555,Train
LOT-0019556,Train
LOT-0019557,Train
LOT-0019558,Train
LOT-0019559,Train
LOT-0019560,Train
LOT-0019561,Train
LOT-0019562,Train
LOT-0019563,Train
LOT-0019564,Train
LOT-0019565,Train
LOT-0019566,Train
LOT-0019567,Train
LOT-0019568,Train
LOT-0019569,Train
LOT-0019570,Train
LOT-0019571,Train
LOT-0019572,Train
LOT-0019573,Train
LOT-0019574,Train
LOT-0019575,Train
LOT-0019576,Train
LOT-0019577,Test (Temporal)
LOT-0019578,Train
LOT-0019579,Train
LOT-0019580,Train
LOT-0019581,Train
LOT-0019582,Train
LOT-0019583,Train
LOT-0019584,Test (Temporal)
LOT-0019585,Train
LOT-0019586,Train
LOT-0019587,Train
LOT-0019588,Train
LOT-0019589,Train
LOT-0019590,Test (Temporal)
LOT-0019591,Train
LOT-0019592,Train
LOT-0019593,Train
LOT-0019594,Train
LOT-0019595,Test (Temporal)
LOT-0019596,Train
LOT-0019597,Train
LOT-0019598,Test (Temporal)
LOT-0019599,Train
LOT-0019600,Train
LOT-0019601,Test (Temporal)
LOT-0019602,Train
LOT-0019603,Train
LOT-0019604,Train
LOT-0019605,Train
LOT-0019606,Test (Temporal)
LOT-0019607,Train
LOT-0019608,Train
LOT-0019609,Train
LOT-0019610,Train
LOT-0019611,Train
LOT-0019612,Train
LOT-0019613,Train
LOT-0019614,Train
LOT-0019615,Test (Temporal)
LOT-0019616,Train
LOT-0019617,Train
LOT-0019618,Test (Temporal)
LOT-0019619,Test (Temporal)
LOT-0019620,Train
LOT-0019621,Train
LOT-0019622,Train
LOT-0019623,Train
LOT-0019624,Test (Temporal)
LOT-0019625,Train
LOT-0019626,Test (Temporal)
LOT-0019627,Train
LOT-0019628,Train
LOT-0019629,Test (Temporal)
LOT-0019630,Test (Temporal)
LOT-0019631,Train
LOT-0019632,Test (Temporal)
LOT-0019633,Train
LOT-0019634,Train
LOT-0019635,Train
LOT-0019636,Test (Temporal)
LOT-0019637,Test (Temporal)
LOT-0019638,Train
LOT-0019639,Test (Temporal)
LOT-0019640,Train
LOT-0019641,Test (Temporal)
LOT-0019642,Test (Temporal)
LOT-0019643,Train
LOT-0019644,Train
LOT-0019645,Train
LOT-0019646,Train
LOT-0019647,Train
LOT-0019648,Train
LOT-0019649,Train
LOT-0019650,Train
LOT-0019651,Train
LOT-0019652,Train
LOT-0019653,Train
LOT-0019654,Train
LOT-0019655,Train
LOT-0019656,Train
LOT-0019657,Train
LOT-0019658,Train
LOT-0019659,Train
LOT-0019660,Train
LOT-0019661,Train
LOT-0019662,Train
LOT-0019663,Train
LOT-0019664,Train
LOT-0019665,Test (Temporal)
LOT-0019666,Train
LOT-0019667,Train
LOT-0019668,Train
LOT-0019669,Train
LOT-0019670,Train
LOT-0019671,Test (Temporal)
LOT-0019672,Train
LOT-0019673,Train
LOT-0019674,Train
LOT-0019675,Train
LOT-0019676,Train
LOT-0019677,Train
LOT-0019678,Train
LOT-0019679,Train
LOT-0019680,Train
LOT-0019681,Train
LOT-0019682,Train
LOT-0019683,Train
LOT-0019684,Train
LOT-0019685,Train
LOT-0019686,Train
LOT-0019687,Train
LOT-0019688,Train
LOT-0019689,Train
LOT-0019690,Test (Temporal)
LOT-0019691,Train
LOT-0019692,Train
LOT-0019693,Train
LOT-0019694,Train
LOT-0019695,Train
LOT-0019696,Train
LOT-0019697,Test (Temporal)
LOT-0019698,Train
LOT-0019699,Train
LOT-0019700,Train
LOT-0019701,Train
LOT-0019702,Train
LOT-0019703,Test (Temporal)
LOT-0019704,Train
LOT-0019705,Train
LOT-0019706,Test (Temporal)
LOT-0019707,Train
LOT-0019708,Train
LOT-0019709,Train
LOT-0019710,Train
LOT-0019711,Train
LOT-0019712,Train
LOT-0019713,Train
LOT-0019714,Train
LOT-0019715,Train
LOT-0019716,Test (Temporal)
LOT-0019717,Train
LOT-0019718,Test (Temporal)
LOT-0019719,Train
LOT-0019720,Train
LOT-0019721,Train
LOT-0019722,Train
LOT-0019723,Train
LOT-0019724,Train
LOT-0019725,Test (Temporal)
LOT-0019726,Train
LOT-0019727,Train
LOT-0019728,Test (Temporal)
LOT-0019729,Train
LOT-0019730,Train
LOT-0019731,Train
LOT-0019732,Train
LOT-0019733,Train
LOT-0019734,Test (Temporal)
LOT-0019735,Train
LOT-0019736,Train
LOT-0019737,Train
LOT-0019738,Train
LOT-0019739,Train
LOT-0019740,Train
LOT-0019741,Train
LOT-0019742,Test (Temporal)
LOT-0019743,Train
LOT-0019744,Train
LOT-0019745,Train
LOT-0019746,Train
LOT-0019747,Train
LOT-0019748,Train
LOT-0019749,Train
LOT-0019750,Test (Temporal)
LOT-0019751,Train
LOT-0019752,Test (Temporal)
LOT-0019753,Test (Temporal)
LOT-0019754,Train
LOT-0019755,Train
LOT-0019756,Train
LOT-0019757,Test (Temporal)
LOT-0019758,Train
LOT-0019759,Train
LOT-0019760,Train
LOT-0019761,Train
LOT-0019762,Train
LOT-0019763,Train
LOT-0019764,Train
LOT-0019765,Train
LOT-0019766,Train
LOT-0019767,Train
LOT-0019768,Test (Temporal)
LOT-0019769,Train
LOT-0019770,Train
LOT-0019771,Test (Temporal)
LOT-0019772,Train
LOT-0019773,Test (Temporal)
LOT-0019774,Train
LOT-0019775,Train
LOT-0019776,Train
LOT-0019777,Train
LOT-0019778,Train
LOT-0019779,Train
LOT-0019780,Train
LOT-0019781,Train
LOT-0019782,Train
LOT-0019783,Train
LOT-0019784,Test (Temporal)
LOT-0019785,Train
LOT-0019786,Train
LOT-0019787,Test (Temporal)
LOT-0019788,Train
LOT-0019789,Train
LOT-0019790,Train
LOT-0019791,Train
LOT-0019792,Test (Temporal)
LOT-0019793,Train
LOT-0019794,Train
LOT-0019795,Train
LOT-0019796,Train
LOT-0019797,Test (Temporal)
LOT-0019798,Train
LOT-0019799,Train
LOT-0019800,Train
LOT-0019801,Train
LOT-0019802,Train
LOT-0019803,Train
LOT-0019804,Train
LOT-0019805,Train
LOT-0019806,Train
LOT-0019807,Train
LOT-0019808,Train
LOT-0019809,Train
LOT-0019810,Train
LOT-0019811,Train
LOT-0019812,Train
LOT-0019813,Train
LOT-0019814,Train
LOT-0019815,Train
LOT-0019816,Test (Temporal)
LOT-0019817,Train
LOT-0019818,Train
LOT-0019819,Train
LOT-0019820,Train
LOT-0019821,Train
LOT-0019822,Train
LOT-0019823,Train
LOT-0019824,Train
LOT-0019825,Train
LOT-0019826,Test (Temporal)
LOT-0019827,Train
LOT-0019828,Train
LOT-0019829,Train
LOT-0019830,Test (Temporal)
LOT-0019831,Train
LOT-0019832,Test (Temporal)
LOT-0019833,Train
LOT-0019834,Test (Temporal)
LOT-0019835,Train
LOT-0019836,Train
LOT-0019837,Train
LOT-0019838,Train
LOT-0019839,Train
LOT-0019840,Train
LOT-0019841,Train
LOT-0019842,Test (Temporal)
LOT-0019843,Train
LOT-0019844,Train
LOT-0019845,Test (Temporal)
LOT-0019846,Train
LOT-0019847,Train
LOT-0019848,Train
LOT-0019849,Train
LOT-0019850,Test (Temporal)
LOT-0019851,Train
LOT-0019852,Train
LOT-0019853,Train
LOT-0019854,Train
LOT-0019855,Train
LOT-0019856,Train
LOT-0019857,Train
LOT-0019858,Train
LOT-0019859,Train
LOT-0019860,Train
LOT-0019861,Train
LOT-0019862,Train
LOT-0019863,Train
LOT-0019864,Train
LOT-0019865,Train
LOT-0019866,Train
LOT-0019867,Train
LOT-0019868,Train
LOT-0019869,Train
LOT-0019870,Train
LOT-0019871,Train
LOT-0019872,Train
LOT-0019873,Train
LOT-0019874,Train
LOT-0019875,Train
LOT-0019876,Train
LOT-0019877,Train
LOT-0019878,Train
LOT-0019879,Train
LOT-0019880,Train
LOT-0019881,Train
LOT-0019882,Train
LOT-0019883,Train
LOT-0019884,Train
LOT-0019885,Train
LOT-0019886,Test (Temporal)
LOT-0019887,Train
LOT-0019888,Test (Temporal)
LOT-0019889,Train
LOT-0019890,Train
LOT-0019891,Train
LOT-0019892,Train
LOT-0019893,Train
LOT-0019894,Train
LOT-0019895,Train
LOT-0019896,Train
LOT-0019897,Train
LOT-0019898,Train
LOT-0019899,Train
LOT-0019900,Train
LOT-0019901,Train
LOT-0019902,Test (Temporal)
LOT-0019903,Train
LOT-0019904,Test (Temporal)
LOT-0019905,Train
LOT-0019906,Train
LOT-0019907,Train
LOT-0019908,Test (Temporal)
LOT-0019909,Train
LOT-0019910,Train
LOT-0019911,Train
LOT-0019912,Train
LOT-0019913,Train
LOT-0019914,Train
LOT-0019915,Test (Temporal)
LOT-0019916,Train
LOT-0019917,Train
LOT-0019918,Train
LOT-0019919,Train
LOT-0019920,Test (Temporal)
LOT-0019921,Train
LOT-0019922,Train
LOT-0019923,Train
LOT-0019924,Train
LOT-0019925,Train
LOT-0019926,Train
LOT-0019927,Train
LOT-0019928,Train
LOT-0019929,Train
LOT-0019930,Train
LOT-0019931,Test (Temporal)
LOT-0019932,Train
LOT-0019933,Train
LOT-0019934,Train
LOT-0019935,Train
LOT-0019936,Train
LOT-0019937,Train
LOT-0019938,Train
LOT-0019939,Train
LOT-0019940,Train
LOT-0019941,Train
LOT-0019942,Test (Temporal)
LOT-0019943,Train
LOT-0019944,Train
LOT-0019945,Train
LOT-0019946,Train
LOT-0019947,Train
LOT-0019948,Train
LOT-0019949,Train
LOT-0019950,Train
LOT-0019951,Test (Temporal)
LOT-0019952,Train
LOT-0019953,Train
LOT-0019954,Train
LOT-0019955,Train
LOT-0019956,Train
LOT-0019957,Train
LOT-0019958,Train
LOT-0019959,Train
LOT-0019960,Test (Temporal)
LOT-0019961,Train
LOT-0019962,Train
LOT-0019963,Train
LOT-0019964,Train
LOT-0019965,Train
LOT-0019966,Train
LOT-0019967,Train
LOT-0019968,Train
LOT-0019969,Train
LOT-0019970,Train
LOT-0019971,Train
LOT-0019972,Test (Temporal)
LOT-0019973,Train
LOT-0019974,Train
LOT-0019975,Train
LOT-0019976,Test (Temporal)
LOT-0019977,Train
LOT-0019978,Train
LOT-0019979,Train
LOT-0019980,Train
LOT-0019981,Train
LOT-0019982,Train
LOT-0019983,Train
LOT-0019984,Train
LOT-0019985,Train
LOT-0019986,Train
LOT-0019987,Train
LOT-0019988,Train
LOT-0019989,Test (Temporal)
LOT-0019990,Test (Temporal)
LOT-0019991,Train
LOT-0019992,Train
LOT-0019993,Test (Temporal)
LOT-0019994,Train
LOT-0019995,Train
LOT-0019996,Train
LOT-0019997,Train
LOT-0019998,Train
LOT-0019999,Test (Temporal)
LOT-0020000,Train
LOT-0020001,Train
LOT-0020002,Train
LOT-0020003,Train
LOT-0020004,Train
LOT-0020005,Train
LOT-0020006,Train
LOT-0020007,Test (Temporal)
LOT-0020008,Test (Temporal)
LOT-0020009,Train
LOT-0020010,Train
LOT-0020011,Train
LOT-0020012,Test (Temporal)
LOT-0020013,Train
LOT-0020014,Train
LOT-0020015,Test (Temporal)
LOT-0020016,Train
LOT-0020017,Train
LOT-0020018,Test (Temporal)
LOT-0020019,Train
LOT-0020020,Test (Temporal)
LOT-0020021,Train
LOT-0020022,Train
LOT-0020023,Test (Temporal)
LOT-0020024,Train
LOT-0020025,Train
LOT-0020026,Train
LOT-0020027,Train
LOT-0020028,Train
LOT-0020029,Train
LOT-0020030,Train
LOT-0020031,Train
LOT-0020032,Test (Temporal)
LOT-0020033,Train
LOT-0020034,Train
LOT-0020035,Train
LOT-0020036,Train
LOT-0020037,Train
LOT-0020038,Train
LOT-0020039,Train
LOT-0020040,Train
LOT-0020041,Train
LOT-0020042,Train
LOT-0020043,Train
LOT-0020044,Train
LOT-0020045,Train
LOT-0020046,Train
LOT-0020047,Train
LOT-0020048,Train
LOT-0020049,Train
LOT-0020050,Train
LOT-0020051,Test (Temporal)
LOT-0020052,Train
LOT-0020053,Train
LOT-0020054,Train
LOT-0020055,Test (Temporal)
LOT-0020056,Test (Temporal)
LOT-0020057,Train
LOT-0020058,Train
LOT-0020059,Train
LOT-0020060,Train
LOT-0020061,Train
LOT-0020062,Train
LOT-0020063,Train
LOT-0020064,Train
LOT-0020065,Train
LOT-0020066,Train
LOT-0020067,Train
LOT-0020068,Test (Temporal)
LOT-0020069,Train
LOT-0020070,Train
LOT-0020071,Train
LOT-0020072,Train
LOT-0020073,Train
LOT-0020074,Train
LOT-0020075,Train
LOT-0020076,Train
LOT-0020077,Train
LOT-0020078,Train
LOT-0020079,Train
LOT-0020080,Train
LOT-0020081,Test (Temporal)
LOT-0020082,Train
LOT-0020083,Train
LOT-0020084,Train
LOT-0020085,Train
LOT-0020086,Train
LOT-0020087,Train
LOT-0020088,Train
LOT-0020089,Train
LOT-0020090,Train
LOT-0020091,Train
LOT-0020092,Train
LOT-0020093,Train
LOT-0020094,Train
LOT-0020095,Train
LOT-0020096,Train
LOT-0020097,Train
LOT-0020098,Train
LOT-0020099,Train
LOT-0020100,Train
LOT-0020101,Train
LOT-0020102,Train
LOT-0020103,Train
LOT-0020104,Train
LOT-0020105,Train
LOT-0020106,Train
LOT-0020107,Train
LOT-0020108,Train
LOT-0020109,Train
LOT-0020110,Train
LOT-0020111,Train
LOT-0020112,Test (Temporal)
LOT-0020113,Train
LOT-0020114,Train
LOT-0020115,Train
LOT-0020116,Train
LOT-0020117,Train
LOT-0020118,Train
LOT-0020119,Train
LOT-0020120,Train
LOT-0020121,Test (Temporal)
LOT-0020122,Train
LOT-0020123,Train
LOT-0020124,Train
LOT-0020125,Train
LOT-0020126,Train
LOT-0020127,Train
LOT-0020128,Train
LOT-0020129,Train
LOT-0020130,Train
LOT-0020131,Train
LOT-0020132,Train
LOT-0020133,Test (Temporal)
LOT-0020134,Train
LOT-0020135,Train
LOT-0020136,Train
LOT-0020137,Train
LOT-0020138,Train
LOT-0020139,Train
LOT-0020140,Train
LOT-0020141,Train
LOT-0020142,Test (Temporal)
LOT-0020143,Train
LOT-0020144,Train
LOT-0020145,Test (Temporal)
LOT-0020146,Train
LOT-0020147,Train
LOT-0020148,Train
LOT-0020149,Train
LOT-0020150,Test (Temporal)
LOT-0020151,Train
LOT-0020152,Train
LOT-0020153,Train
LOT-0020154,Train
LOT-0020155,Train
LOT-0020156,Test (Temporal)
LOT-0020157,Train
LOT-0020158,Train
LOT-0020159,Train
LOT-0020160,Train
LOT-0020161,Train
LOT-0020162,Train
LOT-0020163,Train
LOT-0020164,Train
LOT-0020165,Train
LOT-0020166,Train
LOT-0020167,Test (Temporal)
LOT-0020168,Train
LOT-0020169,Train
LOT-0020170,Train
LOT-0020171,Train
LOT-0020172,Test (Temporal)
LOT-0020173,Train
LOT-0020174,Train
LOT-0020175,Train
LOT-0020176,Train
LOT-0020177,Train
LOT-0020178,Train
LOT-0020179,Train
LOT-0020180,Train
LOT-0020181,Train
LOT-0020182,Train
LOT-0020183,Train
LOT-0020184,Train
LOT-0020185,Train
LOT-0020186,Train
LOT-0020187,Train
LOT-0020188,Train
LOT-0020189,Train
LOT-0020190,Train
LOT-0020191,Train
LOT-0020192,Train
LOT-0020193,Train
LOT-0020194,Train
LOT-0020195,Train
LOT-0020196,Train
LOT-0020197,Train
LOT-0020198,Train
LOT-0020199,Train
LOT-0020200,Train
LOT-0020201,Train
LOT-0020202,Train
LOT-0020203,Test (Temporal)
LOT-0020204,Train
LOT-0020205,Train
LOT-0020206,Train
LOT-0020207,Train
LOT-0020208,Train
LOT-0020209,Train
LOT-0020210,Train
LOT-0020211,Train
LOT-0020212,Train
LOT-0020213,Train
LOT-0020214,Train
LOT-0020215,Train
LOT-0020216,Train
LOT-0020217,Train
LOT-0020218,Test (Temporal)
LOT-0020219,Train
LOT-0020220,Train
LOT-0020221,Test (Temporal)
LOT-0020222,Train
LOT-0020223,Train
LOT-0020224,Train
LOT-0020225,Test (Temporal)
LOT-0020226,Train
LOT-0020227,Train
LOT-0020228,Test (Temporal)
LOT-0020229,Train
LOT-0020230,Test (Temporal)
LOT-0020231,Train
LOT-0020232,Train
LOT-0020233,Train
LOT-0020234,Train
LOT-0020235,Test (Temporal)
LOT-0020236,Train
LOT-0020237,Train
LOT-0020238,Train
LOT-0020239,Train
LOT-0020240,Test (Temporal)
LOT-0020241,Test (Temporal)
LOT-0020242,Train
LOT-0020243,Test (Temporal)
LOT-0020244,Train
LOT-0020245,Train
LOT-0020246,Train
LOT-0020247,Train
LOT-0020248,Test (Temporal)
LOT-0020249,Train
LOT-0020250,Train
LOT-0020251,Train
LOT-0020252,Test (Temporal)
LOT-0020253,Test (Temporal)
LOT-0020254,Train
LOT-0020255,Train
LOT-0020256,Train
LOT-0020257,Train
LOT-0020258,Train
LOT-0020259,Train
LOT-0020260,Train
LOT-0020261,Train
LOT-0020262,Test (Temporal)
LOT-0020263,Train
LOT-0020264,Train
LOT-0020265,Train
LOT-0020266,Test (Temporal)
LOT-0020267,Train
LOT-0020268,Test (Temporal)
LOT-0020269,Train
LOT-0020270,Train
LOT-0020271,Train
LOT-0020272,Train
LOT-0020273,Train
LOT-0020274,Train
LOT-0020275,Train
LOT-0020276,Train
LOT-0020277,Train
LOT-0020278,Train
LOT-0020279,Train
LOT-0020280,Train
LOT-0020281,Train
LOT-0020282,Test (Temporal)
LOT-0020283,Train
LOT-0020284,Test (Temporal)
LOT-0020285,Train
LOT-0020286,Train
LOT-0020287,Train
LOT-0020288,Train
LOT-0020289,Train
LOT-0020290,Train
LOT-0020291,Test (Temporal)
LOT-0020292,Train
LOT-0020293,Test (Temporal)
LOT-0020294,Train
LOT-0020295,Train
LOT-0020296,Train
LOT-0020297,Train
LOT-0020298,Train
LOT-0020299,Train
LOT-0020300,Train
LOT-0020301,Train
LOT-0020302,Test (Temporal)
LOT-0020303,Train
LOT-0020304,Train
LOT-0020305,Train
LOT-0020306,Train
LOT-0020307,Train
LOT-0020308,Train
LOT-0020309,Train
LOT-0020310,Train
LOT-0020311,Test (Temporal)
LOT-0020312,Test (Temporal)
LOT-0020313,Train
LOT-0020314,Train
LOT-0020315,Train
LOT-0020316,Train
LOT-0020317,Train
LOT-0020318,Train
LOT-0020319,Train
LOT-0020320,Train
LOT-0020321,Train
LOT-0020322,Train
LOT-0020323,Test (Temporal)
LOT-0020324,Train
LOT-0020325,Train
LOT-0020326,Train
LOT-0020327,Train
LOT-0020328,Train
LOT-0020329,Train
LOT-0020330,Train
LOT-0020331,Train
LOT-0020332,Train
LOT-0020333,Train
LOT-0020334,Train
LOT-0020335,Train
LOT-0020336,Train
LOT-0020337,Train
LOT-0020338,Train
LOT-0020339,Train
LOT-0020340,Train
LOT-0020341,Train
LOT-0020342,Train
LOT-0020343,Train
LOT-0020344,Test (Temporal)
LOT-0020345,Train
LOT-0020346,Train
LOT-0020347,Train
LOT-0020348,Test (Temporal)
LOT-0020349,Train
LOT-0020350,Train
LOT-0020351,Train
LOT-0020352,Train
LOT-0020353,Train
LOT-0020354,Train
LOT-0020355,Train
LOT-0020356,Train
LOT-0020357,Train
LOT-0020358,Train
LOT-0020359,Train
LOT-0020360,Train
LOT-0020361,Train
LOT-0020362,Train
LOT-0020363,Train
LOT-0020364,Train
LOT-0020365,Train
LOT-0020366,Train
LOT-0020367,Train
LOT-0020368,Train
LOT-0020369,Train
LOT-0020370,Train
LOT-0020371,Train
LOT-0020372,Train
LOT-0020373,Train
LOT-0020374,Train
LOT-0020375,Train
LOT-0020376,Train
LOT-0020377,Test (Temporal)
LOT-0020378,Train
LOT-0020379,Train
LOT-0020380,Train
LOT-0020381,Train
LOT-0020382,Train
LOT-0020383,Train
LOT-0020384,Train
LOT-0020385,Train
LOT-0020386,Train
LOT-0020387,Test (Temporal)
LOT-0020388,Test (Temporal)
LOT-0020389,Test (Temporal)
LOT-0020390,Train
LOT-0020391,Train
LOT-0020392,Train
LOT-0020393,Train
LOT-0020394,Train
LOT-0020395,Train
LOT-0020396,Train
LOT-0020397,Train
LOT-0020398,Test (Temporal)
LOT-0020399,Train
LOT-0020400,Train
LOT-0020401,Train
LOT-0020402,Train
LOT-0020403,Train
LOT-0020404,Train
LOT-0020405,Train
LOT-0020406,Train
LOT-0020407,Train
LOT-0020408,Train
LOT-0020409,Train
LOT-0020410,Train
LOT-0020411,Train
LOT-0020412,Train
LOT-0020413,Train
LOT-0020414,Train
LOT-0020415,Train
LOT-0020416,Train
LOT-0020417,Train
LOT-0020418,Train
LOT-0020419,Train
LOT-0020420,Train
LOT-0020421,Train
LOT-0020422,Train
LOT-0020423,Train
LOT-0020424,Train
LOT-0020425,Test (Temporal)
LOT-0020426,Train
LOT-0020427,Train
LOT-0020428,Test (Temporal)
LOT-0020429,Test (Temporal)
LOT-0020430,Train
LOT-0020431,Train
LOT-0020432,Train
LOT-0020433,Train
LOT-0020434,Train
LOT-0020435,Train
LOT-0020436,Train
LOT-0020437,Train
LOT-0020438,Train
LOT-0020439,Train
LOT-0020440,Test (Temporal)
LOT-0020441,Train
LOT-0020442,Test (Temporal)
LOT-0020443,Train
LOT-0020444,Train
LOT-0020445,Train
LOT-0020446,Train
LOT-0020447,Train
LOT-0020448,Train
LOT-0020449,Test (Temporal)
LOT-0020450,Train
LOT-0020451,Train
LOT-0020452,Train
LOT-0020453,Train
LOT-0020454,Train
LOT-0020455,Train
LOT-0020456,Train
LOT-0020457,Train
LOT-0020458,Train
LOT-0020459,Test (Temporal)
LOT-0020460,Test (Temporal)
LOT-0020461,Train
LOT-0020462,Train
LOT-0020463,Train
LOT-0020464,Test (Temporal)
LOT-0020465,Test (Temporal)
LOT-0020466,Train
LOT-0020467,Train
LOT-0020468,Train
LOT-0020469,Test (Temporal)
LOT-0020470,Train
LOT-0020471,Train
LOT-0020472,Train
LOT-0020473,Train
LOT-0020474,Train
LOT-0020475,Train
LOT-0020476,Test (Temporal)
LOT-0020477,Train
LOT-0020478,Train
LOT-0020479,Train
LOT-0020480,Train
LOT-0020481,Train
LOT-0020482,Train
LOT-0020483,Train
LOT-0020484,Train
LOT-0020485,Train
LOT-0020486,Test (Temporal)
LOT-0020487,Train
LOT-0020488,Train
LOT-0020489,Train
LOT-0020490,Train
LOT-0020491,Train
LOT-0020492,Train
LOT-0020493,Train
LOT-0020494,Test (Temporal)
LOT-0020495,Test (Temporal)
LOT-0020496,Train
LOT-0020497,Train
LOT-0020498,Train
LOT-0020499,Test (Temporal)
LOT-0020500,Train
LOT-0020501,Test (Temporal)
LOT-0020502,Train
LOT-0020503,Train
LOT-0020504,Test (Temporal)
LOT-0020505,Train
LOT-0020506,Train
LOT-0020507,Test (Temporal)
LOT-0020508,Test (Temporal)
LOT-0020509,Train
LOT-0020510,Train
LOT-0020511,Train
LOT-0020512,Train
LOT-0020513,Train
LOT-0020514,Train
LOT-0020515,Train
LOT-0020516,Train
LOT-0020517,Train
LOT-0020518,Train
LOT-0020519,Train
LOT-0020520,Test (Temporal)
LOT-0020521,Train
LOT-0020522,Train
LOT-0020523,Test (Temporal)
LOT-0020524,Test (Temporal)
LOT-0020525,Train
LOT-0020526,Train
LOT-0020527,Train
LOT-0020528,Train
LOT-0020529,Train
LOT-0020530,Train
LOT-0020531,Train
LOT-0020532,Train
LOT-0020533,Test (Temporal)
LOT-0020534,Train
LOT-0020535,Train
LOT-0020536,Train
LOT-0020537,Train
LOT-0020538,Test (Temporal)
LOT-0020539,Train
LOT-0020540,Train
LOT-0020541,Train
LOT-0020542,Train
LOT-0020543,Train
LOT-0020544,Train
LOT-0020545,Train
LOT-0020546,Train
LOT-0020547,Train
LOT-0020548,Train
LOT-0020549,Train
LOT-0020550,Train
LOT-0020551,Train
LOT-0020552,Train
LOT-0020553,Train
LOT-0020554,Train
LOT-0020555,Train
LOT-0020556,Train
LOT-0020557,Test (Temporal)
LOT-0020558,Train
LOT-0020559,Train
LOT-0020560,Train
LOT-0020561,Train
LOT-0020562,Train
LOT-0020563,Train
LOT-0020564,Train
LOT-0020565,Train
LOT-0020566,Train
LOT-0020567,Train
LOT-0020568,Train
LOT-0020569,Test (Temporal)
LOT-0020570,Train
LOT-0020571,Train
LOT-0020572,Train
LOT-0020573,Test (Temporal)
LOT-0020574,Train
LOT-0020575,Train
LOT-0020576,Test (Temporal)
LOT-0020577,Train
LOT-0020578,Train
LOT-0020579,Train
LOT-0020580,Train
LOT-0020581,Train
LOT-0020582,Train
LOT-0020583,Train
LOT-0020584,Test (Temporal)
LOT-0020585,Train
LOT-0020586,Train
LOT-0020587,Test (Temporal)
LOT-0020588,Test (Temporal)
LOT-0020589,Train
LOT-0020590,Train
LOT-0020591,Train
LOT-0020592,Train
LOT-0020593,Train
LOT-0020594,Train
LOT-0020595,Test (Temporal)
LOT-0020596,Train
LOT-0020597,Test (Temporal)
LOT-0020598,Test (Temporal)
LOT-0020599,Train
LOT-0020600,Train
LOT-0020601,Train
LOT-0020602,Test (Temporal)
LOT-0020603,Train
LOT-0020604,Train
LOT-0020605,Train
LOT-0020606,Train
LOT-0020607,Train
LOT-0020608,Train
LOT-0020609,Train
LOT-0020610,Train
LOT-0020611,Test (Temporal)
LOT-0020612,Train
LOT-0020613,Train
LOT-0020614,Train
LOT-0020615,Train
LOT-0020616,Test (Temporal)
LOT-0020617,Train
LOT-0020618,Train
LOT-0020619,Train
LOT-0020620,Train
LOT-0020621,Test (Temporal)
LOT-0020622,Train
LOT-0020623,Train
LOT-0020624,Train
LOT-0020625,Train
LOT-0020626,Train
LOT-0020627,Train
LOT-0020628,Test (Temporal)
LOT-0020629,Test (Temporal)
LOT-0020630,Train
LOT-0020631,Train
LOT-0020632,Train
LOT-0020633,Train
LOT-0020634,Train
LOT-0020635,Train
LOT-0020636,Train
LOT-0020637,Train
LOT-0020638,Train
LOT-0020639,Train
LOT-0020640,Train
LOT-0020641,Train
LOT-0020642,Test (Temporal)
LOT-0020643,Train
LOT-0020644,Train
LOT-0020645,Train
LOT-0020646,Train
LOT-0020647,Test (Temporal)
LOT-0020648,Train
LOT-0020649,Train
LOT-0020650,Train
LOT-0020651,Train
LOT-0020652,Train
LOT-0020653,Train
LOT-0020654,Train
LOT-0020655,Train
LOT-0020656,Test (Temporal)
LOT-0020657,Train
LOT-0020658,Test (Temporal)
LOT-0020659,Train
LOT-0020660,Train
LOT-0020661,Train
LOT-0020662,Train
LOT-0020663,Test (Temporal)
LOT-0020664,Train
LOT-0020665,Train
LOT-0020666,Train
LOT-0020667,Train
LOT-0020668,Train
LOT-0020669,Train
LOT-0020670,Train
LOT-0020671,Train
LOT-0020672,Train
LOT-0020673,Test (Temporal)
LOT-0020674,Train
LOT-0020675,Train
LOT-0020676,Test (Temporal)
LOT-0020677,Train
LOT-0020678,Test (Temporal)
LOT-0020679,Train
LOT-0020680,Train
LOT-0020681,Train
LOT-0020682,Test (Temporal)
LOT-0020683,Train
LOT-0020684,Test (Temporal)
LOT-0020685,Test (Temporal)
LOT-0020686,Train
LOT-0020687,Train
LOT-0020688,Train
LOT-0020689,Train
LOT-0020690,Test (Temporal)
LOT-0020691,Train
LOT-0020692,Train
LOT-0020693,Test (Temporal)
LOT-0020694,Train
LOT-0020695,Train
LOT-0020696,Train
LOT-0020697,Test (Temporal)
LOT-0020698,Train
LOT-0020699,Train
LOT-0020700,Test (Temporal)
LOT-0020701,Test (Temporal)
LOT-0020702,Train
LOT-0020703,Train
LOT-0020704,Train
LOT-0020705,Test (Temporal)
LOT-0020706,Train
LOT-0020707,Train
LOT-0020708,Train
LOT-0020709,Train
LOT-0020710,Test (Temporal)
LOT-0020711,Train
LOT-0020712,Test (Temporal)
LOT-0020713,Train
LOT-0020714,Train
LOT-0020715,Train
LOT-0020716,Train
LOT-0020717,Train
LOT-0020718,Train
LOT-0020719,Train
LOT-0020720,Train
LOT-0020721,Train
LOT-0020722,Train
LOT-0020723,Train
LOT-0020724,Train
LOT-0020725,Train
LOT-0020726,Train
LOT-0020727,Train
LOT-0020728,Train
LOT-0020729,Train
LOT-0020730,Train
LOT-0020731,Train
LOT-0020732,Train
LOT-0020733,Train
LOT-0020734,Train
LOT-0020735,Train
LOT-0020736,Train
LOT-0020737,Train
LOT-0020738,Test (Temporal)
LOT-0020739,Train
LOT-0020740,Train
LOT-0020741,Train
LOT-0020742,Train
LOT-0020743,Train
LOT-0020744,Train
LOT-0020745,Train
LOT-0020746,Train
LOT-0020747,Train
LOT-0020748,Test (Temporal)
LOT-0020749,Train
LOT-0020750,Train
LOT-0020751,Train
LOT-0020752,Train
LOT-0020753,Train
LOT-0020754,Train
LOT-0020755,Train
LOT-0020756,Train
LOT-0020757,Train
LOT-0020758,Train
LOT-0020759,Train
LOT-0020760,Train
LOT-0020761,Train
LOT-0020762,Test (Temporal)
LOT-0020763,Train
LOT-0020764,Train
LOT-0020765,Train
LOT-0020766,Train
LOT-0020767,Train
LOT-0020768,Test (Temporal)
LOT-0020769,Test (Temporal)
LOT-0020770,Train
LOT-0020771,Train
LOT-0020772,Train
LOT-0020773,Train
LOT-0020774,Train
LOT-0020775,Train
LOT-0020776,Test (Temporal)
LOT-0020777,Train
LOT-0020778,Train
LOT-0020779,Train
LOT-0020780,Train
LOT-0020781,Test (Temporal)
LOT-0020782,Train
LOT-0020783,Train
LOT-0020784,Train
LOT-0020785,Train
LOT-0020786,Train
LOT-0020787,Train
LOT-0020788,Train
LOT-0020789,Train
LOT-0020790,Train
LOT-0020791,Train
LOT-0020792,Train
LOT-0020793,Train
LOT-0020794,Train
LOT-0020795,Train
LOT-0020796,Train
LOT-0020797,Train
LOT-0020798,Train
LOT-0020799,Test (Temporal)
LOT-0020800,Train
LOT-0020801,Train
LOT-0020802,Train
LOT-0020803,Train
LOT-0020804,Train
LOT-0020805,Train
LOT-0020806,Train
LOT-0020807,Train
LOT-0020808,Train
LOT-0020809,Test (Temporal)
LOT-0020810,Train
LOT-0020811,Train
LOT-0020812,Train
LOT-0020813,Train
LOT-0020814,Train
LOT-0020815,Train
LOT-0020816,Test (Temporal)
LOT-0020817,Train
LOT-0020818,Train
LOT-0020819,Train
LOT-0020820,Train
LOT-0020821,Train
LOT-0020822,Train
LOT-0020823,Train
LOT-0020824,Train
LOT-0020825,Train
LOT-0020826,Train
LOT-0020827,Train
LOT-0020828,Test (Temporal)
LOT-0020829,Train
LOT-0020830,Train
LOT-0020831,Train
LOT-0020832,Train
LOT-0020833,Train
LOT-0020834,Train
LOT-0020835,Train
LOT-0020836,Train
LOT-0020837,Train
LOT-0020838,Train
LOT-0020839,Train
LOT-0020840,Train
LOT-0020841,Train
LOT-0020842,Train
LOT-0020843,Train
LOT-0020844,Train
LOT-0020845,Train
LOT-0020846,Test (Temporal)
LOT-0020847,Train
LOT-0020848,Train
LOT-0020849,Train
LOT-0020850,Train
LOT-0020851,Train
LOT-0020852,Test (Temporal)
LOT-0020853,Train
LOT-0020854,Train
LOT-0020855,Train
LOT-0020856,Train
LOT-0020857,Train
LOT-0020858,Test (Temporal)
LOT-0020859,Train
LOT-0020860,Train
LOT-0020861,Train
LOT-0020862,Train
LOT-0020863,Train
LOT-0020864,Train
LOT-0020865,Train
LOT-0020866,Train
LOT-0020867,Train
LOT-0020868,Train
LOT-0020869,Test (Temporal)
LOT-0020870,Train
LOT-0020871,Train
LOT-0020872,Train
LOT-0020873,Train
LOT-0020874,Train
LOT-0020875,Test (Temporal)
LOT-0020876,Train
LOT-0020877,Train
LOT-0020878,Test (Temporal)
LOT-0020879,Train
LOT-0020880,Train
LOT-0020881,Train
LOT-0020882,Train
LOT-0020883,Train
LOT-0020884,Test (Temporal)
LOT-0020885,Train
LOT-0020886,Test (Temporal)
LOT-0020887,Train
LOT-0020888,Test (Temporal)
LOT-0020889,Test (Temporal)
LOT-0020890,Train
LOT-0020891,Train
LOT-0020892,Train
LOT-0020893,Test (Temporal)
LOT-0020894,Train
LOT-0020895,Train
LOT-0020896,Train
LOT-0020897,Train
LOT-0020898,Train
LOT-0020899,Train
LOT-0020900,Test (Temporal)
LOT-0020901,Train
LOT-0020902,Test (Temporal)
LOT-0020903,Train
LOT-0020904,Test (Temporal)
LOT-0020905,Train
LOT-0020906,Train
LOT-0020907,Train
LOT-0020908,Train
LOT-0020909,Test (Temporal)
LOT-0020910,Train
LOT-0020911,Train
LOT-0020912,Train
LOT-0020913,Train
LOT-0020914,Test (Temporal)
LOT-0020915,Train
LOT-0020916,Train
LOT-0020917,Train
LOT-0020918,Train
LOT-0020919,Test (Temporal)
LOT-0020920,Test (Temporal)
LOT-0020921,Test (Temporal)
LOT-0020922,Train
LOT-0020923,Train
LOT-0020924,Train
LOT-0020925,Train
LOT-0020926,Train
LOT-0020927,Train
LOT-0020928,Train
LOT-0020929,Train
LOT-0020930,Train
LOT-0020931,Train
LOT-0020932,Train
LOT-0020933,Test (Temporal)
LOT-0020934,Train
LOT-0020935,Train
LOT-0020936,Train
LOT-0020937,Train
LOT-0020938,Train
LOT-0020939,Train
LOT-0020940,Train
LOT-0020941,Train
LOT-0020942,Train
LOT-0020943,Train
LOT-0020944,Train
LOT-0020945,Train
LOT-0020946,Train
LOT-0020947,Train
LOT-0020948,Train
LOT-0020949,Train
LOT-0020950,Test (Temporal)
LOT-0020951,Train
LOT-0020952,Train
LOT-0020953,Train
LOT-0020954,Train
LOT-0020955,Train
LOT-0020956,Train
LOT-0020957,Train
LOT-0020958,Train
LOT-0020959,Train
LOT-0020960,Train
LOT-0020961,Train
LOT-0020962,Test (Temporal)
LOT-0020963,Train
LOT-0020964,Train
LOT-0020965,Train
LOT-0020966,Train
LOT-0020967,Train
LOT-0020968,Train
LOT-0020969,Test (Temporal)
LOT-0020970,Test (Temporal)
LOT-0020971,Train
LOT-0020972,Train
LOT-0020973,Train
LOT-0020974,Train
LOT-0020975,Train
LOT-0020976,Train
LOT-0020977,Train
LOT-0020978,Train
LOT-0020979,Train
LOT-0020980,Train
LOT-0020981,Train
LOT-0020982,Train
LOT-0020983,Train
LOT-0020984,Train
LOT-0020985,Train
LOT-0020986,Train
LOT-0020987,Train
LOT-0020988,Train
LOT-0020989,Train
LOT-0020990,Train
LOT-0020991,Train
LOT-0020992,Train
LOT-0020993,Train
LOT-0020994,Train
LOT-0020995,Train
LOT-0020996,Train
LOT-0020997,Train
LOT-0020998,Train
LOT-0020999,Train
LOT-0021000,Train
LOT-0021001,Train
LOT-0021002,Train
LOT-0021003,Train
LOT-0021004,Train
LOT-0021005,Train
LOT-0021006,Test (Temporal)
LOT-0021007,Train
LOT-0021008,Train
LOT-0021009,Train
LOT-0021010,Train
LOT-0021011,Train
LOT-0021012,Train
LOT-0021013,Train
LOT-0021014,Train
LOT-0021015,Train
LOT-0021016,Train
LOT-0021017,Train
LOT-0021018,Train
LOT-0021019,Train
LOT-0021020,Test (Temporal)
LOT-0021021,Train
LOT-0021022,Train
LOT-0021023,Train
LOT-0021024,Train
LOT-0021025,Train
LOT-0021026,Train
LOT-0021027,Train
LOT-0021028,Train
LOT-0021029,Train
LOT-0021030,Train
LOT-0021031,Train
LOT-0021032,Train
LOT-0021033,Train
LOT-0021034,Train
LOT-0021035,Train
LOT-0021036,Train
LOT-0021037,Train
LOT-0021038,Train
LOT-0021039,Train
LOT-0021040,Train
LOT-0021041,Train
LOT-0021042,Train
LOT-0021043,Train
LOT-0021044,Train
LOT-0021045,Train
LOT-0021046,Train
LOT-0021047,Train
LOT-0021048,Train
LOT-0021049,Train
LOT-0021050,Train
LOT-0021051,Train
LOT-0021052,Train
LOT-0021053,Train
LOT-0021054,Train
LOT-0021055,Train
LOT-0021056,Test (Temporal)
LOT-0021057,Train
LOT-0021058,Train
LOT-0021059,Train
LOT-0021060,Train
LOT-0021061,Train
LOT-0021062,Test (Temporal)
LOT-0021063,Test (Temporal)
LOT-0021064,Test (Temporal)
LOT-0021065,Train
LOT-0021066,Train
LOT-0021067,Train
LOT-0021068,Train
LOT-0021069,Train
LOT-0021070,Test (Temporal)
LOT-0021071,Train
LOT-0021072,Train
LOT-0021073,Train
LOT-0021074,Train
LOT-0021075,Test (Temporal)
LOT-0021076,Train
LOT-0021077,Train
LOT-0021078,Train
LOT-0021079,Train
LOT-0021080,Train
LOT-0021081,Train
LOT-0021082,Train
LOT-0021083,Test (Temporal)
LOT-0021084,Train
LOT-0021085,Train
LOT-0021086,Test (Temporal)
LOT-0021087,Train
LOT-0021088,Train
LOT-0021089,Test (Temporal)
LOT-0021090,Train
LOT-0021091,Train
LOT-0021092,Test (Temporal)
LOT-0021093,Train
LOT-0021094,Train
LOT-0021095,Train
LOT-0021096,Train
LOT-0021097,Train
LOT-0021098,Train
LOT-0021099,Train
LOT-0021100,Train
LOT-0021101,Train
LOT-0021102,Test (Temporal)
LOT-0021103,Train
LOT-0021104,Train
LOT-0021105,Train
LOT-0021106,Train
LOT-0021107,Test (Temporal)
LOT-0021108,Train
LOT-0021109,Train
LOT-0021110,Train
LOT-0021111,Train
LOT-0021112,Train
LOT-0021113,Train
LOT-0021114,Train
LOT-0021115,Train
LOT-0021116,Test (Temporal)
LOT-0021117,Train
LOT-0021118,Train
LOT-0021119,Train
LOT-0021120,Train
LOT-0021121,Train
LOT-0021122,Train
LOT-0021123,Train
LOT-0021124,Train
LOT-0021125,Train
LOT-0021126,Train
LOT-0021127,Train
LOT-0021128,Train
LOT-0021129,Test (Temporal)
LOT-0021130,Train
LOT-0021131,Train
LOT-0021132,Train
LOT-0021133,Train
LOT-0021134,Train
LOT-0021135,Train
LOT-0021136,Train
LOT-0021137,Train
LOT-0021138,Train
LOT-0021139,Train
LOT-0021140,Train
LOT-0021141,Train
LOT-0021142,Train
LOT-0021143,Train
LOT-0021144,Train
LOT-0021145,Train
LOT-0021146,Train
LOT-0021147,Train
LOT-0021148,Test (Temporal)
LOT-0021149,Train
LOT-0021150,Train
LOT-0021151,Train
LOT-0021152,Train
LOT-0021153,Train
LOT-0021154,Train
LOT-0021155,Train
LOT-0021156,Test (Temporal)
LOT-0021157,Train
LOT-0021158,Train
LOT-0021159,Train
LOT-0021160,Train
LOT-0021161,Train
LOT-0021162,Test (Temporal)
LOT-0021163,Train
LOT-0021164,Test (Temporal)
LOT-0021165,Train
LOT-0021166,Train
LOT-0021167,Train
LOT-0021168,Train
LOT-0021169,Train
LOT-0021170,Train
LOT-0021171,Train
LOT-0021172,Test (Temporal)
LOT-0021173,Train
LOT-0021174,Train
LOT-0021175,Train
LOT-0021176,Train
LOT-0021177,Train
LOT-0021178,Train
LOT-0021179,Test (Temporal)
LOT-0021180,Train
LOT-0021181,Train
LOT-0021182,Train
LOT-0021183,Train
LOT-0021184,Train
LOT-0021185,Test (Temporal)
LOT-0021186,Train
LOT-0021187,Train
LOT-0021188,Train
LOT-0021189,Train
LOT-0021190,Train
LOT-0021191,Train
LOT-0021192,Train
LOT-0021193,Test (Temporal)
LOT-0021194,Train
LOT-0021195,Train
LOT-0021196,Train
LOT-0021197,Test (Temporal)
LOT-0021198,Test (Temporal)
LOT-0021199,Train
LOT-0021200,Train
LOT-0021201,Test (Temporal)
LOT-0021202,Train
LOT-0021203,Train
LOT-0021204,Train
LOT-0021205,Train
LOT-0021206,Train
LOT-0021207,Test (Temporal)
LOT-0021208,Train
LOT-0021209,Test (Temporal)
LOT-0021210,Train
LOT-0021211,Train
LOT-0021212,Train
LOT-0021213,Train
LOT-0021214,Train
LOT-0021215,Train
LOT-0021216,Train
LOT-0021217,Train
LOT-0021218,Train
LOT-0021219,Train
LOT-0021220,Train
LOT-0021221,Train
LOT-0021222,Train
LOT-0021223,Train
LOT-0021224,Train
LOT-0021225,Train
LOT-0021226,Test (Temporal)
LOT-0021227,Train
LOT-0021228,Train
LOT-0021229,Train
LOT-0021230,Train
LOT-0021231,Train
LOT-0021232,Train
LOT-0021233,Train
LOT-0021234,Train
LOT-0021235,Train
LOT-0021236,Train
LOT-0021237,Train
LOT-0021238,Train
LOT-0021239,Train
LOT-0021240,Train
LOT-0021241,Train
LOT-0021242,Train
LOT-0021243,Train
LOT-0021244,Train
LOT-0021245,Train
LOT-0021246,Test (Temporal)
LOT-0021247,Train
LOT-0021248,Train
LOT-0021249,Test (Temporal)
LOT-0021250,Test (Temporal)
LOT-0021251,Train
LOT-0021252,Train
LOT-0021253,Train
LOT-0021254,Train
LOT-0021255,Train
LOT-0021256,Train
LOT-0021257,Train
LOT-0021258,Train
LOT-0021259,Train
LOT-0021260,Train
LOT-0021261,Train
LOT-0021262,Train
LOT-0021263,Train
LOT-0021264,Train
LOT-0021265,Train
LOT-0021266,Train
LOT-0021267,Train
LOT-0021268,Train
LOT-0021269,Train
LOT-0021270,Train
LOT-0021271,Train
LOT-0021272,Train
LOT-0021273,Train
LOT-0021274,Train
LOT-0021275,Train
LOT-0021276,Train
LOT-0021277,Test (Temporal)
LOT-0021278,Test (Temporal)
LOT-0021279,Train
LOT-0021280,Train
LOT-0021281,Train
LOT-0021282,Train
LOT-0021283,Train
LOT-0021284,Train
LOT-0021285,Train
LOT-0021286,Train
LOT-0021287,Train
LOT-0021288,Train
LOT-0021289,Train
LOT-0021290,Train
LOT-0021291,Train
LOT-0021292,Test (Temporal)
LOT-0021293,Train
LOT-0021294,Train
LOT-0021295,Test (Temporal)
LOT-0021296,Test (Temporal)
LOT-0021297,Train
LOT-0021298,Train
LOT-0021299,Train
LOT-0021300,Train
LOT-0021301,Train
LOT-0021302,Train
LOT-0021303,Train
LOT-0021304,Train
LOT-0021305,Train
LOT-0021306,Test (Temporal)
LOT-0021307,Train
LOT-0021308,Train
LOT-0021309,Train
LOT-0021310,Test (Temporal)
LOT-0021311,Train
LOT-0021312,Train
LOT-0021313,Train
LOT-0021314,Train
LOT-0021315,Train
LOT-0021316,Train
LOT-0021317,Train
LOT-0021318,Train
LOT-0021319,Train
LOT-0021320,Train
LOT-0021321,Train
LOT-0021322,Train
LOT-0021323,Test (Temporal)
LOT-0021324,Train
LOT-0021325,Train
LOT-0021326,Train
LOT-0021327,Train
LOT-0021328,Train
LOT-0021329,Train
LOT-0021330,Train
LOT-0021331,Train
LOT-0021332,Train
LOT-0021333,Test (Temporal)
LOT-0021334,Train
LOT-0021335,Train
LOT-0021336,Train
LOT-0021337,Train
LOT-0021338,Test (Temporal)
LOT-0021339,Train
LOT-0021340,Train
LOT-0021341,Train
LOT-0021342,Test (Temporal)
LOT-0021343,Train
LOT-0021344,Train
LOT-0021345,Train
LOT-0021346,Train
LOT-0021347,Train
LOT-0021348,Train
LOT-0021349,Train
LOT-0021350,Train
LOT-0021351,Train
LOT-0021352,Train
LOT-0021353,Train
LOT-0021354,Train
LOT-0021355,Train
LOT-0021356,Train
LOT-0021357,Train
LOT-0021358,Train
LOT-0021359,Train
LOT-0021360,Train
LOT-0021361,Train
LOT-0021362,Train
LOT-0021363,Test (Temporal)
LOT-0021364,Train
LOT-0021365,Train
LOT-0021366,Train
LOT-0021367,Test (Temporal)
LOT-0021368,Test (Temporal)
LOT-0021369,Train
LOT-0021370,Train
LOT-0021371,Train
LOT-0021372,Train
LOT-0021373,Train
LOT-0021374,Train
LOT-0021375,Train
LOT-0021376,Train
LOT-0021377,Train
LOT-0021378,Train
LOT-0021379,Train
LOT-0021380,Train
LOT-0021381,Train
LOT-0021382,Train
LOT-0021383,Train
LOT-0021384,Train
LOT-0021385,Train
LOT-0021386,Test (Temporal)
LOT-0021387,Test (Temporal)
LOT-0021388,Test (Temporal)
LOT-0021389,Train
LOT-0021390,Train
LOT-0021391,Train
LOT-0021392,Train
LOT-0021393,Test (Temporal)
LOT-0021394,Train
LOT-0021395,Train
LOT-0021396,Train
LOT-0021397,Train
LOT-0021398,Train
LOT-0021399,Test (Temporal)
LOT-0021400,Train
LOT-0021401,Test (Temporal)
LOT-0021402,Train
LOT-0021403,Train
LOT-0021404,Train
LOT-0021405,Train
LOT-0021406,Train
LOT-0021407,Test (Temporal)
LOT-0021408,Train
LOT-0021409,Train
LOT-0021410,Test (Temporal)
LOT-0021411,Train
LOT-0021412,Train
LOT-0021413,Test (Temporal)
LOT-0021414,Train
LOT-0021415,Train
LOT-0021416,Train
LOT-0021417,Train
LOT-0021418,Train
LOT-0021419,Train
LOT-0021420,Test (Temporal)
LOT-0021421,Test (Temporal)
LOT-0021422,Train
LOT-0021423,Test (Temporal)
LOT-0021424,Train
LOT-0021425,Test (Temporal)
LOT-0021426,Train
LOT-0021427,Test (Temporal)
LOT-0021428,Test (Temporal)
LOT-0021429,Train
LOT-0021430,Train
LOT-0021431,Train
LOT-0021432,Train
LOT-0021433,Train
LOT-0021434,Train
LOT-0021435,Train
LOT-0021436,Train
LOT-0021437,Train
LOT-0021438,Train
LOT-0021439,Train
LOT-0021440,Train
LOT-0021441,Train
LOT-0021442,Train
LOT-0021443,Train
LOT-0021444,Train
LOT-0021445,Train
LOT-0021446,Train
LOT-0021447,Train
LOT-0021448,Test (Temporal)
LOT-0021449,Train
LOT-0021450,Train
LOT-0021451,Train
LOT-0021452,Train
LOT-0021453,Train
LOT-0021454,Train
LOT-0021455,Test (Temporal)
LOT-0021456,Test (Temporal)
LOT-0021457,Test (Temporal)
LOT-0021458,Train
LOT-0021459,Train
LOT-0021460,Train
LOT-0021461,Train
LOT-0021462,Train
LOT-0021463,Train
LOT-0021464,Train
LOT-0021465,Train
LOT-0021466,Train
LOT-0021467,Train
LOT-0021468,Train
LOT-0021469,Test (Temporal)
LOT-0021470,Train
LOT-0021471,Train
LOT-0021472,Train
LOT-0021473,Train
LOT-0021474,Train
LOT-0021475,Train
LOT-0021476,Train
LOT-0021477,Train
LOT-0021478,Train
LOT-0021479,Train
LOT-0021480,Train
LOT-0021481,Train
LOT-0021482,Train
LOT-0021483,Train
LOT-0021484,Test (Temporal)
LOT-0021485,Train
LOT-0021486,Train
LOT-0021487,Train
LOT-0021488,Train
LOT-0021489,Train
LOT-0021490,Train
LOT-0021491,Train
LOT-0021492,Train
LOT-0021493,Test (Temporal)
LOT-0021494,Train
LOT-0021495,Test (Temporal)
LOT-0021496,Train
LOT-0021497,Test (Temporal)
LOT-0021498,Test (Temporal)
LOT-0021499,Train
LOT-0021500,Test (Temporal)
LOT-0021501,Train
LOT-0021502,Test (Temporal)
LOT-0021503,Train
LOT-0021504,Train
LOT-0021505,Train
LOT-0021506,Train
LOT-0021507,Train
LOT-0021508,Train
LOT-0021509,Test (Temporal)
LOT-0021510,Train
LOT-0021511,Test (Temporal)
LOT-0021512,Train
LOT-0021513,Train
LOT-0021514,Train
LOT-0021515,Train
LOT-0021516,Train
LOT-0021517,Train
LOT-0021518,Train
LOT-0021519,Train
LOT-0021520,Test (Temporal)
LOT-0021521,Train
LOT-0021522,Train
LOT-0021523,Train
LOT-0021524,Train
LOT-0021525,Train
LOT-0021526,Train
LOT-0021527,Train
LOT-0021528,Train
LOT-0021529,Train
LOT-0021530,Train
LOT-0021531,Train
LOT-0021532,Test (Temporal)
LOT-0021533,Test (Temporal)
LOT-0021534,Train
LOT-0021535,Train
LOT-0021536,Train
LOT-0021537,Train
LOT-0021538,Train
LOT-0021539,Train
LOT-0021540,Train
LOT-0021541,Train
LOT-0021542,Train
LOT-0021543,Train
LOT-0021544,Test (Temporal)
LOT-0021545,Train
LOT-0021546,Train
LOT-0021547,Train
LOT-0021548,Train
LOT-0021549,Test (Temporal)
LOT-0021550,Train
LOT-0021551,Train
LOT-0021552,Train
LOT-0021553,Train
LOT-0021554,Train
LOT-0021555,Train
LOT-0021556,Train
LOT-0021557,Train
LOT-0021558,Train
LOT-0021559,Test (Temporal)
LOT-0021560,Train
LOT-0021561,Train
LOT-0021562,Train
LOT-0021563,Test (Temporal)
LOT-0021564,Test (Temporal)
LOT-0021565,Train
LOT-0021566,Train
LOT-0021567,Train
LOT-0021568,Train
LOT-0021569,Train
LOT-0021570,Train
LOT-0021571,Train
LOT-0021572,Test (Temporal)
LOT-0021573,Train
LOT-0021574,Test (Temporal)
LOT-0021575,Train
LOT-0021576,Train
LOT-0021577,Train
LOT-0021578,Test (Temporal)
LOT-0021579,Test (Temporal)
LOT-0021580,Test (Temporal)
LOT-0021581,Train
LOT-0021582,Train
LOT-0021583,Train
LOT-0021584,Test (Temporal)
LOT-0021585,Test (Temporal)
LOT-0021586,Train
LOT-0021587,Train
LOT-0021588,Train
LOT-0021589,Train
LOT-0021590,Train
LOT-0021591,Train
LOT-0021592,Train
LOT-0021593,Train
LOT-0021594,Train
LOT-0021595,Train
LOT-0021596,Test (Temporal)
LOT-0021597,Train
LOT-0021598,Train
LOT-0021599,Train
LOT-0021600,Train
LOT-0021601,Train
LOT-0021602,Train
LOT-0021603,Train
LOT-0021604,Train
LOT-0021605,Train
LOT-0021606,Test (Temporal)
LOT-0021607,Train
LOT-0021608,Train
LOT-0021609,Train
LOT-0021610,Train
LOT-0021611,Train
LOT-0021612,Train
LOT-0021613,Train
LOT-0021614,Test (Temporal)
LOT-0021615,Train
LOT-0021616,Train
LOT-0021617,Test (Temporal)
LOT-0021618,Train
LOT-0021619,Train
LOT-0021620,Train
LOT-0021621,Train
LOT-0021622,Train
LOT-0021623,Train
LOT-0021624,Train
LOT-0021625,Train
LOT-0021626,Train
LOT-0021627,Train
LOT-0021628,Train
LOT-0021629,Train
LOT-0021630,Train
LOT-0021631,Train
LOT-0021632,Train
LOT-0021633,Train
LOT-0021634,Train
LOT-0021635,Train
LOT-0021636,Train
LOT-0021637,Train
LOT-0021638,Train
LOT-0021639,Train
LOT-0021640,Train
LOT-0021641,Test (Temporal)
LOT-0021642,Train
LOT-0021643,Train
LOT-0021644,Train
LOT-0021645,Train
LOT-0021646,Train
LOT-0021647,Train
LOT-0021648,Train
LOT-0021649,Train
LOT-0021650,Train
LOT-0021651,Train
LOT-0021652,Train
LOT-0021653,Train
LOT-0021654,Train
LOT-0021655,Train
LOT-0021656,Train
LOT-0021657,Train
LOT-0021658,Train
LOT-0021659,Train
LOT-0021660,Train
LOT-0021661,Train
LOT-0021662,Test (Temporal)
LOT-0021663,Train
LOT-0021664,Test (Temporal)
LOT-0021665,Train
LOT-0021666,Test (Temporal)
LOT-0021667,Train
LOT-0021668,Train
LOT-0021669,Train
LOT-0021670,Test (Temporal)
LOT-0021671,Train
LOT-0021672,Test (Temporal)
LOT-0021673,Train
LOT-0021674,Test (Temporal)
LOT-0021675,Train
LOT-0021676,Test (Temporal)
LOT-0021677,Train
LOT-0021678,Train
LOT-0021679,Train
LOT-0021680,Train
LOT-0021681,Train
LOT-0021682,Train
LOT-0021683,Train
LOT-0021684,Train
LOT-0021685,Train
LOT-0021686,Train
LOT-0021687,Train
LOT-0021688,Test (Temporal)
LOT-0021689,Train
LOT-0021690,Train
LOT-0021691,Train
LOT-0021692,Train
LOT-0021693,Train
LOT-0021694,Train
LOT-0021695,Train
LOT-0021696,Test (Temporal)
LOT-0021697,Train
LOT-0021698,Test (Temporal)
LOT-0021699,Train
LOT-0021700,Train
LOT-0021701,Test (Temporal)
LOT-0021702,Train
LOT-0021703,Train
LOT-0021704,Train
LOT-0021705,Train
LOT-0021706,Train
LOT-0021707,Train
LOT-0021708,Test (Temporal)
LOT-0021709,Train
LOT-0021710,Train
LOT-0021711,Train
LOT-0021712,Train
LOT-0021713,Train
LOT-0021714,Train
LOT-0021715,Train
LOT-0021716,Test (Temporal)
LOT-0021717,Train
LOT-0021718,Train
LOT-0021719,Train
LOT-0021720,Train
LOT-0021721,Train
LOT-0021722,Test (Temporal)
LOT-0021723,Test (Temporal)
LOT-0021724,Train
LOT-0021725,Train
LOT-0021726,Train
LOT-0021727,Train
LOT-0021728,Test (Temporal)
LOT-0021729,Test (Temporal)
LOT-0021730,Train
LOT-0021731,Test (Temporal)
LOT-0021732,Train
LOT-0021733,Test (Temporal)
LOT-0021734,Train
LOT-0021735,Train
LOT-0021736,Train
LOT-0021737,Train
LOT-0021738,Train
LOT-0021739,Train
LOT-0021740,Train
LOT-0021741,Train
LOT-0021742,Train
LOT-0021743,Test (Temporal)
LOT-0021744,Train
LOT-0021745,Train
LOT-0021746,Train
LOT-0021747,Train
LOT-0021748,Train
LOT-0021749,Train
LOT-0021750,Train
LOT-0021751,Train
LOT-0021752,Train
LOT-0021753,Train
LOT-0021754,Train
LOT-0021755,Train
LOT-0021756,Train
LOT-0021757,Train
LOT-0021758,Train
LOT-0021759,Test (Temporal)
LOT-0021760,Train
LOT-0021761,Train
LOT-0021762,Test (Temporal)
LOT-0021763,Train
LOT-0021764,Train
LOT-0021765,Train
LOT-0021766,Train
LOT-0021767,Train
LOT-0021768,Train
LOT-0021769,Train
LOT-0021770,Train
LOT-0021771,Test (Temporal)
LOT-0021772,Test (Temporal)
LOT-0021773,Train
LOT-0021774,Train
LOT-0021775,Train
LOT-0021776,Train
LOT-0021777,Train
LOT-0021778,Test (Temporal)
LOT-0021779,Train
LOT-0021780,Train
LOT-0021781,Train
LOT-0021782,Train
LOT-0021783,Train
LOT-0021784,Train
LOT-0021785,Train
LOT-0021786,Train
LOT-0021787,Train
LOT-0021788,Train
LOT-0021789,Train
LOT-0021790,Train
LOT-0021791,Train
LOT-0021792,Train
LOT-0021793,Train
LOT-0021794,Train
LOT-0021795,Train
LOT-0021796,Train
LOT-0021797,Train
LOT-0021798,Train
LOT-0021799,Test (Temporal)
LOT-0021800,Train
LOT-0021801,Train
LOT-0021802,Train
LOT-0021803,Train
LOT-0021804,Train
LOT-0021805,Train
LOT-0021806,Train
LOT-0021807,Train
LOT-0021808,Train
LOT-0021809,Train
LOT-0021810,Train
LOT-0021811,Train
LOT-0021812,Train
LOT-0021813,Train
LOT-0021814,Test (Temporal)
LOT-0021815,Train
LOT-0021816,Train
LOT-0021817,Train
LOT-0021818,Train
LOT-0021819,Train
LOT-0021820,Train
LOT-0021821,Train
LOT-0021822,Test (Temporal)
LOT-0021823,Train
LOT-0021824,Train
LOT-0021825,Train
LOT-0021826,Train
LOT-0021827,Train
LOT-0021828,Train
LOT-0021829,Train
LOT-0021830,Train
LOT-0021831,Train
LOT-0021832,Test (Temporal)
LOT-0021833,Test (Temporal)
LOT-0021834,Train
LOT-0021835,Train
LOT-0021836,Train
LOT-0021837,Test (Temporal)
LOT-0021838,Test (Temporal)
LOT-0021839,Train
LOT-0021840,Train
LOT-0021841,Train
LOT-0021842,Train
LOT-0021843,Test (Temporal)
LOT-0021844,Test (Temporal)
LOT-0021845,Train
LOT-0021846,Train
LOT-0021847,Train
LOT-0021848,Test (Temporal)
LOT-0021849,Train
LOT-0021850,Train
LOT-0021851,Train
LOT-0021852,Train
LOT-0021853,Train
LOT-0021854,Test (Temporal)
LOT-0021855,Train
LOT-0021856,Train
LOT-0021857,Test (Temporal)
LOT-0021858,Train
LOT-0021859,Train
LOT-0021860,Train
LOT-0021861,Train
LOT-0021862,Train
LOT-0021863,Train
LOT-0021864,Train
LOT-0021865,Train
LOT-0021866,Train
LOT-0021867,Train
LOT-0021868,Train
LOT-0021869,Train
LOT-0021870,Train
LOT-0021871,Train
LOT-0021872,Train
LOT-0021873,Train
LOT-0021874,Train
LOT-0021875,Train
LOT-0021876,Train
LOT-0021877,Train
LOT-0021878,Train
LOT-0021879,Train
LOT-0021880,Train
LOT-0021881,Train
LOT-0021882,Train
LOT-0021883,Train
LOT-0021884,Train
LOT-0021885,Train
LOT-0021886,Train
LOT-0021887,Train
LOT-0021888,Train
LOT-0021889,Train
LOT-0021890,Train
LOT-0021891,Train
LOT-0021892,Train
LOT-0021893,Train
LOT-0021894,Train
LOT-0021895,Train
LOT-0021896,Train
LOT-0021897,Test (Temporal)
LOT-0021898,Test (Temporal)
LOT-0021899,Train
LOT-0021900,Train
LOT-0021901,Train
LOT-0021902,Train
LOT-0021903,Train
LOT-0021904,Train
LOT-0021905,Train
LOT-0021906,Train
LOT-0021907,Train
LOT-0021908,Test (Temporal)
LOT-0021909,Test (Temporal)
LOT-0021910,Train
LOT-0021911,Test (Temporal)
LOT-0021912,Train
LOT-0021913,Train
LOT-0021914,Train
LOT-0021915,Train
LOT-0021916,Train
LOT-0021917,Train
LOT-0021918,Test (Temporal)
LOT-0021919,Train
LOT-0021920,Test (Temporal)
LOT-0021921,Train
LOT-0021922,Train
LOT-0021923,Train
LOT-0021924,Test (Temporal)
LOT-0021925,Train
LOT-0021926,Train
LOT-0021927,Train
LOT-0021928,Train
LOT-0021929,Train
LOT-0021930,Train
LOT-0021931,Train
LOT-0021932,Train
LOT-0021933,Train
LOT-0021934,Train
LOT-0021935,Train
LOT-0021936,Train
LOT-0021937,Train
LOT-0021938,Train
LOT-0021939,Train
LOT-0021940,Train
LOT-0021941,Train
LOT-0021942,Train
LOT-0021943,Train
LOT-0021944,Train
LOT-0021945,Test (Temporal)
LOT-0021946,Train
LOT-0021947,Train
LOT-0021948,Train
LOT-0021949,Train
LOT-0021950,Test (Temporal)
LOT-0021951,Test (Temporal)
LOT-0021952,Train
LOT-0021953,Train
LOT-0021954,Train
LOT-0021955,Train
LOT-0021956,Test (Temporal)
LOT-0021957,Train
LOT-0021958,Train
LOT-0021959,Train
LOT-0021960,Train
LOT-0021961,Train
LOT-0021962,Train
LOT-0021963,Train
LOT-0021964,Train
LOT-0021965,Train
LOT-0021966,Train
LOT-0021967,Train
LOT-0021968,Test (Temporal)
LOT-0021969,Train
LOT-0021970,Train
LOT-0021971,Test (Temporal)
LOT-0021972,Test (Temporal)
LOT-0021973,Train
LOT-0021974,Train
LOT-0021975,Train
LOT-0021976,Train
LOT-0021977,Test (Temporal)
LOT-0021978,Train
LOT-0021979,Test (Temporal)
LOT-0021980,Train
LOT-0021981,Test (Temporal)
LOT-0021982,Train
LOT-0021983,Test (Temporal)
LOT-0021984,Train
LOT-0021985,Train
LOT-0021986,Train
LOT-0021987,Train
LOT-0021988,Train
LOT-0021989,Train
LOT-0021990,Train
LOT-0021991,Train
LOT-0021992,Test (Temporal)
LOT-0021993,Train
LOT-0021994,Train
LOT-0021995,Test (Temporal)
LOT-0021996,Train
LOT-0021997,Train
LOT-0021998,Train
LOT-0021999,Train
LOT-0022000,Test (Temporal)
LOT-0022001,Train
LOT-0022002,Train
LOT-0022003,Train
LOT-0022004,Train
LOT-0022005,Train
LOT-0022006,Test (Temporal)
LOT-0022007,Train
LOT-0022008,Test (Temporal)
LOT-0022009,Test (Temporal)
LOT-0022010,Train
LOT-0022011,Train
LOT-0022012,Train
LOT-0022013,Train
LOT-0022014,Train
LOT-0022015,Test (Temporal)
LOT-0022016,Train
LOT-0022017,Train
LOT-0022018,Train
LOT-0022019,Train
LOT-0022020,Test (Temporal)
LOT-0022021,Test (Temporal)
LOT-0022022,Train
LOT-0022023,Train
LOT-0022024,Train
LOT-0022025,Train
LOT-0022026,Train
LOT-0022027,Train
LOT-0022028,Train
LOT-0022029,Train
LOT-0022030,Train
LOT-0022031,Train
LOT-0022032,Test (Temporal)
LOT-0022033,Train
LOT-0022034,Train
LOT-0022035,Train
LOT-0022036,Train
LOT-0022037,Train
LOT-0022038,Train
LOT-0022039,Train
LOT-0022040,Train
LOT-0022041,Train
LOT-0022042,Train
LOT-0022043,Train
LOT-0022044,Train
LOT-0022045,Train
LOT-0022046,Train
LOT-0022047,Train
LOT-0022048,Test (Temporal)
LOT-0022049,Train
LOT-0022050,Train
LOT-0022051,Train
LOT-0022052,Train
LOT-0022053,Train
LOT-0022054,Test (Temporal)
LOT-0022055,Train
LOT-0022056,Train
LOT-0022057,Train
LOT-0022058,Train
LOT-0022059,Train
LOT-0022060,Test (Temporal)
LOT-0022061,Train
LOT-0022062,Train
LOT-0022063,Train
LOT-0022064,Train
LOT-0022065,Train
LOT-0022066,Test (Temporal)
LOT-0022067,Train
LOT-0022068,Train
LOT-0022069,Train
LOT-0022070,Train
LOT-0022071,Train
LOT-0022072,Train
LOT-0022073,Train
LOT-0022074,Train
LOT-0022075,Train
LOT-0022076,Train
LOT-0022077,Train
LOT-0022078,Test (Temporal)
LOT-0022079,Test (Temporal)
LOT-0022080,Train
LOT-0022081,Train
LOT-0022082,Train
LOT-0022083,Test (Temporal)
LOT-0022084,Train
LOT-0022085,Train
LOT-0022086,Train
LOT-0022087,Test (Temporal)
LOT-0022088,Train
LOT-0022089,Train
LOT-0022090,Train
LOT-0022091,Train
LOT-0022092,Train
LOT-0022093,Train
LOT-0022094,Train
LOT-0022095,Train
LOT-0022096,Train
LOT-0022097,Train
LOT-0022098,Train
LOT-0022099,Train
LOT-0022100,Train
LOT-0022101,Train
LOT-0022102,Train
LOT-0022103,Train
LOT-0022104,Train
LOT-0022105,Test (Temporal)
LOT-0022106,Train
LOT-0022107,Train
LOT-0022108,Train
LOT-0022109,Train
LOT-0022110,Train
LOT-0022111,Train
LOT-0022112,Train
LOT-0022113,Train
LOT-0022114,Train
LOT-0022115,Train
LOT-0022116,Train
LOT-0022117,Test (Temporal)
LOT-0022118,Train
LOT-0022119,Test (Temporal)
LOT-0022120,Train
LOT-0022121,Train
LOT-0022122,Train
LOT-0022123,Train
LOT-0022124,Train
LOT-0022125,Train
LOT-0022126,Train
LOT-0022127,Train
LOT-0022128,Test (Temporal)
LOT-0022129,Train
LOT-0022130,Train
LOT-0022131,Train
LOT-0022132,Train
LOT-0022133,Test (Temporal)
LOT-0022134,Train
LOT-0022135,Train
LOT-0022136,Train
LOT-0022137,Train
LOT-0022138,Train
LOT-0022139,Train
LOT-0022140,Train
LOT-0022141,Test (Temporal)
LOT-0022142,Train
LOT-0022143,Train
LOT-0022144,Train
LOT-0022145,Train
LOT-0022146,Train
LOT-0022147,Test (Temporal)
LOT-0022148,Train
LOT-0022149,Train
LOT-0022150,Train
LOT-0022151,Train
LOT-0022152,Test (Temporal)
LOT-0022153,Train
LOT-0022154,Train
LOT-0022155,Test (Temporal)
LOT-0022156,Train
LOT-0022157,Test (Temporal)
LOT-0022158,Train
LOT-0022159,Train
LOT-0022160,Train
LOT-0022161,Train
LOT-0022162,Train
LOT-0022163,Train
LOT-0022164,Train
LOT-0022165,Test (Temporal)
LOT-0022166,Train
LOT-0022167,Test (Temporal)
LOT-0022168,Train
LOT-0022169,Train
LOT-0022170,Train
LOT-0022171,Train
LOT-0022172,Train
LOT-0022173,Train
LOT-0022174,Test (Temporal)
LOT-0022175,Train
LOT-0022176,Train
LOT-0022177,Train
LOT-0022178,Train
LOT-0022179,Train
LOT-0022180,Train
LOT-0022181,Train
LOT-0022182,Train
LOT-0022183,Train
LOT-0022184,Train
LOT-0022185,Test (Temporal)
LOT-0022186,Test (Temporal)
LOT-0022187,Test (Temporal)
LOT-0022188,Train
LOT-0022189,Train
LOT-0022190,Train
LOT-0022191,Train
LOT-0022192,Train
LOT-0022193,Train
LOT-0022194,Train
LOT-0022195,Train
LOT-0022196,Train
LOT-0022197,Test (Temporal)
LOT-0022198,Train
LOT-0022199,Train
LOT-0022200,Train
LOT-0022201,Train
LOT-0022202,Train
LOT-0022203,Test (Temporal)
LOT-0022204,Train
LOT-0022205,Train
LOT-0022206,Train
LOT-0022207,Train
LOT-0022208,Train
LOT-0022209,Train
LOT-0022210,Train
LOT-0022211,Train
LOT-0022212,Train
LOT-0022213,Test (Temporal)
LOT-0022214,Test (Temporal)
LOT-0022215,Train
LOT-0022216,Train
LOT-0022217,Train
LOT-0022218,Train
LOT-0022219,Train
LOT-0022220,Train
LOT-0022221,Train
LOT-0022222,Test (Temporal)
LOT-0022223,Train
LOT-0022224,Train
LOT-0022225,Train
LOT-0022226,Train
LOT-0022227,Train
LOT-0022228,Train
LOT-0022229,Train
LOT-0022230,Train
LOT-0022231,Train
LOT-0022232,Train
LOT-0022233,Test (Temporal)
LOT-0022234,Train
LOT-0022235,Train
LOT-0022236,Train
LOT-0022237,Train
LOT-0022238,Train
LOT-0022239,Test (Temporal)
LOT-0022240,Test (Temporal)
LOT-0022241,Train
LOT-0022242,Train
LOT-0022243,Train
LOT-0022244,Train
LOT-0022245,Train
LOT-0022246,Train
LOT-0022247,Train
LOT-0022248,Train
LOT-0022249,Train
LOT-0022250,Test (Temporal)
LOT-0022251,Test (Temporal)
LOT-0022252,Train
LOT-0022253,Test (Temporal)
LOT-0022254,Train
LOT-0022255,Train
LOT-0022256,Train
LOT-0022257,Test (Temporal)
LOT-0022258,Train
LOT-0022259,Train
LOT-0022260,Train
LOT-0022261,Train
LOT-0022262,Train
LOT-0022263,Train
LOT-0022264,Train
LOT-0022265,Test (Temporal)
LOT-0022266,Train
LOT-0022267,Train
LOT-0022268,Train
LOT-0022269,Train
LOT-0022270,Train
LOT-0022271,Train
LOT-0022272,Test (Temporal)
LOT-0022273,Train
LOT-0022274,Train
LOT-0022275,Test (Temporal)
LOT-0022276,Train
LOT-0022277,Train
LOT-0022278,Train
LOT-0022279,Train
LOT-0022280,Train
LOT-0022281,Train
LOT-0022282,Train
LOT-0022283,Train
LOT-0022284,Test (Temporal)
LOT-0022285,Train
LOT-0022286,Train
LOT-0022287,Train
LOT-0022288,Train
LOT-0022289,Train
LOT-0022290,Train
LOT-0022291,Train
LOT-0022292,Train
LOT-0022293,Train
LOT-0022294,Train
LOT-0022295,Train
LOT-0022296,Train
LOT-0022297,Train
LOT-0022298,Train
LOT-0022299,Train
LOT-0022300,Test (Temporal)
LOT-0022301,Train
LOT-0022302,Train
LOT-0022303,Train
LOT-0022304,Test (Temporal)
LOT-0022305,Train
LOT-0022306,Train
LOT-0022307,Train
LOT-0022308,Train
LOT-0022309,Train
LOT-0022310,Train
LOT-0022311,Train
LOT-0022312,Train
LOT-0022313,Train
LOT-0022314,Train
LOT-0022315,Train
LOT-0022316,Test (Temporal)
LOT-0022317,Train
LOT-0022318,Train
LOT-0022319,Test (Temporal)
LOT-0022320,Train
LOT-0022321,Train
LOT-0022322,Train
LOT-0022323,Train
LOT-0022324,Train
LOT-0022325,Test (Temporal)
LOT-0022326,Train
LOT-0022327,Train
LOT-0022328,Train
LOT-0022329,Train
LOT-0022330,Train
LOT-0022331,Train
LOT-0022332,Test (Temporal)
LOT-0022333,Train
LOT-0022334,Train
LOT-0022335,Train
LOT-0022336,Train
LOT-0022337,Train
LOT-0022338,Train
LOT-0022339,Test (Temporal)
LOT-0022340,Train
LOT-0022341,Train
LOT-0022342,Train
LOT-0022343,Test (Temporal)
LOT-0022344,Train
LOT-0022345,Train
LOT-0022346,Train
LOT-0022347,Train
LOT-0022348,Train
LOT-0022349,Train
LOT-0022350,Test (Temporal)
LOT-0022351,Train
LOT-0022352,Train
LOT-0022353,Train
LOT-0022354,Train
LOT-0022355,Test (Temporal)
LOT-0022356,Test (Temporal)
LOT-0022357,Train
LOT-0022358,Train
LOT-0022359,Train
LOT-0022360,Test (Temporal)
LOT-0022361,Train
LOT-0022362,Test (Temporal)
LOT-0022363,Train
LOT-0022364,Train
LOT-0022365,Train
LOT-0022366,Train
LOT-0022367,Train
LOT-0022368,Train
LOT-0022369,Train
LOT-0022370,Train
LOT-0022371,Train
LOT-0022372,Train
LOT-0022373,Train
LOT-0022374,Train
LOT-0022375,Train
LOT-0022376,Train
LOT-0022377,Train
LOT-0022378,Train
LOT-0022379,Train
LOT-0022380,Train
LOT-0022381,Train
LOT-0022382,Train
LOT-0022383,Train
LOT-0022384,Train
LOT-0022385,Train
LOT-0022386,Train
LOT-0022387,Train
LOT-0022388,Train
LOT-0022389,Train
LOT-0022390,Train
LOT-0022391,Train
LOT-0022392,Train
LOT-0022393,Train
LOT-0022394,Train
LOT-0022395,Test (Temporal)
LOT-0022396,Train
LOT-0022397,Train
LOT-0022398,Train
LOT-0022399,Train
LOT-0022400,Train
LOT-0022401,Train
LOT-0022402,Train
LOT-0022403,Train
LOT-0022404,Train
LOT-0022405,Train
LOT-0022406,Train
LOT-0022407,Train
LOT-0022408,Train
LOT-0022409,Train
LOT-0022410,Train
LOT-0022411,Train
LOT-0022412,Train
LOT-0022413,Train
LOT-0022414,Train
LOT-0022415,Train
LOT-0022416,Test (Temporal)
LOT-0022417,Train
LOT-0022418,Test (Temporal)
LOT-0022419,Train
LOT-0022420,Test (Temporal)
LOT-0022421,Train
LOT-0022422,Train
LOT-0022423,Train
LOT-0022424,Train
LOT-0022425,Train
LOT-0022426,Test (Temporal)
LOT-0022427,Train
LOT-0022428,Train
LOT-0022429,Train
LOT-0022430,Train
LOT-0022431,Train
LOT-0022432,Train
LOT-0022433,Train
LOT-0022434,Train
LOT-0022435,Test (Temporal)
LOT-0022436,Train
LOT-0022437,Train
LOT-0022438,Test (Temporal)
LOT-0022439,Train
LOT-0022440,Train
LOT-0022441,Test (Temporal)
LOT-0022442,Train
LOT-0022443,Train
LOT-0022444,Train
LOT-0022445,Train
LOT-0022446,Train
LOT-0022447,Train
LOT-0022448,Train
LOT-0022449,Train
LOT-0022450,Train
LOT-0022451,Train
LOT-0022452,Test (Temporal)
LOT-0022453,Train
LOT-0022454,Train
LOT-0022455,Train
LOT-0022456,Train
LOT-0022457,Train
LOT-0022458,Train
LOT-0022459,Train
LOT-0022460,Train
LOT-0022461,Test (Temporal)
LOT-0022462,Train
LOT-0022463,Train
LOT-0022464,Train
LOT-0022465,Train
LOT-0022466,Train
LOT-0022467,Test (Temporal)
LOT-0022468,Train
LOT-0022469,Train
LOT-0022470,Train
LOT-0022471,Train
LOT-0022472,Train
LOT-0022473,Train
LOT-0022474,Train
LOT-0022475,Train
LOT-0022476,Train
LOT-0022477,Train
LOT-0022478,Test (Temporal)
LOT-0022479,Test (Temporal)
LOT-0022480,Train
LOT-0022481,Train
LOT-0022482,Train
LOT-0022483,Train
LOT-0022484,Train
LOT-0022485,Train
LOT-0022486,Train
LOT-0022487,Train
LOT-0022488,Train
LOT-0022489,Train
LOT-0022490,Train
LOT-0022491,Train
LOT-0022492,Train
LOT-0022493,Test (Temporal)
LOT-0022494,Train
LOT-0022495,Train
LOT-0022496,Train
LOT-0022497,Train
LOT-0022498,Train
LOT-0022499,Train
LOT-0022500,Train
LOT-0022501,Test (Temporal)
LOT-0022502,Train
LOT-0022503,Test (Temporal)
LOT-0022504,Train
LOT-0022505,Train
LOT-0022506,Train
LOT-0022507,Train
LOT-0022508,Train
LOT-0022509,Test (Temporal)
LOT-0022510,Train
LOT-0022511,Train
LOT-0022512,Train
LOT-0022513,Train
LOT-0022514,Train
LOT-0022515,Train
LOT-0022516,Train
LOT-0022517,Test (Temporal)
LOT-0022518,Train
LOT-0022519,Train
LOT-0022520,Train
LOT-0022521,Train
LOT-0022522,Train
LOT-0022523,Train
LOT-0022524,Train
LOT-0022525,Train
LOT-0022526,Train
LOT-0022527,Train
LOT-0022528,Train
LOT-0022529,Train
LOT-0022530,Test (Temporal)
LOT-0022531,Train
LOT-0022532,Train
LOT-0022533,Train
LOT-0022534,Test (Temporal)
LOT-0022535,Train
LOT-0022536,Train
LOT-0022537,Test (Temporal)
LOT-0022538,Train
LOT-0022539,Train
LOT-0022540,Train
LOT-0022541,Train
LOT-0022542,Train
LOT-0022543,Train
LOT-0022544,Train
LOT-0022545,Train
LOT-0022546,Test (Temporal)
LOT-0022547,Train
LOT-0022548,Train
LOT-0022549,Train
LOT-0022550,Train
LOT-0022551,Train
LOT-0022552,Train
LOT-0022553,Train
LOT-0022554,Train
LOT-0022555,Train
LOT-0022556,Train
LOT-0022557,Train
LOT-0022558,Train
LOT-0022559,Train
LOT-0022560,Train
LOT-0022561,Train
LOT-0022562,Train
LOT-0022563,Test (Temporal)
LOT-0022564,Train
LOT-0022565,Train
LOT-0022566,Train
LOT-0022567,Train
LOT-0022568,Train
LOT-0022569,Train
LOT-0022570,Train
LOT-0022571,Train
LOT-0022572,Test (Temporal)
LOT-0022573,Test (Temporal)
LOT-0022574,Train
LOT-0022575,Train
LOT-0022576,Train
LOT-0022577,Train
LOT-0022578,Train
LOT-0022579,Train
LOT-0022580,Train
LOT-0022581,Train
LOT-0022582,Train
LOT-0022583,Train
LOT-0022584,Train
LOT-0022585,Train
LOT-0022586,Train
LOT-0022587,Train
LOT-0022588,Train
LOT-0022589,Train
LOT-0022590,Train
LOT-0022591,Train
LOT-0022592,Train
LOT-0022593,Train
LOT-0022594,Train
LOT-0022595,Train
LOT-0022596,Train
LOT-0022597,Train
LOT-0022598,Train
LOT-0022599,Train
LOT-0022600,Train
LOT-0022601,Train
LOT-0022602,Train
LOT-0022603,Test (Temporal)
LOT-0022604,Train
LOT-0022605,Train
LOT-0022606,Train
LOT-0022607,Train
LOT-0022608,Train
LOT-0022609,Train
LOT-0022610,Train
LOT-0022611,Train
LOT-0022612,Train
LOT-0022613,Test (Temporal)
LOT-0022614,Test (Temporal)
LOT-0022615,Train
LOT-0022616,Train
LOT-0022617,Train
LOT-0022618,Train
LOT-0022619,Test (Temporal)
LOT-0022620,Train
LOT-0022621,Train
LOT-0022622,Train
LOT-0022623,Train
LOT-0022624,Train
LOT-0022625,Train
LOT-0022626,Train
LOT-0022627,Train
LOT-0022628,Train
LOT-0022629,Train
LOT-0022630,Train
LOT-0022631,Train
LOT-0022632,Train
LOT-0022633,Train
LOT-0022634,Train
LOT-0022635,Train
LOT-0022636,Test (Temporal)
LOT-0022637,Train
LOT-0022638,Train
LOT-0022639,Train
LOT-0022640,Train
LOT-0022641,Train
LOT-0022642,Train
LOT-0022643,Train
LOT-0022644,Train
LOT-0022645,Train
LOT-0022646,Train
LOT-0022647,Train
LOT-0022648,Train
LOT-0022649,Train
LOT-0022650,Train
LOT-0022651,Train
LOT-0022652,Train
LOT-0022653,Test (Temporal)
LOT-0022654,Train
LOT-0022655,Train
LOT-0022656,Train
LOT-0022657,Train
LOT-0022658,Test (Temporal)
LOT-0022659,Train
LOT-0022660,Train
LOT-0022661,Train
LOT-0022662,Train
LOT-0022663,Test (Temporal)
LOT-0022664,Train
LOT-0022665,Test (Temporal)
LOT-0022666,Train
LOT-0022667,Train
LOT-0022668,Test (Temporal)
LOT-0022669,Train
LOT-0022670,Train
LOT-0022671,Train
LOT-0022672,Test (Temporal)
LOT-0022673,Train
LOT-0022674,Train
LOT-0022675,Train
LOT-0022676,Test (Temporal)
LOT-0022677,Test (Temporal)
LOT-0022678,Test (Temporal)
LOT-0022679,Train
LOT-0022680,Train
LOT-0022681,Train
LOT-0022682,Train
LOT-0022683,Test (Temporal)
LOT-0022684,Train
LOT-0022685,Train
LOT-0022686,Train
LOT-0022687,Train
LOT-0022688,Train
LOT-0022689,Train
LOT-0022690,Train
LOT-0022691,Train
LOT-0022692,Train
LOT-0022693,Train
LOT-0022694,Train
LOT-0022695,Test (Temporal)
LOT-0022696,Train
LOT-0022697,Train
LOT-0022698,Test (Temporal)
LOT-0022699,Train
LOT-0022700,Train
LOT-0022701,Train
LOT-0022702,Train
LOT-0022703,Train
LOT-0022704,Train
LOT-0022705,Train
LOT-0022706,Train
LOT-0022707,Train
LOT-0022708,Train
LOT-0022709,Train
LOT-0022710,Train
LOT-0022711,Train
LOT-0022712,Test (Temporal)
LOT-0022713,Train
LOT-0022714,Train
LOT-0022715,Train
LOT-0022716,Train
LOT-0022717,Train
LOT-0022718,Train
LOT-0022719,Test (Temporal)
LOT-0022720,Train
LOT-0022721,Train
LOT-0022722,Test (Temporal)
LOT-0022723,Train
LOT-0022724,Train
LOT-0022725,Train
LOT-0022726,Train
LOT-0022727,Train
LOT-0022728,Train
LOT-0022729,Train
LOT-0022730,Train
LOT-0022731,Train
LOT-0022732,Test (Temporal)
LOT-0022733,Train
LOT-0022734,Train
LOT-0022735,Train
LOT-0022736,Train
LOT-0022737,Train
LOT-0022738,Train
LOT-0022739,Train
LOT-0022740,Train
LOT-0022741,Train
LOT-0022742,Train
LOT-0022743,Train
LOT-0022744,Train
LOT-0022745,Train
LOT-0022746,Train
LOT-0022747,Train
LOT-0022748,Test (Temporal)
LOT-0022749,Train
LOT-0022750,Test (Temporal)
LOT-0022751,Test (Temporal)
LOT-0022752,Train
LOT-0022753,Train
LOT-0022754,Train
LOT-0022755,Train
LOT-0022756,Train
LOT-0022757,Train
LOT-0022758,Test (Temporal)
LOT-0022759,Train
LOT-0022760,Train
LOT-0022761,Train
LOT-0022762,Train
LOT-0022763,Train
LOT-0022764,Test (Temporal)
LOT-0022765,Train
LOT-0022766,Train
LOT-0022767,Train
LOT-0022768,Train
LOT-0022769,Train
LOT-0022770,Train
LOT-0022771,Test (Temporal)
LOT-0022772,Train
LOT-0022773,Train
LOT-0022774,Train
LOT-0022775,Train
LOT-0022776,Train
LOT-0022777,Train
LOT-0022778,Test (Temporal)
LOT-0022779,Train
LOT-0022780,Train
LOT-0022781,Train
LOT-0022782,Test (Temporal)
LOT-0022783,Train
LOT-0022784,Test (Temporal)
LOT-0022785,Train
LOT-0022786,Train
LOT-0022787,Train
LOT-0022788,Train
LOT-0022789,Train
LOT-0022790,Train
LOT-0022791,Train
LOT-0022792,Train
LOT-0022793,Train
LOT-0022794,Test (Temporal)
LOT-0022795,Train
LOT-0022796,Train
LOT-0022797,Train
LOT-0022798,Train
LOT-0022799,Train
LOT-0022800,Train
LOT-0022801,Test (Temporal)
LOT-0022802,Train
LOT-0022803,Train
LOT-0022804,Train
LOT-0022805,Train
LOT-0022806,Train
LOT-0022807,Train
LOT-0022808,Train
LOT-0022809,Test (Temporal)
LOT-0022810,Train
LOT-0022811,Train
LOT-0022812,Train
LOT-0022813,Train
LOT-0022814,Train
LOT-0022815,Train
LOT-0022816,Train
LOT-0022817,Train
LOT-0022818,Test (Temporal)
LOT-0022819,Train
LOT-0022820,Train
LOT-0022821,Train
LOT-0022822,Test (Temporal)
LOT-0022823,Train
LOT-0022824,Train
LOT-0022825,Train
LOT-0022826,Train
LOT-0022827,Train
LOT-0022828,Train
LOT-0022829,Train
LOT-0022830,Train
LOT-0022831,Train
LOT-0022832,Train
LOT-0022833,Train
LOT-0022834,Train
LOT-0022835,Test (Temporal)
LOT-0022836,Train
LOT-0022837,Train
LOT-0022838,Train
LOT-0022839,Train
LOT-0022840,Train
LOT-0022841,Train
LOT-0022842,Train
LOT-0022843,Train
LOT-0022844,Train
LOT-0022845,Train
LOT-0022846,Train
LOT-0022847,Train
LOT-0022848,Train
LOT-0022849,Test (Temporal)
LOT-0022850,Train
LOT-0022851,Train
LOT-0022852,Train
LOT-0022853,Train
LOT-0022854,Train
LOT-0022855,Train
LOT-0022856,Train
LOT-0022857,Train
LOT-0022858,Train
LOT-0022859,Test (Temporal)
LOT-0022860,Train
LOT-0022861,Train
LOT-0022862,Train
LOT-0022863,Train
LOT-0022864,Train
LOT-0022865,Train
LOT-0022866,Train
LOT-0022867,Train
LOT-0022868,Train
LOT-0022869,Train
LOT-0022870,Train
LOT-0022871,Train
LOT-0022872,Train
LOT-0022873,Train
LOT-0022874,Train
LOT-0022875,Train
LOT-0022876,Train
LOT-0022877,Train
LOT-0022878,Train
LOT-0022879,Train
LOT-0022880,Test (Temporal)
LOT-0022881,Train
LOT-0022882,Train
LOT-0022883,Train
LOT-0022884,Test (Temporal)
LOT-0022885,Train
LOT-0022886,Test (Temporal)
LOT-0022887,Test (Temporal)
LOT-0022888,Train
LOT-0022889,Train
LOT-0022890,Train
LOT-0022891,Train
LOT-0022892,Train
LOT-0022893,Test (Temporal)
LOT-0022894,Test (Temporal)
LOT-0022895,Train
LOT-0022896,Train
LOT-0022897,Train
LOT-0022898,Train
LOT-0022899,Train
LOT-0022900,Train
LOT-0022901,Train
LOT-0022902,Test (Temporal)
LOT-0022903,Train
LOT-0022904,Train
LOT-0022905,Train
LOT-0022906,Train
LOT-0022907,Train
LOT-0022908,Train
LOT-0022909,Train
LOT-0022910,Train
LOT-0022911,Train
LOT-0022912,Train
LOT-0022913,Train
LOT-0022914,Train
LOT-0022915,Train
LOT-0022916,Train
LOT-0022917,Train
LOT-0022918,Test (Temporal)
LOT-0022919,Train
LOT-0022920,Train
LOT-0022921,Train
LOT-0022922,Train
LOT-0022923,Train
LOT-0022924,Train
LOT-0022925,Train
LOT-0022926,Train
LOT-0022927,Test (Temporal)
LOT-0022928,Train
LOT-0022929,Train
LOT-0022930,Train
LOT-0022931,Train
LOT-0022932,Train
LOT-0022933,Train
LOT-0022934,Train
LOT-0022935,Train
LOT-0022936,Train
LOT-0022937,Train
LOT-0022938,Train
LOT-0022939,Train
LOT-0022940,Test (Temporal)
LOT-0022941,Train
LOT-0022942,Train
LOT-0022943,Train
LOT-0022944,Test (Temporal)
LOT-0022945,Train
LOT-0022946,Train
LOT-0022947,Train
LOT-0022948,Train
LOT-0022949,Test (Temporal)
LOT-0022950,Train
LOT-0022951,Train
LOT-0022952,Train
LOT-0022953,Train
LOT-0022954,Test (Temporal)
LOT-0022955,Train
LOT-0022956,Train
LOT-0022957,Train
LOT-0022958,Train
LOT-0022959,Train
LOT-0022960,Test (Temporal)
LOT-0022961,Train
LOT-0022962,Test (Temporal)
LOT-0022963,Train
LOT-0022964,Train
LOT-0022965,Test (Temporal)
LOT-0022966,Train
LOT-0022967,Train
LOT-0022968,Train
LOT-0022969,Train
LOT-0022970,Train
LOT-0022971,Train
LOT-0022972,Test (Temporal)
LOT-0022973,Train
LOT-0022974,Train
LOT-0022975,Train
LOT-0022976,Train
LOT-0022977,Train
LOT-0022978,Test (Temporal)
LOT-0022979,Train
LOT-0022980,Test (Temporal)
LOT-0022981,Train
LOT-0022982,Train
LOT-0022983,Train
LOT-0022984,Train
LOT-0022985,Train
LOT-0022986,Train
LOT-0022987,Train
LOT-0022988,Train
LOT-0022989,Train
LOT-0022990,Train
LOT-0022991,Train
LOT-0022992,Train
LOT-0022993,Train
LOT-0022994,Train
LOT-0022995,Train
LOT-0022996,Train
LOT-0022997,Train
LOT-0022998,Train
LOT-0022999,Train
LOT-0023000,Train
LOT-0023001,Test (Temporal)
LOT-0023002,Test (Temporal)
LOT-0023003,Test (Temporal)
LOT-0023004,Train
LOT-0023005,Train
LOT-0023006,Test (Temporal)
LOT-0023007,Test (Temporal)
LOT-0023008,Test (Temporal)
LOT-0023009,Train
LOT-0023010,Train
LOT-0023011,Train
LOT-0023012,Train
LOT-0023013,Train
LOT-0023014,Train
LOT-0023015,Test (Temporal)
LOT-0023016,Train
LOT-0023017,Train
LOT-0023018,Test (Temporal)
LOT-0023019,Train
LOT-0023020,Test (Temporal)
LOT-0023021,Train
LOT-0023022,Train
LOT-0023023,Train
LOT-0023024,Test (Temporal)
LOT-0023025,Train
LOT-0023026,Train
LOT-0023027,Train
LOT-0023028,Test (Temporal)
LOT-0023029,Test (Temporal)
LOT-0023030,Train
LOT-0023031,Train
LOT-0023032,Test (Temporal)
LOT-0023033,Test (Temporal)
LOT-0023034,Test (Temporal)
LOT-0023035,Test (Temporal)
LOT-0023036,Test (Temporal)
LOT-0023037,Train
LOT-0023038,Test (Temporal)
LOT-0023039,Train
LOT-0023040,Train
LOT-0023041,Train
LOT-0023042,Train
LOT-0023043,Train
LOT-0023044,Train
LOT-0023045,Train
LOT-0023046,Train
LOT-0023047,Train
LOT-0023048,Train
LOT-0023049,Train
LOT-0023050,Train
LOT-0023051,Train
LOT-0023052,Train
LOT-0023053,Train
LOT-0023054,Test (Temporal)
LOT-0023055,Train
LOT-0023056,Train
LOT-0023057,Test (Temporal)
LOT-0023058,Train
LOT-0023059,Train
LOT-0023060,Train
LOT-0023061,Train
LOT-0023062,Train
LOT-0023063,Train
LOT-0023064,Train
LOT-0023065,Train
LOT-0023066,Train
LOT-0023067,Train
LOT-0023068,Train
LOT-0023069,Test (Temporal)
LOT-0023070,Train
LOT-0023071,Train
LOT-0023072,Train
LOT-0023073,Train
LOT-0023074,Test (Temporal)
LOT-0023075,Train
LOT-0023076,Train
LOT-0023077,Test (Temporal)
LOT-0023078,Train
LOT-0023079,Train
LOT-0023080,Train
LOT-0023081,Train
LOT-0023082,Train
LOT-0023083,Train
LOT-0023084,Train
LOT-0023085,Train
LOT-0023086,Test (Temporal)
LOT-0023087,Test (Temporal)
LOT-0023088,Train
LOT-0023089,Train
LOT-0023090,Train
LOT-0023091,Train
LOT-0023092,Train
LOT-0023093,Train
LOT-0023094,Train
LOT-0023095,Train
LOT-0023096,Train
LOT-0023097,Test (Temporal)
LOT-0023098,Train
LOT-0023099,Train
LOT-0023100,Train
LOT-0023101,Train
LOT-0023102,Train
LOT-0023103,Train
LOT-0023104,Train
LOT-0023105,Train
LOT-0023106,Train
LOT-0023107,Train
LOT-0023108,Train
LOT-0023109,Train
LOT-0023110,Train
LOT-0023111,Train
LOT-0023112,Test (Temporal)
LOT-0023113,Train
LOT-0023114,Train
LOT-0023115,Test (Temporal)
LOT-0023116,Train
LOT-0023117,Test (Temporal)
LOT-0023118,Train
LOT-0023119,Train
LOT-0023120,Train
LOT-0023121,Train
LOT-0023122,Train
LOT-0023123,Train
LOT-0023124,Train
LOT-0023125,Train
LOT-0023126,Test (Temporal)
LOT-0023127,Train
LOT-0023128,Train
LOT-0023129,Train
LOT-0023130,Train
LOT-0023131,Train
LOT-0023132,Train
LOT-0023133,Train
LOT-0023134,Train
LOT-0023135,Train
LOT-0023136,Train
LOT-0023137,Train
LOT-0023138,Train
LOT-0023139,Train
LOT-0023140,Train
LOT-0023141,Train
LOT-0023142,Train
LOT-0023143,Train
LOT-0023144,Train
LOT-0023145,Train
LOT-0023146,Train
LOT-0023147,Train
LOT-0023148,Train
LOT-0023149,Train
LOT-0023150,Test (Temporal)
LOT-0023151,Train
LOT-0023152,Train
LOT-0023153,Train
LOT-0023154,Train
LOT-0023155,Train
LOT-0023156,Train
LOT-0023157,Train
LOT-0023158,Train
LOT-0023159,Train
LOT-0023160,Train
LOT-0023161,Train
LOT-0023162,Train
LOT-0023163,Train
LOT-0023164,Test (Temporal)
LOT-0023165,Train
LOT-0023166,Train
LOT-0023167,Train
LOT-0023168,Train
LOT-0023169,Train
LOT-0023170,Train
LOT-0023171,Train
LOT-0023172,Train
LOT-0023173,Train
LOT-0023174,Train
LOT-0023175,Train
LOT-0023176,Train
LOT-0023177,Train
LOT-0023178,Test (Temporal)
LOT-0023179,Train
LOT-0023180,Train
LOT-0023181,Train
LOT-0023182,Train
LOT-0023183,Train
LOT-0023184,Train
LOT-0023185,Train
LOT-0023186,Train
LOT-0023187,Test (Temporal)
LOT-0023188,Train
LOT-0023189,Train
LOT-0023190,Train
LOT-0023191,Train
LOT-0023192,Train
LOT-0023193,Train
LOT-0023194,Test (Temporal)
LOT-0023195,Train
LOT-0023196,Test (Temporal)
LOT-0023197,Train
LOT-0023198,Test (Temporal)
LOT-0023199,Test (Temporal)
LOT-0023200,Train
LOT-0023201,Train
LOT-0023202,Test (Temporal)
LOT-0023203,Train
LOT-0023204,Train
LOT-0023205,Train
LOT-0023206,Train
LOT-0023207,Train
LOT-0023208,Train
LOT-0023209,Train
LOT-0023210,Train
LOT-0023211,Train
LOT-0023212,Train
LOT-0023213,Train
LOT-0023214,Train
LOT-0023215,Train
LOT-0023216,Train
LOT-0023217,Train
LOT-0023218,Train
LOT-0023219,Train
LOT-0023220,Train
LOT-0023221,Train
LOT-0023222,Train
LOT-0023223,Train
LOT-0023224,Train
LOT-0023225,Train
LOT-0023226,Train
LOT-0023227,Train
LOT-0023228,Test (Temporal)
LOT-0023229,Train
LOT-0023230,Train
LOT-0023231,Train
LOT-0023232,Train
LOT-0023233,Train
LOT-0023234,Train
LOT-0023235,Train
LOT-0023236,Train
LOT-0023237,Test (Temporal)
LOT-0023238,Train
LOT-0023239,Train
LOT-0023240,Train
LOT-0023241,Train
LOT-0023242,Train
LOT-0023243,Train
LOT-0023244,Train
LOT-0023245,Train
LOT-0023246,Train
LOT-0023247,Train
LOT-0023248,Train
LOT-0023249,Train
LOT-0023250,Test (Temporal)
LOT-0023251,Test (Temporal)
LOT-0023252,Test (Temporal)
LOT-0023253,Train
LOT-0023254,Train
LOT-0023255,Train
LOT-0023256,Train
LOT-0023257,Train
LOT-0023258,Train
LOT-0023259,Train
LOT-0023260,Train
LOT-0023261,Train
LOT-0023262,Train
LOT-0023263,Test (Temporal)
LOT-0023264,Test (Temporal)
LOT-0023265,Train
LOT-0023266,Test (Temporal)
LOT-0023267,Train
LOT-0023268,Train
LOT-0023269,Test (Temporal)
LOT-0023270,Test (Temporal)
LOT-0023271,Test (Temporal)
LOT-0023272,Train
LOT-0023273,Train
LOT-0023274,Train
LOT-0023275,Train
LOT-0023276,Train
LOT-0023277,Train
LOT-0023278,Train
LOT-0023279,Test (Temporal)
LOT-0023280,Train
LOT-0023281,Train
LOT-0023282,Train
LOT-0023283,Train
LOT-0023284,Train
LOT-0023285,Train
LOT-0023286,Train
LOT-0023287,Train
LOT-0023288,Test (Temporal)
LOT-0023289,Train
LOT-0023290,Train
LOT-0023291,Train
LOT-0023292,Train
LOT-0023293,Test (Temporal)
LOT-0023294,Train
LOT-0023295,Test (Temporal)
LOT-0023296,Train
LOT-0023297,Train
LOT-0023298,Train
LOT-0023299,Train
LOT-0023300,Train
LOT-0023301,Train
LOT-0023302,Train
LOT-0023303,Train
LOT-0023304,Train
LOT-0023305,Test (Temporal)
LOT-0023306,Train
LOT-0023307,Train
LOT-0023308,Train
LOT-0023309,Train
LOT-0023310,Train
LOT-0023311,Train
LOT-0023312,Train
LOT-0023313,Train
LOT-0023314,Train
LOT-0023315,Train
LOT-0023316,Train
LOT-0023317,Train
LOT-0023318,Test (Temporal)
LOT-0023319,Train
LOT-0023320,Train
LOT-0023321,Test (Temporal)
LOT-0023322,Test (Temporal)
LOT-0023323,Test (Temporal)
LOT-0023324,Test (Temporal)
LOT-0023325,Train
LOT-0023326,Train
LOT-0023327,Train
LOT-0023328,Train
LOT-0023329,Train
LOT-0023330,Train
LOT-0023331,Train
LOT-0023332,Train
LOT-0023333,Train
LOT-0023334,Train
LOT-0023335,Train
LOT-0023336,Train
LOT-0023337,Train
LOT-0023338,Train
LOT-0023339,Train
LOT-0023340,Train
LOT-0023341,Train
LOT-0023342,Train
LOT-0023343,Train
LOT-0023344,Train
LOT-0023345,Train
LOT-0023346,Train
LOT-0023347,Train
LOT-0023348,Train
LOT-0023349,Train
LOT-0023350,Train
LOT-0023351,Train
LOT-0023352,Train
LOT-0023353,Test (Temporal)
LOT-0023354,Train
LOT-0023355,Train
LOT-0023356,Train
LOT-0023357,Train
LOT-0023358,Train
LOT-0023359,Test (Temporal)
LOT-0023360,Train
LOT-0023361,Train
LOT-0023362,Train
LOT-0023363,Train
LOT-0023364,Train
LOT-0023365,Train
LOT-0023366,Test (Temporal)
LOT-0023367,Train
LOT-0023368,Train
LOT-0023369,Test (Temporal)
LOT-0023370,Train
LOT-0023371,Train
LOT-0023372,Test (Temporal)
LOT-0023373,Train
LOT-0023374,Train
LOT-0023375,Train
LOT-0023376,Train
LOT-0023377,Train
LOT-0023378,Train
LOT-0023379,Test (Temporal)
LOT-0023380,Train
LOT-0023381,Train
LOT-0023382,Train
LOT-0023383,Train
LOT-0023384,Train
LOT-0023385,Train
LOT-0023386,Train
LOT-0023387,Train
LOT-0023388,Train
LOT-0023389,Train
LOT-0023390,Train
LOT-0023391,Train
LOT-0023392,Test (Temporal)
LOT-0023393,Train
LOT-0023394,Test (Temporal)
LOT-0023395,Train
LOT-0023396,Train
LOT-0023397,Train
LOT-0023398,Train
LOT-0023399,Train
LOT-0023400,Train
LOT-0023401,Train
LOT-0023402,Train
LOT-0023403,Train
LOT-0023404,Train
LOT-0023405,Train
LOT-0023406,Train
LOT-0023407,Train
LOT-0023408,Train
LOT-0023409,Train
LOT-0023410,Train
LOT-0023411,Train
LOT-0023412,Train
LOT-0023413,Train
LOT-0023414,Train
LOT-0023415,Test (Temporal)
LOT-0023416,Train
LOT-0023417,Train
LOT-0023418,Train
LOT-0023419,Train
LOT-0023420,Train
LOT-0023421,Train
LOT-0023422,Train
LOT-0023423,Train
LOT-0023424,Train
LOT-0023425,Train
LOT-0023426,Train
LOT-0023427,Test (Temporal)
LOT-0023428,Train
LOT-0023429,Train
LOT-0023430,Train
LOT-0023431,Train
LOT-0023432,Train
LOT-0023433,Test (Temporal)
LOT-0023434,Train
LOT-0023435,Train
LOT-0023436,Test (Temporal)
LOT-0023437,Train
LOT-0023438,Train
LOT-0023439,Train
LOT-0023440,Train
LOT-0023441,Train
LOT-0023442,Train
LOT-0023443,Train
LOT-0023444,Train
LOT-0023445,Train
LOT-0023446,Train
LOT-0023447,Train
LOT-0023448,Train
LOT-0023449,Train
LOT-0023450,Train
LOT-0023451,Train
LOT-0023452,Train
LOT-0023453,Train
LOT-0023454,Train
LOT-0023455,Train
LOT-0023456,Train
LOT-0023457,Train
LOT-0023458,Train
LOT-0023459,Train
LOT-0023460,Train
LOT-0023461,Train
LOT-0023462,Train
LOT-0023463,Train
LOT-0023464,Train
LOT-0023465,Train
LOT-0023466,Test (Temporal)
LOT-0023467,Train
LOT-0023468,Train
LOT-0023469,Train
LOT-0023470,Train
LOT-0023471,Train
LOT-0023472,Train
LOT-0023473,Train
LOT-0023474,Train
LOT-0023475,Train
LOT-0023476,Train
LOT-0023477,Train
LOT-0023478,Train
LOT-0023479,Train
LOT-0023480,Train
LOT-0023481,Train
LOT-0023482,Train
LOT-0023483,Train
LOT-0023484,Train
LOT-0023485,Train
LOT-0023486,Train
LOT-0023487,Train
LOT-0023488,Train
LOT-0023489,Train
LOT-0023490,Train
LOT-0023491,Train
LOT-0023492,Train
LOT-0023493,Train
LOT-0023494,Train
LOT-0023495,Train
LOT-0023496,Train
LOT-0023497,Train
LOT-0023498,Train
LOT-0023499,Test (Temporal)
LOT-0023500,Train
LOT-0023501,Train
LOT-0023502,Train
LOT-0023503,Train
LOT-0023504,Train
LOT-0023505,Train
LOT-0023506,Train
LOT-0023507,Train
LOT-0023508,Train
LOT-0023509,Train
LOT-0023510,Train
LOT-0023511,Train
LOT-0023512,Test (Temporal)
LOT-0023513,Train
LOT-0023514,Train
LOT-0023515,Test (Temporal)
LOT-0023516,Train
LOT-0023517,Train
LOT-0023518,Train
LOT-0023519,Train
LOT-0023520,Train
LOT-0023521,Test (Temporal)
LOT-0023522,Train
LOT-0023523,Train
LOT-0023524,Train
LOT-0023525,Train
LOT-0023526,Train
LOT-0023527,Train
LOT-0023528,Train
LOT-0023529,Train
LOT-0023530,Train
LOT-0023531,Train
LOT-0023532,Train
LOT-0023533,Train
LOT-0023534,Train
LOT-0023535,Test (Temporal)
LOT-0023536,Test (Temporal)
LOT-0023537,Test (Temporal)
LOT-0023538,Train
LOT-0023539,Train
LOT-0023540,Test (Temporal)
LOT-0023541,Train
LOT-0023542,Train
LOT-0023543,Train
LOT-0023544,Train
LOT-0023545,Train
LOT-0023546,Train
LOT-0023547,Train
LOT-0023548,Train
LOT-0023549,Train
LOT-0023550,Train
LOT-0023551,Train
LOT-0023552,Train
LOT-0023553,Train
LOT-0023554,Train
LOT-0023555,Train
LOT-0023556,Train
LOT-0023557,Train
LOT-0023558,Train
LOT-0023559,Test (Temporal)
LOT-0023560,Train
LOT-0023561,Train
LOT-0023562,Test (Temporal)
LOT-0023563,Train
LOT-0023564,Train
LOT-0023565,Test (Temporal)
LOT-0023566,Train
LOT-0023567,Train
LOT-0023568,Train
LOT-0023569,Train
LOT-0023570,Train
LOT-0023571,Train
LOT-0023572,Train
LOT-0023573,Train
LOT-0023574,Test (Temporal)
LOT-0023575,Train
LOT-0023576,Train
LOT-0023577,Train
LOT-0023578,Train
LOT-0023579,Train
LOT-0023580,Test (Temporal)
LOT-0023581,Train
LOT-0023582,Train
LOT-0023583,Train
LOT-0023584,Train
LOT-0023585,Test (Temporal)
LOT-0023586,Train
LOT-0023587,Train
LOT-0023588,Train
LOT-0023589,Train
LOT-0023590,Train
LOT-0023591,Train
LOT-0023592,Train
LOT-0023593,Train
LOT-0023594,Train
LOT-0023595,Train
LOT-0023596,Train
LOT-0023597,Test (Temporal)
LOT-0023598,Test (Temporal)
LOT-0023599,Train
LOT-0023600,Train
LOT-0023601,Train
LOT-0023602,Train
LOT-0023603,Train
LOT-0023604,Train
LOT-0023605,Train
LOT-0023606,Train
LOT-0023607,Train
LOT-0023608,Train
LOT-0023609,Train
LOT-0023610,Train
LOT-0023611,Train
LOT-0023612,Train
LOT-0023613,Train
LOT-0023614,Train
LOT-0023615,Train
LOT-0023616,Train
LOT-0023617,Train
LOT-0023618,Train
LOT-0023619,Train
LOT-0023620,Test (Temporal)
LOT-0023621,Train
LOT-0023622,Train
LOT-0023623,Train
LOT-0023624,Train
LOT-0023625,Train
LOT-0023626,Train
LOT-0023627,Train
LOT-0023628,Train
LOT-0023629,Train
LOT-0023630,Train
LOT-0023631,Train
LOT-0023632,Train
LOT-0023633,Test (Temporal)
LOT-0023634,Train
LOT-0023635,Train
LOT-0023636,Test (Temporal)
LOT-0023637,Train
LOT-0023638,Train
LOT-0023639,Train
LOT-0023640,Train
LOT-0023641,Test (Temporal)
LOT-0023642,Train
LOT-0023643,Train
LOT-0023644,Train
LOT-0023645,Train
LOT-0023646,Train
LOT-0023647,Train
LOT-0023648,Test (Temporal)
LOT-0023649,Test (Temporal)
LOT-0023650,Train
LOT-0023651,Train
LOT-0023652,Test (Temporal)
LOT-0023653,Train
LOT-0023654,Train
LOT-0023655,Train
LOT-0023656,Train
LOT-0023657,Test (Temporal)
LOT-0023658,Test (Temporal)
LOT-0023659,Train
LOT-0023660,Train
LOT-0023661,Train
LOT-0023662,Train
LOT-0023663,Test (Temporal)
LOT-0023664,Train
LOT-0023665,Train
LOT-0023666,Train
LOT-0023667,Test (Temporal)
LOT-0023668,Train
LOT-0023669,Test (Temporal)
LOT-0023670,Train
LOT-0023671,Train
LOT-0023672,Train
LOT-0023673,Train
LOT-0023674,Train
LOT-0023675,Train
LOT-0023676,Train
LOT-0023677,Train
LOT-0023678,Train
LOT-0023679,Train
LOT-0023680,Train
LOT-0023681,Train
LOT-0023682,Train
LOT-0023683,Test (Temporal)
LOT-0023684,Train
LOT-0023685,Train
LOT-0023686,Train
LOT-0023687,Train
LOT-0023688,Train
LOT-0023689,Test (Temporal)
LOT-0023690,Train
LOT-0023691,Train
LOT-0023692,Train
LOT-0023693,Train
LOT-0023694,Test (Temporal)
LOT-0023695,Train
LOT-0023696,Train
LOT-0023697,Test (Temporal)
LOT-0023698,Train
LOT-0023699,Train
LOT-0023700,Train
LOT-0023701,Test (Temporal)
LOT-0023702,Train
LOT-0023703,Train
LOT-0023704,Train
LOT-0023705,Test (Temporal)
LOT-0023706,Train
LOT-0023707,Train
LOT-0023708,Train
LOT-0023709,Test (Temporal)
LOT-0023710,Test (Temporal)
LOT-0023711,Train
LOT-0023712,Train
LOT-0023713,Train
LOT-0023714,Train
LOT-0023715,Train
LOT-0023716,Train
LOT-0023717,Train
LOT-0023718,Train
LOT-0023719,Train
LOT-0023720,Train
LOT-0023721,Train
LOT-0023722,Train
LOT-0023723,Test (Temporal)
LOT-0023724,Train
LOT-0023725,Train
LOT-0023726,Train
LOT-0023727,Train
LOT-0023728,Train
LOT-0023729,Train
LOT-0023730,Train
LOT-0023731,Train
LOT-0023732,Train
LOT-0023733,Train
LOT-0023734,Train
LOT-0023735,Train
LOT-0023736,Train
LOT-0023737,Train
LOT-0023738,Test (Temporal)
LOT-0023739,Train
LOT-0023740,Train
LOT-0023741,Train
LOT-0023742,Test (Temporal)
LOT-0023743,Train
LOT-0023744,Train
LOT-0023745,Train
LOT-0023746,Train
LOT-0023747,Test (Temporal)
LOT-0023748,Train
LOT-0023749,Train
LOT-0023750,Train
LOT-0023751,Train
LOT-0023752,Train
LOT-0023753,Train
LOT-0023754,Train
LOT-0023755,Train
LOT-0023756,Train
LOT-0023757,Test (Temporal)
LOT-0023758,Train
LOT-0023759,Train
LOT-0023760,Train
LOT-0023761,Train
LOT-0023762,Train
LOT-0023763,Test (Temporal)
LOT-0023764,Train
LOT-0023765,Train
LOT-0023766,Train
LOT-0023767,Train
LOT-0023768,Test (Temporal)
LOT-0023769,Train
LOT-0023770,Train
LOT-0023771,Test (Temporal)
LOT-0023772,Train
LOT-0023773,Train
LOT-0023774,Test (Temporal)
LOT-0023775,Test (Temporal)
LOT-0023776,Train
LOT-0023777,Train
LOT-0023778,Test (Temporal)
LOT-0023779,Train
LOT-0023780,Train
LOT-0023781,Train
LOT-0023782,Train
LOT-0023783,Train
LOT-0023784,Train
LOT-0023785,Train
LOT-0023786,Train
LOT-0023787,Train
LOT-0023788,Train
LOT-0023789,Train
LOT-0023790,Train
LOT-0023791,Train
LOT-0023792,Train
LOT-0023793,Train
LOT-0023794,Train
LOT-0023795,Train
LOT-0023796,Train
LOT-0023797,Train
LOT-0023798,Train
LOT-0023799,Test (Temporal)
LOT-0023800,Train
LOT-0023801,Test (Temporal)
LOT-0023802,Train
LOT-0023803,Train
LOT-0023804,Train
LOT-0023805,Train
LOT-0023806,Test (Temporal)
LOT-0023807,Test (Temporal)
LOT-0023808,Train
LOT-0023809,Train
LOT-0023810,Train
LOT-0023811,Train
LOT-0023812,Train
LOT-0023813,Test (Temporal)
LOT-0023814,Test (Temporal)
LOT-0023815,Train
LOT-0023816,Train
LOT-0023817,Train
LOT-0023818,Train
LOT-0023819,Train
LOT-0023820,Train
LOT-0023821,Train
LOT-0023822,Train
LOT-0023823,Train
LOT-0023824,Train
LOT-0023825,Train
LOT-0023826,Train
LOT-0023827,Test (Temporal)
LOT-0023828,Train
LOT-0023829,Test (Temporal)
LOT-0023830,Test (Temporal)
LOT-0023831,Train
LOT-0023832,Train
LOT-0023833,Train
LOT-0023834,Train
LOT-0023835,Train
LOT-0023836,Train
LOT-0023837,Train
LOT-0023838,Test (Temporal)
LOT-0023839,Train
LOT-0023840,Train
LOT-0023841,Train
LOT-0023842,Train
LOT-0023843,Train
LOT-0023844,Train
LOT-0023845,Train
LOT-0023846,Test (Temporal)
LOT-0023847,Train
LOT-0023848,Train
LOT-0023849,Train
LOT-0023850,Test (Temporal)
LOT-0023851,Train
LOT-0023852,Train
LOT-0023853,Train
LOT-0023854,Train
LOT-0023855,Train
LOT-0023856,Train
LOT-0023857,Train
LOT-0023858,Test (Temporal)
LOT-0023859,Train
LOT-0023860,Train
LOT-0023861,Train
LOT-0023862,Train
LOT-0023863,Train
LOT-0023864,Train
LOT-0023865,Train
LOT-0023866,Train
LOT-0023867,Train
LOT-0023868,Train
LOT-0023869,Train
LOT-0023870,Train
LOT-0023871,Train
LOT-0023872,Train
LOT-0023873,Train
LOT-0023874,Train
LOT-0023875,Test (Temporal)
LOT-0023876,Train
LOT-0023877,Train
LOT-0023878,Train
LOT-0023879,Train
LOT-0023880,Train
LOT-0023881,Train
LOT-0023882,Train
LOT-0023883,Train
LOT-0023884,Train
LOT-0023885,Test (Temporal)
LOT-0023886,Train
LOT-0023887,Train
LOT-0023888,Train
LOT-0023889,Train
LOT-0023890,Train
LOT-0023891,Train
LOT-0023892,Train
LOT-0023893,Test (Temporal)
LOT-0023894,Train
LOT-0023895,Train
LOT-0023896,Train
LOT-0023897,Train
LOT-0023898,Train
LOT-0023899,Train
LOT-0023900,Train
LOT-0023901,Test (Temporal)
LOT-0023902,Train
LOT-0023903,Train
LOT-0023904,Train
LOT-0023905,Train
LOT-0023906,Train
LOT-0023907,Train
LOT-0023908,Train
LOT-0023909,Train
LOT-0023910,Train
LOT-0023911,Train
LOT-0023912,Test (Temporal)
LOT-0023913,Train
LOT-0023914,Train
LOT-0023915,Train
LOT-0023916,Train
LOT-0023917,Train
LOT-0023918,Train
LOT-0023919,Train
LOT-0023920,Train
LOT-0023921,Train
LOT-0023922,Train
LOT-0023923,Train
LOT-0023924,Train
LOT-0023925,Test (Temporal)
LOT-0023926,Train
LOT-0023927,Train
LOT-0023928,Train
LOT-0023929,Train
LOT-0023930,Train
LOT-0023931,Train
LOT-0023932,Train
LOT-0023933,Train
LOT-0023934,Train
LOT-0023935,Train
LOT-0023936,Train
LOT-0023937,Train
LOT-0023938,Train
LOT-0023939,Train
LOT-0023940,Train
LOT-0023941,Train
LOT-0023942,Train
LOT-0023943,Train
LOT-0023944,Train
LOT-0023945,Train
LOT-0023946,Train
LOT-0023947,Train
LOT-0023948,Train
LOT-0023949,Test (Temporal)
LOT-0023950,Test (Temporal)
LOT-0023951,Train
LOT-0023952,Train
LOT-0023953,Train
LOT-0023954,Train
LOT-0023955,Train
LOT-0023956,Train
LOT-0023957,Train
LOT-0023958,Train
LOT-0023959,Train
LOT-0023960,Train
LOT-0023961,Train
LOT-0023962,Train
LOT-0023963,Train
LOT-0023964,Train
LOT-0023965,Train
LOT-0023966,Train
LOT-0023967,Train
LOT-0023968,Train
LOT-0023969,Train
LOT-0023970,Test (Temporal)
LOT-0023971,Train
LOT-0023972,Train
LOT-0023973,Test (Temporal)
LOT-0023974,Train
LOT-0023975,Train
LOT-0023976,Train
LOT-0023977,Train
LOT-0023978,Train
LOT-0023979,Train
LOT-0023980,Train
LOT-0023981,Train
LOT-0023982,Train
LOT-0023983,Train
LOT-0023984,Train
LOT-0023985,Train
LOT-0023986,Train
LOT-0023987,Train
LOT-0023988,Train
LOT-0023989,Train
LOT-0023990,Train
LOT-0023991,Test (Temporal)
LOT-0023992,Train
LOT-0023993,Train
LOT-0023994,Train
LOT-0023995,Train
LOT-0023996,Train
LOT-0023997,Train
LOT-0023998,Test (Temporal)
LOT-0023999,Train
LOT-0024000,Train
LOT-0024001,Train
LOT-0024002,Train
LOT-0024003,Test (Temporal)
LOT-0024004,Train
LOT-0024005,Train
LOT-0024006,Train
LOT-0024007,Train
LOT-0024008,Train
LOT-0024009,Train
LOT-0024010,Train
LOT-0024011,Train
LOT-0024012,Train
LOT-0024013,Train
LOT-0024014,Train
LOT-0024015,Test (Temporal)
LOT-0024016,Train
LOT-0024017,Train
LOT-0024018,Train
LOT-0024019,Train
LOT-0024020,Train
LOT-0024021,Train
LOT-0024022,Train
LOT-0024023,Train
LOT-0024024,Train
LOT-0024025,Train
LOT-0024026,Train
LOT-0024027,Train
LOT-0024028,Test (Temporal)
LOT-0024029,Train
LOT-0024030,Train
LOT-0024031,Train
LOT-0024032,Train
LOT-0024033,Train
LOT-0024034,Train
LOT-0024035,Test (Temporal)
LOT-0024036,Train
LOT-0024037,Train
LOT-0024038,Train
LOT-0024039,Train
LOT-0024040,Train
LOT-0024041,Train
LOT-0024042,Test (Temporal)
LOT-0024043,Train
LOT-0024044,Test (Temporal)
LOT-0024045,Train
LOT-0024046,Train
LOT-0024047,Train
LOT-0024048,Train
LOT-0024049,Train
LOT-0024050,Train
LOT-0024051,Train
LOT-0024052,Train
LOT-0024053,Train
LOT-0024054,Train
LOT-0024055,Test (Temporal)
LOT-0024056,Train
LOT-0024057,Train
LOT-0024058,Train
LOT-0024059,Test (Temporal)
LOT-0024060,Train
LOT-0024061,Train
LOT-0024062,Train
LOT-0024063,Train
LOT-0024064,Train
LOT-0024065,Test (Temporal)
LOT-0024066,Test (Temporal)
LOT-0024067,Train
LOT-0024068,Test (Temporal)
LOT-0024069,Train
LOT-0024070,Train
LOT-0024071,Train
LOT-0024072,Train
LOT-0024073,Train
LOT-0024074,Train
LOT-0024075,Train
LOT-0024076,Train
LOT-0024077,Train
LOT-0024078,Train
LOT-0024079,Train
LOT-0024080,Train
LOT-0024081,Train
LOT-0024082,Train
LOT-0024083,Train
LOT-0024084,Train
LOT-0024085,Train
LOT-0024086,Train
LOT-0024087,Train
LOT-0024088,Train
LOT-0024089,Train
LOT-0024090,Train
LOT-0024091,Train
LOT-0024092,Train
LOT-0024093,Train
LOT-0024094,Train
LOT-0024095,Train
LOT-0024096,Train
LOT-0024097,Train
LOT-0024098,Train
LOT-0024099,Train
LOT-0024100,Train
LOT-0024101,Train
LOT-0024102,Test (Temporal)
LOT-0024103,Train
LOT-0024104,Test (Temporal)
LOT-0024105,Train
LOT-0024106,Train
LOT-0024107,Train
LOT-0024108,Train
LOT-0024109,Test (Temporal)
LOT-0024110,Train
LOT-0024111,Train
LOT-0024112,Train
LOT-0024113,Train
LOT-0024114,Train
LOT-0024115,Train
LOT-0024116,Test (Temporal)
LOT-0024117,Test (Temporal)
LOT-0024118,Train
LOT-0024119,Train
LOT-0024120,Train
LOT-0024121,Train
LOT-0024122,Train
LOT-0024123,Train
LOT-0024124,Train
LOT-0024125,Train
LOT-0024126,Train
LOT-0024127,Train
LOT-0024128,Test (Temporal)
LOT-0024129,Test (Temporal)
LOT-0024130,Train
LOT-0024131,Train
LOT-0024132,Train
LOT-0024133,Train
LOT-0024134,Train
LOT-0024135,Train
LOT-0024136,Train
LOT-0024137,Test (Temporal)
LOT-0024138,Train
LOT-0024139,Test (Temporal)
LOT-0024140,Train
LOT-0024141,Train
LOT-0024142,Train
LOT-0024143,Test (Temporal)
LOT-0024144,Test (Temporal)
LOT-0024145,Train
LOT-0024146,Test (Temporal)
LOT-0024147,Train
LOT-0024148,Test (Temporal)
LOT-0024149,Train
LOT-0024150,Train
LOT-0024151,Test (Temporal)
LOT-0024152,Train
LOT-0024153,Train
LOT-0024154,Train
LOT-0024155,Train
LOT-0024156,Train
LOT-0024157,Train
LOT-0024158,Train
LOT-0024159,Train
LOT-0024160,Test (Temporal)
LOT-0024161,Train
LOT-0024162,Train
LOT-0024163,Train
LOT-0024164,Train
LOT-0024165,Train
LOT-0024166,Train
LOT-0024167,Train
LOT-0024168,Train
LOT-0024169,Train
LOT-0024170,Train
LOT-0024171,Train
LOT-0024172,Train
LOT-0024173,Train
LOT-0024174,Train
LOT-0024175,Test (Temporal)
LOT-0024176,Test (Temporal)
LOT-0024177,Test (Temporal)
LOT-0024178,Train
LOT-0024179,Train
LOT-0024180,Train
LOT-0024181,Train
LOT-0024182,Train
LOT-0024183,Train
LOT-0024184,Train
LOT-0024185,Train
LOT-0024186,Train
LOT-0024187,Train
LOT-0024188,Train
LOT-0024189,Train
LOT-0024190,Train
LOT-0024191,Train
LOT-0024192,Train
LOT-0024193,Train
LOT-0024194,Test (Temporal)
LOT-0024195,Test (Temporal)
LOT-0024196,Train
LOT-0024197,Train
LOT-0024198,Train
LOT-0024199,Train
LOT-0024200,Test (Temporal)
LOT-0024201,Train
LOT-0024202,Train
LOT-0024203,Train
LOT-0024204,Train
LOT-0024205,Train
LOT-0024206,Train
LOT-0024207,Train
LOT-0024208,Train
LOT-0024209,Train
LOT-0024210,Train
LOT-0024211,Train
LOT-0024212,Test (Temporal)
LOT-0024213,Train
LOT-0024214,Train
LOT-0024215,Train
LOT-0024216,Train
LOT-0024217,Train
LOT-0024218,Test (Temporal)
LOT-0024219,Test (Temporal)
LOT-0024220,Train
LOT-0024221,Train
LOT-0024222,Train
LOT-0024223,Train
LOT-0024224,Train
LOT-0024225,Train
LOT-0024226,Train
LOT-0024227,Train
LOT-0024228,Train
LOT-0024229,Train
LOT-0024230,Train
LOT-0024231,Train
LOT-0024232,Train
LOT-0024233,Train
LOT-0024234,Train
LOT-0024235,Train
LOT-0024236,Test (Temporal)
LOT-0024237,Train
LOT-0024238,Train
LOT-0024239,Train
LOT-0024240,Train
LOT-0024241,Train
LOT-0024242,Train
LOT-0024243,Train
LOT-0024244,Train
LOT-0024245,Train
LOT-0024246,Train
LOT-0024247,Train
LOT-0024248,Train
LOT-0024249,Train
LOT-0024250,Train
LOT-0024251,Train
LOT-0024252,Test (Temporal)
LOT-0024253,Test (Temporal)
LOT-0024254,Train
LOT-0024255,Test (Temporal)
LOT-0024256,Train
LOT-0024257,Train
LOT-0024258,Train
LOT-0024259,Train
LOT-0024260,Train
LOT-0024261,Train
LOT-0024262,Train
LOT-0024263,Train
LOT-0024264,Train
LOT-0024265,Train
LOT-0024266,Train
LOT-0024267,Train
LOT-0024268,Train
LOT-0024269,Train
LOT-0024270,Train
LOT-0024271,Train
LOT-0024272,Train
LOT-0024273,Train
LOT-0024274,Test (Temporal)
LOT-0024275,Train
LOT-0024276,Train
LOT-0024277,Train
LOT-0024278,Test (Temporal)
LOT-0024279,Train
LOT-0024280,Train
LOT-0024281,Train
LOT-0024282,Train
LOT-0024283,Train
LOT-0024284,Train
LOT-0024285,Train
LOT-0024286,Train
LOT-0024287,Train
LOT-0024288,Train
LOT-0024289,Test (Temporal)
LOT-0024290,Train
LOT-0024291,Train
LOT-0024292,Train
LOT-0024293,Train
LOT-0024294,Train
LOT-0024295,Train
LOT-0024296,Train
LOT-0024297,Test (Temporal)
LOT-0024298,Train
LOT-0024299,Train
LOT-0024300,Test (Temporal)
LOT-0024301,Train
LOT-0024302,Train
LOT-0024303,Train
LOT-0024304,Train
LOT-0024305,Test (Temporal)
LOT-0024306,Train
LOT-0024307,Test (Temporal)
LOT-0024308,Train
LOT-0024309,Train
LOT-0024310,Train
LOT-0024311,Test (Temporal)
LOT-0024312,Test (Temporal)
LOT-0024313,Train
LOT-0024314,Test (Temporal)
LOT-0024315,Train
LOT-0024316,Train
LOT-0024317,Train
LOT-0024318,Test (Temporal)
LOT-0024319,Test (Temporal)
LOT-0024320,Train
LOT-0024321,Train
LOT-0024322,Train
LOT-0024323,Train
LOT-0024324,Train
LOT-0024325,Train
LOT-0024326,Train
LOT-0024327,Train
LOT-0024328,Train
LOT-0024329,Test (Temporal)
LOT-0024330,Train
LOT-0024331,Train
LOT-0024332,Test (Temporal)
LOT-0024333,Train
LOT-0024334,Train
LOT-0024335,Train
LOT-0024336,Train
LOT-0024337,Train
LOT-0024338,Train
LOT-0024339,Train
LOT-0024340,Train
LOT-0024341,Train
LOT-0024342,Train
LOT-0024343,Train
LOT-0024344,Train
LOT-0024345,Train
LOT-0024346,Train
LOT-0024347,Train
LOT-0024348,Train
LOT-0024349,Train
LOT-0024350,Test (Temporal)
LOT-0024351,Train
LOT-0024352,Test (Temporal)
LOT-0024353,Train
LOT-0024354,Train
LOT-0024355,Train
LOT-0024356,Train
LOT-0024357,Train
LOT-0024358,Test (Temporal)
LOT-0024359,Train
LOT-0024360,Train
LOT-0024361,Train
LOT-0024362,Train
LOT-0024363,Train
LOT-0024364,Train
LOT-0024365,Train
LOT-0024366,Train
LOT-0024367,Train
LOT-0024368,Test (Temporal)
LOT-0024369,Test (Temporal)
LOT-0024370,Train
LOT-0024371,Train
LOT-0024372,Train
LOT-0024373,Train
LOT-0024374,Train
LOT-0024375,Train
LOT-0024376,Train
LOT-0024377,Train
LOT-0024378,Test (Temporal)
LOT-0024379,Train
LOT-0024380,Train
LOT-0024381,Train
LOT-0024382,Test (Temporal)
LOT-0024383,Train
LOT-0024384,Train
LOT-0024385,Train
LOT-0024386,Train
LOT-0024387,Train
LOT-0024388,Train
LOT-0024389,Test (Temporal)
LOT-0024390,Train
LOT-0024391,Train
LOT-0024392,Train
LOT-0024393,Train
LOT-0024394,Train
LOT-0024395,Train
LOT-0024396,Train
LOT-0024397,Train
LOT-0024398,Test (Temporal)
LOT-0024399,Train
LOT-0024400,Train
LOT-0024401,Train
LOT-0024402,Train
LOT-0024403,Train
LOT-0024404,Train
LOT-0024405,Train
LOT-0024406,Test (Temporal)
LOT-0024407,Train
LOT-0024408,Train
LOT-0024409,Train
LOT-0024410,Test (Temporal)
LOT-0024411,Train
LOT-0024412,Train
LOT-0024413,Train
LOT-0024414,Test (Temporal)
LOT-0024415,Test (Temporal)
LOT-0024416,Train
LOT-0024417,Train
LOT-0024418,Train
LOT-0024419,Train
LOT-0024420,Train
LOT-0024421,Train
LOT-0024422,Train
LOT-0024423,Train
LOT-0024424,Train
LOT-0024425,Train
LOT-0024426,Train
LOT-0024427,Train
LOT-0024428,Test (Temporal)
LOT-0024429,Train
LOT-0024430,Train
LOT-0024431,Train
LOT-0024432,Train
LOT-0024433,Train
LOT-0024434,Train
LOT-0024435,Train
LOT-0024436,Train
LOT-0024437,Train
LOT-0024438,Train
LOT-0024439,Train
LOT-0024440,Train
LOT-0024441,Train
LOT-0024442,Train
LOT-0024443,Test (Temporal)
LOT-0024444,Train
LOT-0024445,Train
LOT-0024446,Train
LOT-0024447,Test (Temporal)
LOT-0024448,Train
LOT-0024449,Train
LOT-0024450,Test (Temporal)
LOT-0024451,Train
LOT-0024452,Train
LOT-0024453,Train
LOT-0024454,Test (Temporal)
LOT-0024455,Train
LOT-0024456,Train
LOT-0024457,Train
LOT-0024458,Train
LOT-0024459,Train
LOT-0024460,Train
LOT-0024461,Train
LOT-0024462,Train
LOT-0024463,Train
LOT-0024464,Train
LOT-0024465,Train
LOT-0024466,Train
LOT-0024467,Train
LOT-0024468,Train
LOT-0024469,Train
LOT-0024470,Train
LOT-0024471,Train
LOT-0024472,Train
LOT-0024473,Train
LOT-0024474,Train
LOT-0024475,Test (Temporal)
LOT-0024476,Test (Temporal)
LOT-0024477,Train
LOT-0024478,Train
LOT-0024479,Test (Temporal)
LOT-0024480,Train
LOT-0024481,Train
LOT-0024482,Train
LOT-0024483,Train
LOT-0024484,Train
LOT-0024485,Train
LOT-0024486,Train
LOT-0024487,Train
LOT-0024488,Train
LOT-0024489,Test (Temporal)
LOT-0024490,Train
LOT-0024491,Train
LOT-0024492,Test (Temporal)
LOT-0024493,Train
LOT-0024494,Train
LOT-0024495,Train
LOT-0024496,Train
LOT-0024497,Train
LOT-0024498,Train
LOT-0024499,Train
LOT-0024500,Test (Temporal)
LOT-0024501,Train
LOT-0024502,Train
LOT-0024503,Train
LOT-0024504,Train
LOT-0024505,Train
LOT-0024506,Train
LOT-0024507,Train
LOT-0024508,Train
LOT-0024509,Test (Temporal)
LOT-0024510,Test (Temporal)
LOT-0024511,Test (Temporal)
LOT-0024512,Train
LOT-0024513,Train
LOT-0024514,Train
LOT-0024515,Train
LOT-0024516,Train
LOT-0024517,Test (Temporal)
LOT-0024518,Train
LOT-0024519,Test (Temporal)
LOT-0024520,Train
LOT-0024521,Train
LOT-0024522,Test (Temporal)
LOT-0024523,Train
LOT-0024524,Train
LOT-0024525,Train
LOT-0024526,Train
LOT-0024527,Train
LOT-0024528,Test (Temporal)
LOT-0024529,Train
LOT-0024530,Train
LOT-0024531,Train
LOT-0024532,Test (Temporal)
LOT-0024533,Train
LOT-0024534,Train
LOT-0024535,Train
LOT-0024536,Train
LOT-0024537,Train
LOT-0024538,Train
LOT-0024539,Train
LOT-0024540,Test (Temporal)
LOT-0024541,Train
LOT-0024542,Test (Temporal)
LOT-0024543,Train
LOT-0024544,Test (Temporal)
LOT-0024545,Train
LOT-0024546,Train
LOT-0024547,Test (Temporal)
LOT-0024548,Train
LOT-0024549,Train
LOT-0024550,Test (Temporal)
LOT-0024551,Train
LOT-0024552,Train
LOT-0024553,Train
LOT-0024554,Train
LOT-0024555,Test (Temporal)
LOT-0024556,Test (Temporal)
LOT-0024557,Train
LOT-0024558,Train
LOT-0024559,Test (Temporal)
LOT-0024560,Train
LOT-0024561,Train
LOT-0024562,Train
LOT-0024563,Train
LOT-0024564,Test (Temporal)
LOT-0024565,Train
LOT-0024566,Train
LOT-0024567,Train
LOT-0024568,Train
LOT-0024569,Test (Temporal)
LOT-0024570,Train
LOT-0024571,Train
LOT-0024572,Train
LOT-0024573,Test (Temporal)
LOT-0024574,Train
LOT-0024575,Train
LOT-0024576,Train
LOT-0024577,Train
LOT-0024578,Train
LOT-0024579,Train
LOT-0024580,Train
LOT-0024581,Train
LOT-0024582,Train
LOT-0024583,Test (Temporal)
LOT-0024584,Train
LOT-0024585,Train
LOT-0024586,Train
LOT-0024587,Test (Temporal)
LOT-0024588,Train
LOT-0024589,Train
LOT-0024590,Train
LOT-0024591,Train
LOT-0024592,Train
LOT-0024593,Train
LOT-0024594,Test (Temporal)
LOT-0024595,Train
LOT-0024596,Train
LOT-0024597,Train
LOT-0024598,Train
LOT-0024599,Train
LOT-0024600,Test (Temporal)
LOT-0024601,Train
LOT-0024602,Train
LOT-0024603,Train
LOT-0024604,Train
LOT-0024605,Train
LOT-0024606,Train
LOT-0024607,Train
LOT-0024608,Train
LOT-0024609,Train
LOT-0024610,Train
LOT-0024611,Train
LOT-0024612,Train
LOT-0024613,Train
LOT-0024614,Train
LOT-0024615,Train
LOT-0024616,Train
LOT-0024617,Train
LOT-0024618,Train
LOT-0024619,Train
LOT-0024620,Train
LOT-0024621,Test (Temporal)
LOT-0024622,Train
LOT-0024623,Train
LOT-0024624,Train
LOT-0024625,Train
LOT-0024626,Train
LOT-0024627,Train
LOT-0024628,Train
LOT-0024629,Train
LOT-0024630,Train
LOT-0024631,Train
LOT-0024632,Test (Temporal)
LOT-0024633,Train
LOT-0024634,Train
LOT-0024635,Train
LOT-0024636,Train
LOT-0024637,Test (Temporal)
LOT-0024638,Train
LOT-0024639,Train
LOT-0024640,Train
LOT-0024641,Train
LOT-0024642,Train
LOT-0024643,Train
LOT-0024644,Train
LOT-0024645,Test (Temporal)
LOT-0024646,Train
LOT-0024647,Train
LOT-0024648,Train
LOT-0024649,Train
LOT-0024650,Train
LOT-0024651,Test (Temporal)
LOT-0024652,Train
LOT-0024653,Train
LOT-0024654,Test (Temporal)
LOT-0024655,Train
LOT-0024656,Train
LOT-0024657,Train
LOT-0024658,Train
LOT-0024659,Train
LOT-0024660,Train
LOT-0024661,Train
LOT-0024662,Train
LOT-0024663,Test (Temporal)
LOT-0024664,Train
LOT-0024665,Test (Temporal)
LOT-0024666,Train
LOT-0024667,Train
LOT-0024668,Train
LOT-0024669,Test (Temporal)
LOT-0024670,Train
LOT-0024671,Train
LOT-0024672,Train
LOT-0024673,Test (Temporal)
LOT-0024674,Test (Temporal)
LOT-0024675,Train
LOT-0024676,Test (Temporal)
LOT-0024677,Train
LOT-0024678,Train
LOT-0024679,Train
LOT-0024680,Train
LOT-0024681,Train
LOT-0024682,Train
LOT-0024683,Train
LOT-0024684,Train
LOT-0024685,Train
LOT-0024686,Train
LOT-0024687,Train
LOT-0024688,Train
LOT-0024689,Train
LOT-0024690,Test (Temporal)
LOT-0024691,Train
LOT-0024692,Train
LOT-0024693,Train
LOT-0024694,Train
LOT-0024695,Train
LOT-0024696,Train
LOT-0024697,Train
LOT-0024698,Train
LOT-0024699,Train
LOT-0024700,Test (Temporal)
LOT-0024701,Train
LOT-0024702,Train
LOT-0024703,Train
LOT-0024704,Train
LOT-0024705,Train
LOT-0024706,Train
LOT-0024707,Train
LOT-0024708,Train
LOT-0024709,Train
LOT-0024710,Test (Temporal)
LOT-0024711,Train
LOT-0024712,Train
LOT-0024713,Train
LOT-0024714,Test (Temporal)
LOT-0024715,Test (Temporal)
LOT-0024716,Test (Temporal)
LOT-0024717,Train
LOT-0024718,Test (Temporal)
LOT-0024719,Train
LOT-0024720,Train
LOT-0024721,Train
LOT-0024722,Train
LOT-0024723,Test (Temporal)
LOT-0024724,Train
LOT-0024725,Train
LOT-0024726,Train
LOT-0024727,Train
LOT-0024728,Train
LOT-0024729,Train
LOT-0024730,Train
LOT-0024731,Train
LOT-0024732,Train
LOT-0024733,Train
LOT-0024734,Train
LOT-0024735,Train
LOT-0024736,Train
LOT-0024737,Train
LOT-0024738,Train
LOT-0024739,Train
LOT-0024740,Train
LOT-0024741,Train
LOT-0024742,Train
LOT-0024743,Test (Temporal)
LOT-0024744,Test (Temporal)
LOT-0024745,Train
LOT-0024746,Train
LOT-0024747,Train
LOT-0024748,Train
LOT-0024749,Train
LOT-0024750,Train
LOT-0024751,Train
LOT-0024752,Train
LOT-0024753,Train
LOT-0024754,Train
LOT-0024755,Train
LOT-0024756,Test (Temporal)
LOT-0024757,Test (Temporal)
LOT-0024758,Train
LOT-0024759,Train
LOT-0024760,Train
LOT-0024761,Train
LOT-0024762,Train
LOT-0024763,Train
LOT-0024764,Train
LOT-0024765,Train
LOT-0024766,Train
LOT-0024767,Test (Temporal)
LOT-0024768,Train
LOT-0024769,Train
LOT-0024770,Train
LOT-0024771,Train
LOT-0024772,Train
LOT-0024773,Train
LOT-0024774,Train
LOT-0024775,Train
LOT-0024776,Train
LOT-0024777,Test (Temporal)
LOT-0024778,Test (Temporal)
LOT-0024779,Test (Temporal)
LOT-0024780,Train
LOT-0024781,Train
LOT-0024782,Train
LOT-0024783,Train
LOT-0024784,Train
LOT-0024785,Train
LOT-0024786,Train
LOT-0024787,Train
LOT-0024788,Test (Temporal)
LOT-0024789,Train
LOT-0024790,Test (Temporal)
LOT-0024791,Train
LOT-0024792,Train
LOT-0024793,Train
LOT-0024794,Train
LOT-0024795,Train
LOT-0024796,Train
LOT-0024797,Train
LOT-0024798,Train
LOT-0024799,Train
LOT-0024800,Train
LOT-0024801,Train
LOT-0024802,Test (Temporal)
LOT-0024803,Train
LOT-0024804,Train
LOT-0024805,Train
LOT-0024806,Train
LOT-0024807,Train
LOT-0024808,Train
LOT-0024809,Train
LOT-0024810,Train
LOT-0024811,Train
LOT-0024812,Train
LOT-0024813,Train
LOT-0024814,Train
LOT-0024815,Train
LOT-0024816,Train
LOT-0024817,Train
LOT-0024818,Train
LOT-0024819,Train
LOT-0024820,Train
LOT-0024821,Train
LOT-0024822,Train
LOT-0024823,Train
LOT-0024824,Train
LOT-0024825,Train
LOT-0024826,Train
LOT-0024827,Train
LOT-0024828,Train
LOT-0024829,Train
LOT-0024830,Train
LOT-0024831,Test (Temporal)
LOT-0024832,Train
LOT-0024833,Test (Temporal)
LOT-0024834,Test (Temporal)
LOT-0024835,Train
LOT-0024836,Train
LOT-0024837,Train
LOT-0024838,Test (Temporal)
LOT-0024839,Train
LOT-0024840,Train
LOT-0024841,Train
LOT-0024842,Train
LOT-0024843,Train
LOT-0024844,Train
LOT-0024845,Train
LOT-0024846,Train
LOT-0024847,Train
LOT-0024848,Train
LOT-0024849,Train
LOT-0024850,Train
LOT-0024851,Train
LOT-0024852,Train
LOT-0024853,Train
LOT-0024854,Train
LOT-0024855,Test (Temporal)
LOT-0024856,Train
LOT-0024857,Train
LOT-0024858,Train
LOT-0024859,Train
LOT-0024860,Test (Temporal)
LOT-0024861,Test (Temporal)
LOT-0024862,Train
LOT-0024863,Train
LOT-0024864,Train
LOT-0024865,Train
LOT-0024866,Train
LOT-0024867,Train
LOT-0024868,Train
LOT-0024869,Train
LOT-0024870,Train
LOT-0024871,Train
LOT-0024872,Test (Temporal)
LOT-0024873,Train
LOT-0024874,Train
LOT-0024875,Train
LOT-0024876,Train
LOT-0024877,Train
LOT-0024878,Train
LOT-0024879,Train
LOT-0024880,Train
LOT-0024881,Train
LOT-0024882,Train
LOT-0024883,Test (Temporal)
LOT-0024884,Train
LOT-0024885,Train
LOT-0024886,Train
LOT-0024887,Train
LOT-0024888,Train
LOT-0024889,Train
LOT-0024890,Train
LOT-0024891,Train
LOT-0024892,Test (Temporal)
LOT-0024893,Train
LOT-0024894,Train
LOT-0024895,Train
LOT-0024896,Train
LOT-0024897,Train
LOT-0024898,Train
LOT-0024899,Train
LOT-0024900,Train
LOT-0024901,Train
LOT-0024902,Train
LOT-0024903,Train
LOT-0024904,Train
LOT-0024905,Train
LOT-0024906,Train
LOT-0024907,Train
LOT-0024908,Train
LOT-0024909,Train
LOT-0024910,Test (Temporal)
LOT-0024911,Train
LOT-0024912,Train
LOT-0024913,Test (Temporal)
LOT-0024914,Train
LOT-0024915,Train
LOT-0024916,Test (Temporal)
LOT-0024917,Train
LOT-0024918,Train
LOT-0024919,Train
LOT-0024920,Train
LOT-0024921,Train
LOT-0024922,Train
LOT-0024923,Train
LOT-0024924,Test (Temporal)
LOT-0024925,Train
LOT-0024926,Train
LOT-0024927,Train
LOT-0024928,Train
LOT-0024929,Train
LOT-0024930,Train
LOT-0024931,Train
LOT-0024932,Train
LOT-0024933,Train
LOT-0024934,Train
LOT-0024935,Train
LOT-0024936,Test (Temporal)
LOT-0024937,Train
LOT-0024938,Train
LOT-0024939,Train
LOT-0024940,Train
LOT-0024941,Train
LOT-0024942,Test (Temporal)
LOT-0024943,Train
LOT-0024944,Train
LOT-0024945,Test (Temporal)
LOT-0024946,Train
LOT-0024947,Train
LOT-0024948,Train
LOT-0024949,Train
LOT-0024950,Test (Temporal)
LOT-0024951,Train
LOT-0024952,Test (Temporal)
LOT-0024953,Train
LOT-0024954,Train
LOT-0024955,Train
LOT-0024956,Train
LOT-0024957,Test (Temporal)
LOT-0024958,Train
LOT-0024959,Train
LOT-0024960,Train
LOT-0024961,Train
LOT-0024962,Train
LOT-0024963,Test (Temporal)
LOT-0024964,Train
LOT-0024965,Train
LOT-0024966,Train
LOT-0024967,Train
LOT-0024968,Train
LOT-0024969,Train
LOT-0024970,Train
LOT-0024971,Train
LOT-0024972,Train
LOT-0024973,Train
LOT-0024974,Train
LOT-0024975,Test (Temporal)
LOT-0024976,Test (Temporal)
LOT-0024977,Train
LOT-0024978,Train
LOT-0024979,Train
LOT-0024980,Train
LOT-0024981,Train
LOT-0024982,Train
LOT-0024983,Train
LOT-0024984,Test (Temporal)
LOT-0024985,Train
LOT-0024986,Test (Temporal)
LOT-0024987,Train
LOT-0024988,Train
LOT-0024989,Train
LOT-0024990,Train
LOT-0024991,Train
LOT-0024992,Train
LOT-0024993,Train
LOT-0024994,Train
LOT-0024995,Train
LOT-0024996,Train
LOT-0024997,Train
LOT-0024998,Test (Temporal)
LOT-0024999,Train
LOT-0025000,Train
LOT-0025001,Train
LOT-0025002,Train
LOT-0025003,Train
LOT-0025004,Train
LOT-0025005,Train
LOT-0025006,Train
LOT-0025007,Train
LOT-0025008,Test (Temporal)
LOT-0025009,Train
LOT-0025010,Train
LOT-0025011,Train
LOT-0025012,Train
LOT-0025013,Train
LOT-0025014,Train
LOT-0025015,Train
LOT-0025016,Train
LOT-0025017,Train
LOT-0025018,Train
LOT-0025019,Train
LOT-0025020,Train
LOT-0025021,Train
LOT-0025022,Test (Temporal)
LOT-0025023,Train
LOT-0025024,Train
LOT-0025025,Train
LOT-0025026,Train
LOT-0025027,Train
LOT-0025028,Train
LOT-0025029,Train
LOT-0025030,Train
LOT-0025031,Train
LOT-0025032,Test (Temporal)
LOT-0025033,Train
LOT-0025034,Train
LOT-0025035,Test (Temporal)
LOT-0025036,Train
LOT-0025037,Train
LOT-0025038,Train
LOT-0025039,Train
LOT-0025040,Train
LOT-0025041,Train
LOT-0025042,Train
LOT-0025043,Train
LOT-0025044,Train
LOT-0025045,Train
LOT-0025046,Train
LOT-0025047,Train
LOT-0025048,Train
LOT-0025049,Train
LOT-0025050,Train
LOT-0025051,Train
LOT-0025052,Train
LOT-0025053,Train
LOT-0025054,Train
LOT-0025055,Train
LOT-0025056,Train
LOT-0025057,Train
LOT-0025058,Train
LOT-0025059,Train
LOT-0025060,Train
LOT-0025061,Train
LOT-0025062,Train
LOT-0025063,Train
LOT-0025064,Train
LOT-0025065,Train
LOT-0025066,Train
LOT-0025067,Train
LOT-0025068,Train
LOT-0025069,Train
LOT-0025070,Test (Temporal)
LOT-0025071,Train
LOT-0025072,Test (Temporal)
LOT-0025073,Train
LOT-0025074,Train
LOT-0025075,Train
LOT-0025076,Test (Temporal)
LOT-0025077,Train
LOT-0025078,Train
LOT-0025079,Train
LOT-0025080,Train
LOT-0025081,Test (Temporal)
LOT-0025082,Train
LOT-0025083,Train
LOT-0025084,Train
LOT-0025085,Train
LOT-0025086,Train
LOT-0025087,Train
LOT-0025088,Train
LOT-0025089,Train
LOT-0025090,Train
LOT-0025091,Train
LOT-0025092,Train
LOT-0025093,Train
LOT-0025094,Train
LOT-0025095,Train
LOT-0025096,Train
LOT-0025097,Train
LOT-0025098,Train
LOT-0025099,Train
LOT-0025100,Test (Temporal)
LOT-0025101,Train
LOT-0025102,Test (Temporal)
LOT-0025103,Test (Temporal)
LOT-0025104,Train
LOT-0025105,Train
LOT-0025106,Train
LOT-0025107,Train
LOT-0025108,Train
LOT-0025109,Train
LOT-0025110,Train
LOT-0025111,Test (Temporal)
LOT-0025112,Train
LOT-0025113,Train
LOT-0025114,Train
LOT-0025115,Train
LOT-0025116,Test (Temporal)
LOT-0025117,Train
LOT-0025118,Train
LOT-0025119,Train
LOT-0025120,Test (Temporal)
LOT-0025121,Train
LOT-0025122,Train
LOT-0025123,Train
LOT-0025124,Train
LOT-0025125,Train
LOT-0025126,Train
LOT-0025127,Train
LOT-0025128,Train
LOT-0025129,Train
LOT-0025130,Train
LOT-0025131,Train
LOT-0025132,Test (Temporal)
LOT-0025133,Train
LOT-0025134,Train
LOT-0025135,Train
LOT-0025136,Train
LOT-0025137,Train
LOT-0025138,Train
LOT-0025139,Train
LOT-0025140,Train
LOT-0025141,Train
LOT-0025142,Train
LOT-0025143,Train
LOT-0025144,Train
LOT-0025145,Train
LOT-0025146,Train
LOT-0025147,Train
LOT-0025148,Train
LOT-0025149,Train
LOT-0025150,Train
LOT-0025151,Train
LOT-0025152,Train
LOT-0025153,Train
LOT-0025154,Train
LOT-0025155,Train
LOT-0025156,Train
LOT-0025157,Train
LOT-0025158,Train
LOT-0025159,Test (Temporal)
LOT-0025160,Train
LOT-0025161,Train
LOT-0025162,Train
LOT-0025163,Test (Temporal)
LOT-0025164,Train
LOT-0025165,Train
LOT-0025166,Train
LOT-0025167,Train
LOT-0025168,Test (Temporal)
LOT-0025169,Train
LOT-0025170,Train
LOT-0025171,Train
LOT-0025172,Test (Temporal)
LOT-0025173,Train
LOT-0025174,Train
LOT-0025175,Train
LOT-0025176,Train
LOT-0025177,Train
LOT-0025178,Train
LOT-0025179,Train
LOT-0025180,Test (Temporal)
LOT-0025181,Train
LOT-0025182,Train
LOT-0025183,Train
LOT-0025184,Train
LOT-0025185,Train
LOT-0025186,Test (Temporal)
LOT-0025187,Train
LOT-0025188,Test (Temporal)
LOT-0025189,Test (Temporal)
LOT-0025190,Train
LOT-0025191,Test (Temporal)
LOT-0025192,Train
LOT-0025193,Train
LOT-0025194,Train
LOT-0025195,Train
LOT-0025196,Train
LOT-0025197,Train
LOT-0025198,Train
LOT-0025199,Train
LOT-0025200,Train
LOT-0025201,Train
LOT-0025202,Test (Temporal)
LOT-0025203,Train
LOT-0025204,Train
LOT-0025205,Train
LOT-0025206,Test (Temporal)
LOT-0025207,Train
LOT-0025208,Train
LOT-0025209,Train
LOT-0025210,Train
LOT-0025211,Train
LOT-0025212,Train
LOT-0025213,Test (Temporal)
LOT-0025214,Train
LOT-0025215,Train
LOT-0025216,Train
LOT-0025217,Train
LOT-0025218,Train
LOT-0025219,Train
LOT-0025220,Train
LOT-0025221,Train
LOT-0025222,Train
LOT-0025223,Train
LOT-0025224,Train
LOT-0025225,Test (Temporal)
LOT-0025226,Train
LOT-0025227,Train
LOT-0025228,Train
LOT-0025229,Train
LOT-0025230,Train
LOT-0025231,Test (Temporal)
LOT-0025232,Test (Temporal)
LOT-0025233,Train
LOT-0025234,Train
LOT-0025235,Test (Temporal)
LOT-0025236,Train
LOT-0025237,Train
LOT-0025238,Train
LOT-0025239,Test (Temporal)
LOT-0025240,Train
LOT-0025241,Train
LOT-0025242,Train
LOT-0025243,Train
LOT-0025244,Test (Temporal)
LOT-0025245,Train
LOT-0025246,Train
LOT-0025247,Train
LOT-0025248,Test (Temporal)
LOT-0025249,Train
LOT-0025250,Train
LOT-0025251,Train
LOT-0025252,Train
LOT-0025253,Train
LOT-0025254,Train
LOT-0025255,Train
LOT-0025256,Train
LOT-0025257,Train
LOT-0025258,Train
LOT-0025259,Train
LOT-0025260,Train
LOT-0025261,Train
LOT-0025262,Test (Temporal)
LOT-0025263,Train
LOT-0025264,Train
LOT-0025265,Test (Temporal)
LOT-0025266,Train
LOT-0025267,Train
LOT-0025268,Test (Temporal)
LOT-0025269,Train
LOT-0025270,Test (Temporal)
LOT-0025271,Test (Temporal)
LOT-0025272,Train
LOT-0025273,Train
LOT-0025274,Train
LOT-0025275,Train
LOT-0025276,Train
LOT-0025277,Train
LOT-0025278,Train
LOT-0025279,Test (Temporal)
LOT-0025280,Train
LOT-0025281,Train
LOT-0025282,Train
LOT-0025283,Train
LOT-0025284,Train
LOT-0025285,Train
LOT-0025286,Test (Temporal)
LOT-0025287,Train
LOT-0025288,Train
LOT-0025289,Train
LOT-0025290,Test (Temporal)
LOT-0025291,Test (Temporal)
LOT-0025292,Train
LOT-0025293,Test (Temporal)
LOT-0025294,Train
LOT-0025295,Train
LOT-0025296,Train
LOT-0025297,Train
LOT-0025298,Train
LOT-0025299,Train
LOT-0025300,Train
LOT-0025301,Train
LOT-0025302,Test (Temporal)
LOT-0025303,Train
LOT-0025304,Test (Temporal)
LOT-0025305,Train
LOT-0025306,Train
LOT-0025307,Train
LOT-0025308,Train
LOT-0025309,Train
LOT-0025310,Train
LOT-0025311,Test (Temporal)
LOT-0025312,Train
LOT-0025313,Train
LOT-0025314,Train
LOT-0025315,Train
LOT-0025316,Train
LOT-0025317,Train
LOT-0025318,Train
LOT-0025319,Test (Temporal)
LOT-0025320,Train
LOT-0025321,Train
LOT-0025322,Train
LOT-0025323,Test (Temporal)
LOT-0025324,Train
LOT-0025325,Train
LOT-0025326,Train
LOT-0025327,Train
LOT-0025328,Train
LOT-0025329,Train
LOT-0025330,Train
LOT-0025331,Train
LOT-0025332,Train
LOT-0025333,Train
LOT-0025334,Train
LOT-0025335,Train
LOT-0025336,Train
LOT-0025337,Train
LOT-0025338,Test (Temporal)
LOT-0025339,Train
LOT-0025340,Train
LOT-0025341,Test (Temporal)
LOT-0025342,Train
LOT-0025343,Train
LOT-0025344,Train
LOT-0025345,Train
LOT-0025346,Test (Temporal)
LOT-0025347,Test (Temporal)
LOT-0025348,Train
LOT-0025349,Train
LOT-0025350,Test (Temporal)
LOT-0025351,Train
LOT-0025352,Train
LOT-0025353,Train
LOT-0025354,Train
LOT-0025355,Train
LOT-0025356,Train
LOT-0025357,Train
LOT-0025358,Train
LOT-0025359,Train
LOT-0025360,Train
LOT-0025361,Train
LOT-0025362,Train
LOT-0025363,Train
LOT-0025364,Train
LOT-0025365,Train
LOT-0025366,Test (Temporal)
LOT-0025367,Train
LOT-0025368,Train
LOT-0025369,Train
LOT-0025370,Train
LOT-0025371,Train
LOT-0025372,Train
LOT-0025373,Train
LOT-0025374,Train
LOT-0025375,Train
LOT-0025376,Train
LOT-0025377,Train
LOT-0025378,Train
LOT-0025379,Train
LOT-0025380,Train
LOT-0025381,Train
LOT-0025382,Train
LOT-0025383,Train
LOT-0025384,Test (Temporal)
LOT-0025385,Train
LOT-0025386,Train
LOT-0025387,Train
LOT-0025388,Train
LOT-0025389,Train
LOT-0025390,Train
LOT-0025391,Train
LOT-0025392,Train
LOT-0025393,Train
LOT-0025394,Test (Temporal)
LOT-0025395,Train
LOT-0025396,Train
LOT-0025397,Train
LOT-0025398,Train
LOT-0025399,Train
LOT-0025400,Train
LOT-0025401,Train
LOT-0025402,Train
LOT-0025403,Test (Temporal)
LOT-0025404,Train
LOT-0025405,Train
LOT-0025406,Train
LOT-0025407,Train
LOT-0025408,Train
LOT-0025409,Train
LOT-0025410,Train
LOT-0025411,Train
LOT-0025412,Train
LOT-0025413,Train
LOT-0025414,Train
LOT-0025415,Train
LOT-0025416,Train
LOT-0025417,Train
LOT-0025418,Train
LOT-0025419,Train
LOT-0025420,Train
LOT-0025421,Train
LOT-0025422,Train
LOT-0025423,Train
LOT-0025424,Train
LOT-0025425,Train
LOT-0025426,Test (Temporal)
LOT-0025427,Test (Temporal)
LOT-0025428,Test (Temporal)
LOT-0025429,Train
LOT-0025430,Train
LOT-0025431,Test (Temporal)
LOT-0025432,Train
LOT-0025433,Test (Temporal)
LOT-0025434,Train
LOT-0025435,Train
LOT-0025436,Train
LOT-0025437,Test (Temporal)
LOT-0025438,Train
LOT-0025439,Train
LOT-0025440,Train
LOT-0025441,Train
LOT-0025442,Test (Temporal)
LOT-0025443,Train
LOT-0025444,Train
LOT-0025445,Test (Temporal)
LOT-0025446,Train
LOT-0025447,Train
LOT-0025448,Train
LOT-0025449,Train
LOT-0025450,Train
LOT-0025451,Train
LOT-0025452,Train
LOT-0025453,Train
LOT-0025454,Train
LOT-0025455,Train
LOT-0025456,Test (Temporal)
LOT-0025457,Train
LOT-0025458,Train
LOT-0025459,Test (Temporal)
LOT-0025460,Train
LOT-0025461,Train
LOT-0025462,Train
LOT-0025463,Test (Temporal)
LOT-0025464,Train
LOT-0025465,Train
LOT-0025466,Train
LOT-0025467,Train
LOT-0025468,Train
LOT-0025469,Train
LOT-0025470,Test (Temporal)
LOT-0025471,Test (Temporal)
LOT-0025472,Train
LOT-0025473,Train
LOT-0025474,Train
LOT-0025475,Train
LOT-0025476,Train
LOT-0025477,Train
LOT-0025478,Train
LOT-0025479,Train
LOT-0025480,Train
LOT-0025481,Train
LOT-0025482,Train
LOT-0025483,Test (Temporal)
LOT-0025484,Train
LOT-0025485,Train
LOT-0025486,Train
LOT-0025487,Train
LOT-0025488,Test (Temporal)
LOT-0025489,Train
LOT-0025490,Train
LOT-0025491,Train
LOT-0025492,Train
LOT-0025493,Train
LOT-0025494,Train
LOT-0025495,Test (Temporal)
LOT-0025496,Train
LOT-0025497,Train
LOT-0025498,Test (Temporal)
LOT-0025499,Train
LOT-0025500,Train
LOT-0025501,Test (Temporal)
LOT-0025502,Train
LOT-0025503,Train
LOT-0025504,Train
LOT-0025505,Test (Temporal)
LOT-0025506,Train
LOT-0025507,Train
LOT-0025508,Train
LOT-0025509,Test (Temporal)
LOT-0025510,Test (Temporal)
LOT-0025511,Train
LOT-0025512,Train
LOT-0025513,Train
LOT-0025514,Train
LOT-0025515,Test (Temporal)
LOT-0025516,Test (Temporal)
LOT-0025517,Train
LOT-0025518,Train
LOT-0025519,Train
LOT-0025520,Train
LOT-0025521,Train
LOT-0025522,Train
LOT-0025523,Train
LOT-0025524,Test (Temporal)
LOT-0025525,Train
LOT-0025526,Train
LOT-0025527,Train
LOT-0025528,Train
LOT-0025529,Train
LOT-0025530,Test (Temporal)
LOT-0025531,Train
LOT-0025532,Test (Temporal)
LOT-0025533,Test (Temporal)
LOT-0025534,Train
LOT-0025535,Test (Temporal)
LOT-0025536,Train
LOT-0025537,Train
LOT-0025538,Train
LOT-0025539,Train
LOT-0025540,Train
LOT-0025541,Train
LOT-0025542,Train
LOT-0025543,Test (Temporal)
LOT-0025544,Train
LOT-0025545,Train
LOT-0025546,Train
LOT-0025547,Test (Temporal)
LOT-0025548,Train
LOT-0025549,Train
LOT-0025550,Train
LOT-0025551,Train
LOT-0025552,Train
LOT-0025553,Test (Temporal)
LOT-0025554,Train
LOT-0025555,Train
LOT-0025556,Train
LOT-0025557,Train
LOT-0025558,Train
LOT-0025559,Train
LOT-0025560,Train
LOT-0025561,Train
LOT-0025562,Train
LOT-0025563,Train
LOT-0025564,Train
LOT-0025565,Train
LOT-0025566,Train
LOT-0025567,Train
LOT-0025568,Train
LOT-0025569,Train
LOT-0025570,Test (Temporal)
LOT-0025571,Train
LOT-0025572,Test (Temporal)
LOT-0025573,Train
LOT-0025574,Train
LOT-0025575,Train
LOT-0025576,Train
LOT-0025577,Train
LOT-0025578,Train
LOT-0025579,Train
LOT-0025580,Train
LOT-0025581,Train
LOT-0025582,Train
LOT-0025583,Train
LOT-0025584,Train
LOT-0025585,Train
LOT-0025586,Train
LOT-0025587,Train
LOT-0025588,Train
LOT-0025589,Train
LOT-0025590,Train
LOT-0025591,Train
LOT-0025592,Train
LOT-0025593,Train
LOT-0025594,Train
LOT-0025595,Test (Temporal)
LOT-0025596,Train
LOT-0025597,Train
LOT-0025598,Train
LOT-0025599,Train
LOT-0025600,Train
LOT-0025601,Test (Temporal)
LOT-0025602,Train
LOT-0025603,Train
LOT-0025604,Train
LOT-0025605,Train
LOT-0025606,Train
LOT-0025607,Train
LOT-0025608,Train
LOT-0025609,Train
LOT-0025610,Test (Temporal)
LOT-0025611,Train
LOT-0025612,Train
LOT-0025613,Test (Temporal)
LOT-0025614,Train
LOT-0025615,Test (Temporal)
LOT-0025616,Train
LOT-0025617,Train
LOT-0025618,Train
LOT-0025619,Train
LOT-0025620,Train
LOT-0025621,Train
LOT-0025622,Train
LOT-0025623,Train
LOT-0025624,Train
LOT-0025625,Train
LOT-0025626,Train
LOT-0025627,Train
LOT-0025628,Test (Temporal)
LOT-0025629,Train
LOT-0025630,Train
LOT-0025631,Train
LOT-0025632,Train
LOT-0025633,Train
LOT-0025634,Train
LOT-0025635,Train
LOT-0025636,Train
LOT-0025637,Train
LOT-0025638,Train
LOT-0025639,Train
LOT-0025640,Test (Temporal)
LOT-0025641,Train
LOT-0025642,Train
LOT-0025643,Train
LOT-0025644,Train
LOT-0025645,Train
LOT-0025646,Train
LOT-0025647,Train
LOT-0025648,Train
LOT-0025649,Train
LOT-0025650,Train
LOT-0025651,Test (Temporal)
LOT-0025652,Train
LOT-0025653,Train
LOT-0025654,Train
LOT-0025655,Train
LOT-0025656,Train
LOT-0025657,Train
LOT-0025658,Test (Temporal)
LOT-0025659,Train
LOT-0025660,Train
LOT-0025661,Train
LOT-0025662,Test (Temporal)
LOT-0025663,Train
LOT-0025664,Train
LOT-0025665,Train
LOT-0025666,Train
LOT-0025667,Train
LOT-0025668,Test (Temporal)
LOT-0025669,Train
LOT-0025670,Test (Temporal)
LOT-0025671,Train
LOT-0025672,Train
LOT-0025673,Train
LOT-0025674,Train
LOT-0025675,Train
LOT-0025676,Train
LOT-0025677,Train
LOT-0025678,Train
LOT-0025679,Train
LOT-0025680,Train
LOT-0025681,Test (Temporal)
LOT-0025682,Train
LOT-0025683,Train
LOT-0025684,Test (Temporal)
LOT-0025685,Train
LOT-0025686,Train
LOT-0025687,Train
LOT-0025688,Train
LOT-0025689,Train
LOT-0025690,Train
LOT-0025691,Train
LOT-0025692,Train
LOT-0025693,Train
LOT-0025694,Test (Temporal)
LOT-0025695,Test (Temporal)
LOT-0025696,Train
LOT-0025697,Train
LOT-0025698,Train
LOT-0025699,Train
LOT-0025700,Train
LOT-0025701,Train
LOT-0025702,Train
LOT-0025703,Test (Temporal)
LOT-0025704,Train
LOT-0025705,Train
LOT-0025706,Test (Temporal)
LOT-0025707,Train
LOT-0025708,Train
LOT-0025709,Train
LOT-0025710,Train
LOT-0025711,Train
LOT-0025712,Train
LOT-0025713,Test (Temporal)
LOT-0025714,Train
LOT-0025715,Train
LOT-0025716,Train
LOT-0025717,Train
LOT-0025718,Test (Temporal)
LOT-0025719,Train
LOT-0025720,Train
LOT-0025721,Train
LOT-0025722,Train
LOT-0025723,Train
LOT-0025724,Train
LOT-0025725,Train
LOT-0025726,Train
LOT-0025727,Train
LOT-0025728,Train
LOT-0025729,Train
LOT-0025730,Train
LOT-0025731,Train
LOT-0025732,Train
LOT-0025733,Train
LOT-0025734,Train
LOT-0025735,Train
LOT-0025736,Train
LOT-0025737,Train
LOT-0025738,Test (Temporal)
LOT-0025739,Train
LOT-0025740,Train
LOT-0025741,Train
LOT-0025742,Test (Temporal)
LOT-0025743,Train
LOT-0025744,Train
LOT-0025745,Train
LOT-0025746,Train
LOT-0025747,Train
LOT-0025748,Test (Temporal)
LOT-0025749,Train
LOT-0025750,Train
LOT-0025751,Test (Temporal)
LOT-0025752,Test (Temporal)
LOT-0025753,Train
LOT-0025754,Train
LOT-0025755,Train
LOT-0025756,Train
LOT-0025757,Train
LOT-0025758,Train
LOT-0025759,Test (Temporal)
LOT-0025760,Train
LOT-0025761,Train
LOT-0025762,Train
LOT-0025763,Train
LOT-0025764,Train
LOT-0025765,Train
LOT-0025766,Train
LOT-0025767,Train
LOT-0025768,Train
LOT-0025769,Train
LOT-0025770,Train
LOT-0025771,Train
LOT-0025772,Train
LOT-0025773,Train
LOT-0025774,Train
LOT-0025775,Train
LOT-0025776,Train
LOT-0025777,Train
LOT-0025778,Train
LOT-0025779,Test (Temporal)
LOT-0025780,Train
LOT-0025781,Train
LOT-0025782,Train
LOT-0025783,Train
LOT-0025784,Train
LOT-0025785,Train
LOT-0025786,Train
LOT-0025787,Train
LOT-0025788,Train
LOT-0025789,Test (Temporal)
LOT-0025790,Train
LOT-0025791,Train
LOT-0025792,Test (Temporal)
LOT-0025793,Train
LOT-0025794,Train
LOT-0025795,Train
LOT-0025796,Train
LOT-0025797,Train
LOT-0025798,Train
LOT-0025799,Train
LOT-0025800,Train
LOT-0025801,Train
LOT-0025802,Train
LOT-0025803,Train
LOT-0025804,Train
LOT-0025805,Train
LOT-0025806,Train
LOT-0025807,Test (Temporal)
LOT-0025808,Train
LOT-0025809,Train
LOT-0025810,Train
LOT-0025811,Train
LOT-0025812,Train
LOT-0025813,Train
LOT-0025814,Train
LOT-0025815,Train
LOT-0025816,Train
LOT-0025817,Train
LOT-0025818,Train
LOT-0025819,Train
LOT-0025820,Test (Temporal)
LOT-0025821,Train
LOT-0025822,Train
LOT-0025823,Test (Temporal)
LOT-0025824,Train
LOT-0025825,Train
LOT-0025826,Train
LOT-0025827,Train
LOT-0025828,Train
LOT-0025829,Test (Temporal)
LOT-0025830,Train
LOT-0025831,Train
LOT-0025832,Train
LOT-0025833,Train
LOT-0025834,Train
LOT-0025835,Train
LOT-0025836,Train
LOT-0025837,Train
LOT-0025838,Train
LOT-0025839,Train
LOT-0025840,Train
LOT-0025841,Train
LOT-0025842,Test (Temporal)
LOT-0025843,Train
LOT-0025844,Train
LOT-0025845,Train
LOT-0025846,Train
LOT-0025847,Train
LOT-0025848,Train
LOT-0025849,Train
LOT-0025850,Train
LOT-0025851,Train
LOT-0025852,Train
LOT-0025853,Train
LOT-0025854,Train
LOT-0025855,Train
LOT-0025856,Test (Temporal)
LOT-0025857,Test (Temporal)
LOT-0025858,Train
LOT-0025859,Train
LOT-0025860,Train
LOT-0025861,Test (Temporal)
LOT-0025862,Test (Temporal)
LOT-0025863,Train
LOT-0025864,Train
LOT-0025865,Train
LOT-0025866,Test (Temporal)
LOT-0025867,Train
LOT-0025868,Train
LOT-0025869,Train
LOT-0025870,Train
LOT-0025871,Train
LOT-0025872,Train
LOT-0025873,Train
LOT-0025874,Train
LOT-0025875,Train
LOT-0025876,Train
LOT-0025877,Train
LOT-0025878,Test (Temporal)
LOT-0025879,Train
LOT-0025880,Train
LOT-0025881,Test (Temporal)
LOT-0025882,Test (Temporal)
LOT-0025883,Train
LOT-0025884,Train
LOT-0025885,Train
LOT-0025886,Train
LOT-0025887,Train
LOT-0025888,Train
LOT-0025889,Train
LOT-0025890,Train
LOT-0025891,Train
LOT-0025892,Train
LOT-0025893,Train
LOT-0025894,Train
LOT-0025895,Train
LOT-0025896,Test (Temporal)
LOT-0025897,Train
LOT-0025898,Train
LOT-0025899,Train
LOT-0025900,Train
LOT-0025901,Train
LOT-0025902,Train
LOT-0025903,Train
LOT-0025904,Train
LOT-0025905,Train
LOT-0025906,Train
LOT-0025907,Train
LOT-0025908,Train
LOT-0025909,Train
LOT-0025910,Train
LOT-0025911,Train
LOT-0025912,Test (Temporal)
LOT-0025913,Train
LOT-0025914,Train
LOT-0025915,Train
LOT-0025916,Train
LOT-0025917,Train
LOT-0025918,Train
LOT-0025919,Train
LOT-0025920,Train
LOT-0025921,Test (Temporal)
LOT-0025922,Train
LOT-0025923,Train
LOT-0025924,Train
LOT-0025925,Train
LOT-0025926,Train
LOT-0025927,Train
LOT-0025928,Test (Temporal)
LOT-0025929,Train
LOT-0025930,Train
LOT-0025931,Train
LOT-0025932,Train
LOT-0025933,Train
LOT-0025934,Train
LOT-0025935,Train
LOT-0025936,Train
LOT-0025937,Test (Temporal)
LOT-0025938,Train
LOT-0025939,Train
LOT-0025940,Train
LOT-0025941,Train
LOT-0025942,Train
LOT-0025943,Test (Temporal)
LOT-0025944,Train
LOT-0025945,Train
LOT-0025946,Train
LOT-0025947,Train
LOT-0025948,Train
LOT-0025949,Train
LOT-0025950,Test (Temporal)
LOT-0025951,Train
LOT-0025952,Train
LOT-0025953,Train
LOT-0025954,Train
LOT-0025955,Train
LOT-0025956,Train
LOT-0025957,Train
LOT-0025958,Train
LOT-0025959,Train
LOT-0025960,Train
LOT-0025961,Train
LOT-0025962,Test (Temporal)
LOT-0025963,Train
LOT-0025964,Train
LOT-0025965,Train
LOT-0025966,Train
LOT-0025967,Train
LOT-0025968,Train
LOT-0025969,Train
LOT-0025970,Train
LOT-0025971,Train
LOT-0025972,Train
LOT-0025973,Train
LOT-0025974,Train
LOT-0025975,Test (Temporal)
LOT-0025976,Train
LOT-0025977,Train
LOT-0025978,Train
LOT-0025979,Train
LOT-0025980,Train
LOT-0025981,Train
LOT-0025982,Train
LOT-0025983,Train
LOT-0025984,Train
LOT-0025985,Train
LOT-0025986,Test (Temporal)
LOT-0025987,Train
LOT-0025988,Train
LOT-0025989,Train
LOT-0025990,Train
LOT-0025991,Train
LOT-0025992,Train
LOT-0025993,Train
LOT-0025994,Train
LOT-0025995,Train
LOT-0025996,Test (Temporal)
LOT-0025997,Train
LOT-0025998,Train
LOT-0025999,Train
LOT-0026000,Train
LOT-0026001,Train
LOT-0026002,Test (Temporal)
LOT-0026003,Test (Temporal)
LOT-0026004,Train
LOT-0026005,Train
LOT-0026006,Test (Temporal)
LOT-0026007,Train
LOT-0026008,Test (Temporal)
LOT-0026009,Test (Temporal)
LOT-0026010,Test (Temporal)
LOT-0026011,Train
LOT-0026012,Train
LOT-0026013,Test (Temporal)
LOT-0026014,Train
LOT-0026015,Train
LOT-0026016,Train
LOT-0026017,Train
LOT-0026018,Train
LOT-0026019,Train
LOT-0026020,Train
LOT-0026021,Train
LOT-0026022,Test (Temporal)
LOT-0026023,Train
LOT-0026024,Train
LOT-0026025,Train
LOT-0026026,Train
LOT-0026027,Train
LOT-0026028,Train
LOT-0026029,Train
LOT-0026030,Train
LOT-0026031,Train
LOT-0026032,Test (Temporal)
LOT-0026033,Train
LOT-0026034,Train
LOT-0026035,Train
LOT-0026036,Train
LOT-0026037,Test (Temporal)
LOT-0026038,Train
LOT-0026039,Train
LOT-0026040,Test (Temporal)
LOT-0026041,Train
LOT-0026042,Train
LOT-0026043,Train
LOT-0026044,Train
LOT-0026045,Test (Temporal)
LOT-0026046,Train
LOT-0026047,Test (Temporal)
LOT-0026048,Train
LOT-0026049,Train
LOT-0026050,Train
LOT-0026051,Train
LOT-0026052,Train
LOT-0026053,Test (Temporal)
LOT-0026054,Test (Temporal)
LOT-0026055,Test (Temporal)
LOT-0026056,Train
LOT-0026057,Train
LOT-0026058,Train
LOT-0026059,Train
LOT-0026060,Train
LOT-0026061,Train
LOT-0026062,Train
LOT-0026063,Train
LOT-0026064,Train
LOT-0026065,Test (Temporal)
LOT-0026066,Train
LOT-0026067,Train
LOT-0026068,Train
LOT-0026069,Train
LOT-0026070,Train
LOT-0026071,Train
LOT-0026072,Train
LOT-0026073,Train
LOT-0026074,Train
LOT-0026075,Train
LOT-0026076,Train
LOT-0026077,Train
LOT-0026078,Train
LOT-0026079,Train
LOT-0026080,Train
LOT-0026081,Train
LOT-0026082,Test (Temporal)
LOT-0026083,Train
LOT-0026084,Test (Temporal)
LOT-0026085,Train
LOT-0026086,Train
LOT-0026087,Train
LOT-0026088,Train
LOT-0026089,Train
LOT-0026090,Train
LOT-0026091,Train
LOT-0026092,Train
LOT-0026093,Train
LOT-0026094,Train
LOT-0026095,Train
LOT-0026096,Train
LOT-0026097,Train
LOT-0026098,Test (Temporal)
LOT-0026099,Train
LOT-0026100,Train
LOT-0026101,Train
LOT-0026102,Train
LOT-0026103,Train
LOT-0026104,Train
LOT-0026105,Train
LOT-0026106,Train
LOT-0026107,Train
LOT-0026108,Train
LOT-0026109,Train
LOT-0026110,Train
LOT-0026111,Train
LOT-0026112,Train
LOT-0026113,Train
LOT-0026114,Train
LOT-0026115,Train
LOT-0026116,Train
LOT-0026117,Train
LOT-0026118,Train
LOT-0026119,Train
LOT-0026120,Train
LOT-0026121,Train
LOT-0026122,Train
LOT-0026123,Test (Temporal)
LOT-0026124,Train
LOT-0026125,Train
LOT-0026126,Train
LOT-0026127,Train
LOT-0026128,Train
LOT-0026129,Train
LOT-0026130,Train
LOT-0026131,Train
LOT-0026132,Train
LOT-0026133,Train
LOT-0026134,Test (Temporal)
LOT-0026135,Train
LOT-0026136,Train
LOT-0026137,Train
LOT-0026138,Train
LOT-0026139,Train
LOT-0026140,Train
LOT-0026141,Test (Temporal)
LOT-0026142,Train
LOT-0026143,Train
LOT-0026144,Train
LOT-0026145,Train
LOT-0026146,Train
LOT-0026147,Train
LOT-0026148,Train
LOT-0026149,Train
LOT-0026150,Train
LOT-0026151,Train
LOT-0026152,Test (Temporal)
LOT-0026153,Train
LOT-0026154,Train
LOT-0026155,Train
LOT-0026156,Test (Temporal)
LOT-0026157,Train
LOT-0026158,Test (Temporal)
LOT-0026159,Train
LOT-0026160,Train
LOT-0026161,Train
LOT-0026162,Train
LOT-0026163,Train
LOT-0026164,Train
LOT-0026165,Train
LOT-0026166,Test (Temporal)
LOT-0026167,Train
LOT-0026168,Train
LOT-0026169,Train
LOT-0026170,Test (Temporal)
LOT-0026171,Train
LOT-0026172,Train
LOT-0026173,Train
LOT-0026174,Train
LOT-0026175,Train
LOT-0026176,Test (Temporal)
LOT-0026177,Train
LOT-0026178,Train
LOT-0026179,Train
LOT-0026180,Train
LOT-0026181,Train
LOT-0026182,Train
LOT-0026183,Train
LOT-0026184,Train
LOT-0026185,Train
LOT-0026186,Train
LOT-0026187,Train
LOT-0026188,Train
LOT-0026189,Test (Temporal)
LOT-0026190,Train
LOT-0026191,Train
LOT-0026192,Train
LOT-0026193,Train
LOT-0026194,Train
LOT-0026195,Train
LOT-0026196,Test (Temporal)
LOT-0026197,Train
LOT-0026198,Train
LOT-0026199,Train
LOT-0026200,Train
LOT-0026201,Train
LOT-0026202,Train
LOT-0026203,Train
LOT-0026204,Train
LOT-0026205,Test (Temporal)
LOT-0026206,Test (Temporal)
LOT-0026207,Train
LOT-0026208,Train
LOT-0026209,Train
LOT-0026210,Train
LOT-0026211,Train
LOT-0026212,Train
LOT-0026213,Train
LOT-0026214,Train
LOT-0026215,Train
LOT-0026216,Train
LOT-0026217,Train
LOT-0026218,Test (Temporal)
LOT-0026219,Test (Temporal)
LOT-0026220,Train
LOT-0026221,Train
LOT-0026222,Train
LOT-0026223,Train
LOT-0026224,Train
LOT-0026225,Train
LOT-0026226,Train
LOT-0026227,Train
LOT-0026228,Train
LOT-0026229,Train
LOT-0026230,Test (Temporal)
LOT-0026231,Train
LOT-0026232,Train
LOT-0026233,Train
LOT-0026234,Train
LOT-0026235,Train
LOT-0026236,Train
LOT-0026237,Train
LOT-0026238,Train
LOT-0026239,Train
LOT-0026240,Train
LOT-0026241,Train
LOT-0026242,Train
LOT-0026243,Train
LOT-0026244,Train
LOT-0026245,Train
LOT-0026246,Test (Temporal)
LOT-0026247,Train
LOT-0026248,Train
LOT-0026249,Train
LOT-0026250,Train
LOT-0026251,Train
LOT-0026252,Train
LOT-0026253,Train
LOT-0026254,Train
LOT-0026255,Train
LOT-0026256,Test (Temporal)
LOT-0026257,Train
LOT-0026258,Test (Temporal)
LOT-0026259,Train
LOT-0026260,Train
LOT-0026261,Train
LOT-0026262,Train
LOT-0026263,Train
LOT-0026264,Train
LOT-0026265,Train
LOT-0026266,Train
LOT-0026267,Train
LOT-0026268,Train
LOT-0026269,Train
LOT-0026270,Train
LOT-0026271,Train
LOT-0026272,Train
LOT-0026273,Train
LOT-0026274,Train
LOT-0026275,Train
LOT-0026276,Train
LOT-0026277,Train
LOT-0026278,Train
LOT-0026279,Train
LOT-0026280,Test (Temporal)
LOT-0026281,Train
LOT-0026282,Train
LOT-0026283,Train
LOT-0026284,Train
LOT-0026285,Train
LOT-0026286,Train
LOT-0026287,Train
LOT-0026288,Test (Temporal)
LOT-0026289,Train
LOT-0026290,Train
LOT-0026291,Test (Temporal)
LOT-0026292,Train
LOT-0026293,Train
LOT-0026294,Train
LOT-0026295,Train
LOT-0026296,Train
LOT-0026297,Train
LOT-0026298,Train
LOT-0026299,Test (Temporal)
LOT-0026300,Train
LOT-0026301,Train
LOT-0026302,Train
LOT-0026303,Train
LOT-0026304,Train
LOT-0026305,Train
LOT-0026306,Train
LOT-0026307,Train
LOT-0026308,Train
LOT-0026309,Train
LOT-0026310,Test (Temporal)
LOT-0026311,Train
LOT-0026312,Train
LOT-0026313,Train
LOT-0026314,Train
LOT-0026315,Test (Temporal)
LOT-0026316,Test (Temporal)
LOT-0026317,Train
LOT-0026318,Train
LOT-0026319,Test (Temporal)
LOT-0026320,Train
LOT-0026321,Test (Temporal)
LOT-0026322,Train
LOT-0026323,Train
LOT-0026324,Train
LOT-0026325,Train
LOT-0026326,Train
LOT-0026327,Test (Temporal)
LOT-0026328,Train
LOT-0026329,Train
LOT-0026330,Train
LOT-0026331,Train
LOT-0026332,Train
LOT-0026333,Train
LOT-0026334,Train
LOT-0026335,Train
LOT-0026336,Train
LOT-0026337,Train
LOT-0026338,Test (Temporal)
LOT-0026339,Test (Temporal)
LOT-0026340,Train
LOT-0026341,Train
LOT-0026342,Train
LOT-0026343,Train
LOT-0026344,Train
LOT-0026345,Train
LOT-0026346,Train
LOT-0026347,Train
LOT-0026348,Train
LOT-0026349,Train
LOT-0026350,Train
LOT-0026351,Train
LOT-0026352,Train
LOT-0026353,Train
LOT-0026354,Train
LOT-0026355,Train
LOT-0026356,Train
LOT-0026357,Train
LOT-0026358,Train
LOT-0026359,Train
LOT-0026360,Train
LOT-0026361,Train
LOT-0026362,Train
LOT-0026363,Train
LOT-0026364,Test (Temporal)
LOT-0026365,Train
LOT-0026366,Train
LOT-0026367,Train
LOT-0026368,Train
LOT-0026369,Train
LOT-0026370,Test (Temporal)
LOT-0026371,Test (Temporal)
LOT-0026372,Train
LOT-0026373,Train
LOT-0026374,Train
LOT-0026375,Train
LOT-0026376,Train
LOT-0026377,Test (Temporal)
LOT-0026378,Test (Temporal)
LOT-0026379,Train
LOT-0026380,Train
LOT-0026381,Train
LOT-0026382,Train
LOT-0026383,Train
LOT-0026384,Train
LOT-0026385,Train
LOT-0026386,Train
LOT-0026387,Train
LOT-0026388,Train
LOT-0026389,Train
LOT-0026390,Train
LOT-0026391,Train
LOT-0026392,Train
LOT-0026393,Test (Temporal)
LOT-0026394,Test (Temporal)
LOT-0026395,Train
LOT-0026396,Train
LOT-0026397,Train
LOT-0026398,Train
LOT-0026399,Train
LOT-0026400,Train
LOT-0026401,Test (Temporal)
LOT-0026402,Train
LOT-0026403,Train
LOT-0026404,Train
LOT-0026405,Train
LOT-0026406,Train
LOT-0026407,Train
LOT-0026408,Train
LOT-0026409,Train
LOT-0026410,Test (Temporal)
LOT-0026411,Train
LOT-0026412,Train
LOT-0026413,Train
LOT-0026414,Test (Temporal)
LOT-0026415,Train
LOT-0026416,Train
LOT-0026417,Train
LOT-0026418,Train
LOT-0026419,Train
LOT-0026420,Train
LOT-0026421,Train
LOT-0026422,Train
LOT-0026423,Train
LOT-0026424,Train
LOT-0026425,Train
LOT-0026426,Train
LOT-0026427,Train
LOT-0026428,Train
LOT-0026429,Train
LOT-0026430,Train
LOT-0026431,Test (Temporal)
LOT-0026432,Train
LOT-0026433,Train
LOT-0026434,Train
LOT-0026435,Train
LOT-0026436,Train
LOT-0026437,Train
LOT-0026438,Train
LOT-0026439,Train
LOT-0026440,Train
LOT-0026441,Train
LOT-0026442,Train
LOT-0026443,Train
LOT-0026444,Train
LOT-0026445,Train
LOT-0026446,Train
LOT-0026447,Train
LOT-0026448,Train
LOT-0026449,Train
LOT-0026450,Train
LOT-0026451,Test (Temporal)
LOT-0026452,Train
LOT-0026453,Train
LOT-0026454,Train
LOT-0026455,Train
LOT-0026456,Train
LOT-0026457,Train
LOT-0026458,Train
LOT-0026459,Test (Temporal)
LOT-0026460,Test (Temporal)
LOT-0026461,Train
LOT-0026462,Train
LOT-0026463,Train
LOT-0026464,Test (Temporal)
LOT-0026465,Train
LOT-0026466,Train
LOT-0026467,Train
LOT-0026468,Train
LOT-0026469,Train
LOT-0026470,Train
LOT-0026471,Train
LOT-0026472,Train
LOT-0026473,Train
LOT-0026474,Train
LOT-0026475,Test (Temporal)
LOT-0026476,Train
LOT-0026477,Train
LOT-0026478,Train
LOT-0026479,Train
LOT-0026480,Train
LOT-0026481,Train
LOT-0026482,Train
LOT-0026483,Train
LOT-0026484,Test (Temporal)
LOT-0026485,Train
LOT-0026486,Train
LOT-0026487,Train
LOT-0026488,Test (Temporal)
LOT-0026489,Train
LOT-0026490,Train
LOT-0026491,Test (Temporal)
LOT-0026492,Train
LOT-0026493,Train
LOT-0026494,Train
LOT-0026495,Train
LOT-0026496,Train
LOT-0026497,Test (Temporal)
LOT-0026498,Test (Temporal)
LOT-0026499,Train
LOT-0026500,Test (Temporal)
LOT-0026501,Train
LOT-0026502,Train
LOT-0026503,Train
LOT-0026504,Test (Temporal)
LOT-0026505,Test (Temporal)
LOT-0026506,Train
LOT-0026507,Test (Temporal)
LOT-0026508,Train
LOT-0026509,Train
LOT-0026510,Train
LOT-0026511,Train
LOT-0026512,Train
LOT-0026513,Train
LOT-0026514,Test (Temporal)
LOT-0026515,Train
LOT-0026516,Train
LOT-0026517,Train
LOT-0026518,Train
LOT-0026519,Test (Temporal)
LOT-0026520,Train
LOT-0026521,Train
LOT-0026522,Train
LOT-0026523,Train
LOT-0026524,Train
LOT-0026525,Train
LOT-0026526,Train
LOT-0026527,Train
LOT-0026528,Train
LOT-0026529,Test (Temporal)
LOT-0026530,Train
LOT-0026531,Test (Temporal)
LOT-0026532,Train
LOT-0026533,Train
LOT-0026534,Train
LOT-0026535,Train
LOT-0026536,Train
LOT-0026537,Test (Temporal)
LOT-0026538,Test (Temporal)
LOT-0026539,Train
LOT-0026540,Train
LOT-0026541,Test (Temporal)
LOT-0026542,Train
LOT-0026543,Train
LOT-0026544,Train
LOT-0026545,Train
LOT-0026546,Test (Temporal)
LOT-0026547,Train
LOT-0026548,Test (Temporal)
LOT-0026549,Test (Temporal)
LOT-0026550,Train
LOT-0026551,Train
LOT-0026552,Train
LOT-0026553,Train
LOT-0026554,Train
LOT-0026555,Train
LOT-0026556,Train
LOT-0026557,Train
LOT-0026558,Train
LOT-0026559,Test (Temporal)
LOT-0026560,Train
LOT-0026561,Train
LOT-0026562,Train
LOT-0026563,Test (Temporal)
LOT-0026564,Test (Temporal)
LOT-0026565,Test (Temporal)
LOT-0026566,Train
LOT-0026567,Train
LOT-0026568,Train
LOT-0026569,Train
LOT-0026570,Train
LOT-0026571,Train
LOT-0026572,Test (Temporal)
LOT-0026573,Train
LOT-0026574,Train
LOT-0026575,Test (Temporal)
LOT-0026576,Train
LOT-0026577,Train
LOT-0026578,Train
LOT-0026579,Train
LOT-0026580,Train
LOT-0026581,Train
LOT-0026582,Train
LOT-0026583,Train
LOT-0026584,Test (Temporal)
LOT-0026585,Train
LOT-0026586,Train
LOT-0026587,Train
LOT-0026588,Train
LOT-0026589,Train
LOT-0026590,Train
LOT-0026591,Train
LOT-0026592,Train
LOT-0026593,Test (Temporal)
LOT-0026594,Train
LOT-0026595,Train
LOT-0026596,Train
LOT-0026597,Train
LOT-0026598,Train
LOT-0026599,Train
LOT-0026600,Train
LOT-0026601,Train
LOT-0026602,Test (Temporal)
LOT-0026603,Train
LOT-0026604,Train
LOT-0026605,Train
LOT-0026606,Train
LOT-0026607,Train
LOT-0026608,Train
LOT-0026609,Train
LOT-0026610,Train
LOT-0026611,Test (Temporal)
LOT-0026612,Train
LOT-0026613,Train
LOT-0026614,Train
LOT-0026615,Train
LOT-0026616,Train
LOT-0026617,Test (Temporal)
LOT-0026618,Train
LOT-0026619,Train
LOT-0026620,Train
LOT-0026621,Train
LOT-0026622,Train
LOT-0026623,Train
LOT-0026624,Test (Temporal)
LOT-0026625,Train
LOT-0026626,Train
LOT-0026627,Train
LOT-0026628,Train
LOT-0026629,Train
LOT-0026630,Train
LOT-0026631,Train
LOT-0026632,Train
LOT-0026633,Train
LOT-0026634,Train
LOT-0026635,Test (Temporal)
LOT-0026636,Train
LOT-0026637,Train
LOT-0026638,Train
LOT-0026639,Train
LOT-0026640,Train
LOT-0026641,Train
LOT-0026642,Train
LOT-0026643,Test (Temporal)
LOT-0026644,Train
LOT-0026645,Test (Temporal)
LOT-0026646,Train
LOT-0026647,Train
LOT-0026648,Train
LOT-0026649,Train
LOT-0026650,Train
LOT-0026651,Train
LOT-0026652,Train
LOT-0026653,Train
LOT-0026654,Train
LOT-0026655,Train
LOT-0026656,Train
LOT-0026657,Train
LOT-0026658,Train
LOT-0026659,Train
LOT-0026660,Train
LOT-0026661,Train
LOT-0026662,Train
LOT-0026663,Train
LOT-0026664,Train
LOT-0026665,Train
LOT-0026666,Train
LOT-0026667,Train
LOT-0026668,Train
LOT-0026669,Train
LOT-0026670,Train
LOT-0026671,Test (Temporal)
LOT-0026672,Train
LOT-0026673,Train
LOT-0026674,Train
LOT-0026675,Train
LOT-0026676,Train
LOT-0026677,Train
LOT-0026678,Train
LOT-0026679,Test (Temporal)
LOT-0026680,Test (Temporal)
LOT-0026681,Train
LOT-0026682,Train
LOT-0026683,Train
LOT-0026684,Train
LOT-0026685,Train
LOT-0026686,Train
LOT-0026687,Train
LOT-0026688,Test (Temporal)
LOT-0026689,Train
LOT-0026690,Train
LOT-0026691,Test (Temporal)
LOT-0026692,Train
LOT-0026693,Test (Temporal)
LOT-0026694,Train
LOT-0026695,Train
LOT-0026696,Train
LOT-0026697,Test (Temporal)
LOT-0026698,Train
LOT-0026699,Train
LOT-0026700,Test (Temporal)
LOT-0026701,Train
LOT-0026702,Train
LOT-0026703,Train
LOT-0026704,Train
LOT-0026705,Test (Temporal)
LOT-0026706,Train
LOT-0026707,Train
LOT-0026708,Train
LOT-0026709,Train
LOT-0026710,Train
LOT-0026711,Train
LOT-0026712,Train
LOT-0026713,Train
LOT-0026714,Train
LOT-0026715,Train
LOT-0026716,Train
LOT-0026717,Train
LOT-0026718,Test (Temporal)
LOT-0026719,Train
LOT-0026720,Train
LOT-0026721,Train
LOT-0026722,Test (Temporal)
LOT-0026723,Train
LOT-0026724,Train
LOT-0026725,Test (Temporal)
LOT-0026726,Train
LOT-0026727,Train
LOT-0026728,Train
LOT-0026729,Train
LOT-0026730,Train
LOT-0026731,Train
LOT-0026732,Test (Temporal)
LOT-0026733,Train
LOT-0026734,Test (Temporal)
LOT-0026735,Train
LOT-0026736,Train
LOT-0026737,Train
LOT-0026738,Train
LOT-0026739,Train
LOT-0026740,Train
LOT-0026741,Train
LOT-0026742,Train
LOT-0026743,Train
LOT-0026744,Train
LOT-0026745,Train
LOT-0026746,Train
LOT-0026747,Test (Temporal)
LOT-0026748,Train
LOT-0026749,Train
LOT-0026750,Train
LOT-0026751,Test (Temporal)
LOT-0026752,Train
LOT-0026753,Train
LOT-0026754,Test (Temporal)
LOT-0026755,Train
LOT-0026756,Train
LOT-0026757,Train
LOT-0026758,Train
LOT-0026759,Train
LOT-0026760,Train
LOT-0026761,Test (Temporal)
LOT-0026762,Train
LOT-0026763,Test (Temporal)
LOT-0026764,Train
LOT-0026765,Test (Temporal)
LOT-0026766,Train
LOT-0026767,Train
LOT-0026768,Train
LOT-0026769,Train
LOT-0026770,Train
LOT-0026771,Test (Temporal)
LOT-0026772,Train
LOT-0026773,Test (Temporal)
LOT-0026774,Train
LOT-0026775,Train
LOT-0026776,Train
LOT-0026777,Train
LOT-0026778,Train
LOT-0026779,Train
LOT-0026780,Train
LOT-0026781,Train
LOT-0026782,Train
LOT-0026783,Train
LOT-0026784,Train
LOT-0026785,Train
LOT-0026786,Train
LOT-0026787,Test (Temporal)
LOT-0026788,Train
LOT-0026789,Train
LOT-0026790,Train
LOT-0026791,Train
LOT-0026792,Train
LOT-0026793,Train
LOT-0026794,Train
LOT-0026795,Train
LOT-0026796,Train
LOT-0026797,Train
LOT-0026798,Test (Temporal)
LOT-0026799,Train
LOT-0026800,Train
LOT-0026801,Train
LOT-0026802,Train
LOT-0026803,Train
LOT-0026804,Test (Temporal)
LOT-0026805,Train
LOT-0026806,Train
LOT-0026807,Train
LOT-0026808,Test (Temporal)
LOT-0026809,Train
LOT-0026810,Train
LOT-0026811,Test (Temporal)
LOT-0026812,Train
LOT-0026813,Train
LOT-0026814,Train
LOT-0026815,Train
LOT-0026816,Train
LOT-0026817,Train
LOT-0026818,Train
LOT-0026819,Test (Temporal)
LOT-0026820,Train
LOT-0026821,Test (Temporal)
LOT-0026822,Train
LOT-0026823,Train
LOT-0026824,Test (Temporal)
LOT-0026825,Train
LOT-0026826,Train
LOT-0026827,Train
LOT-0026828,Train
LOT-0026829,Train
LOT-0026830,Train
LOT-0026831,Train
LOT-0026832,Test (Temporal)
LOT-0026833,Train
LOT-0026834,Test (Temporal)
LOT-0026835,Train
LOT-0026836,Train
LOT-0026837,Train
LOT-0026838,Train
LOT-0026839,Train
LOT-0026840,Train
LOT-0026841,Train
LOT-0026842,Train
LOT-0026843,Train
LOT-0026844,Train
LOT-0026845,Train
LOT-0026846,Train
LOT-0026847,Train
LOT-0026848,Train
LOT-0026849,Train
LOT-0026850,Train
LOT-0026851,Train
LOT-0026852,Train
LOT-0026853,Train
LOT-0026854,Test (Temporal)
LOT-0026855,Train
LOT-0026856,Train
LOT-0026857,Train
LOT-0026858,Train
LOT-0026859,Train
LOT-0026860,Train
LOT-0026861,Train
LOT-0026862,Train
LOT-0026863,Train
LOT-0026864,Test (Temporal)
LOT-0026865,Train
LOT-0026866,Test (Temporal)
LOT-0026867,Train
LOT-0026868,Train
LOT-0026869,Train
LOT-0026870,Test (Temporal)
LOT-0026871,Test (Temporal)
LOT-0026872,Train
LOT-0026873,Test (Temporal)
LOT-0026874,Train
LOT-0026875,Train
LOT-0026876,Train
LOT-0026877,Train
LOT-0026878,Train
LOT-0026879,Train
LOT-0026880,Train
LOT-0026881,Train
LOT-0026882,Test (Temporal)
LOT-0026883,Test (Temporal)
LOT-0026884,Train
LOT-0026885,Train
LOT-0026886,Test (Temporal)
LOT-0026887,Train
LOT-0026888,Train
LOT-0026889,Train
LOT-0026890,Train
LOT-0026891,Train
LOT-0026892,Train
LOT-0026893,Train
LOT-0026894,Test (Temporal)
LOT-0026895,Train
LOT-0026896,Train
LOT-0026897,Train
LOT-0026898,Train
LOT-0026899,Train
LOT-0026900,Train
LOT-0026901,Train
LOT-0026902,Test (Temporal)
LOT-0026903,Train
LOT-0026904,Train
LOT-0026905,Train
LOT-0026906,Train
LOT-0026907,Test (Temporal)
LOT-0026908,Train
LOT-0026909,Test (Temporal)
LOT-0026910,Train
LOT-0026911,Train
LOT-0026912,Train
LOT-0026913,Train
LOT-0026914,Train
LOT-0026915,Train
LOT-0026916,Test (Temporal)
LOT-0026917,Train
LOT-0026918,Test (Temporal)
LOT-0026919,Train
LOT-0026920,Train
LOT-0026921,Test (Temporal)
LOT-0026922,Train
LOT-0026923,Test (Temporal)
LOT-0026924,Train
LOT-0026925,Test (Temporal)
LOT-0026926,Train
LOT-0026927,Train
LOT-0026928,Train
LOT-0026929,Train
LOT-0026930,Train
LOT-0026931,Train
LOT-0026932,Train
LOT-0026933,Train
LOT-0026934,Train
LOT-0026935,Train
LOT-0026936,Train
LOT-0026937,Train
LOT-0026938,Train
LOT-0026939,Train
LOT-0026940,Train
LOT-0026941,Train
LOT-0026942,Train
LOT-0026943,Train
LOT-0026944,Train
LOT-0026945,Train
LOT-0026946,Test (Temporal)
LOT-0026947,Test (Temporal)
LOT-0026948,Train
LOT-0026949,Train
LOT-0026950,Train
LOT-0026951,Train
LOT-0026952,Train
LOT-0026953,Train
LOT-0026954,Train
LOT-0026955,Train
LOT-0026956,Train
LOT-0026957,Test (Temporal)
LOT-0026958,Train
LOT-0026959,Train
LOT-0026960,Train
LOT-0026961,Train
LOT-0026962,Train
LOT-0026963,Train
LOT-0026964,Train
LOT-0026965,Train
LOT-0026966,Train
LOT-0026967,Test (Temporal)
LOT-0026968,Test (Temporal)
LOT-0026969,Train
LOT-0026970,Train
LOT-0026971,Train
LOT-0026972,Train
LOT-0026973,Train
LOT-0026974,Train
LOT-0026975,Train
LOT-0026976,Train
LOT-0026977,Train
LOT-0026978,Train
LOT-0026979,Train
LOT-0026980,Train
LOT-0026981,Test (Temporal)
LOT-0026982,Train
LOT-0026983,Train
LOT-0026984,Train
LOT-0026985,Train
LOT-0026986,Train
LOT-0026987,Train
LOT-0026988,Train
LOT-0026989,Train
LOT-0026990,Test (Temporal)
LOT-0026991,Train
LOT-0026992,Train
LOT-0026993,Train
LOT-0026994,Train
LOT-0026995,Train
LOT-0026996,Train
LOT-0026997,Train
LOT-0026998,Train
LOT-0026999,Train
LOT-0027000,Test (Temporal)
LOT-0027001,Train
LOT-0027002,Train
LOT-0027003,Train
LOT-0027004,Test (Temporal)
LOT-0027005,Train
LOT-0027006,Train
LOT-0027007,Train
LOT-0027008,Train
LOT-0027009,Train
LOT-0027010,Train
LOT-0027011,Train
LOT-0027012,Train
LOT-0027013,Train
LOT-0027014,Train
LOT-0027015,Train
LOT-0027016,Train
LOT-0027017,Train
LOT-0027018,Train
LOT-0027019,Train
LOT-0027020,Train
LOT-0027021,Train
LOT-0027022,Train
LOT-0027023,Train
LOT-0027024,Train
LOT-0027025,Train
LOT-0027026,Train
LOT-0027027,Train
LOT-0027028,Train
LOT-0027029,Train
LOT-0027030,Train
LOT-0027031,Train
LOT-0027032,Train
LOT-0027033,Train
LOT-0027034,Train
LOT-0027035,Train
LOT-0027036,Train
LOT-0027037,Train
LOT-0027038,Train
LOT-0027039,Train
LOT-0027040,Train
LOT-0027041,Train
LOT-0027042,Train
LOT-0027043,Train
LOT-0027044,Train
LOT-0027045,Test (Temporal)
LOT-0027046,Test (Temporal)
LOT-0027047,Train
LOT-0027048,Train
LOT-0027049,Train
LOT-0027050,Train
LOT-0027051,Train
LOT-0027052,Train
LOT-0027053,Train
LOT-0027054,Train
LOT-0027055,Test (Temporal)
LOT-0027056,Train
LOT-0027057,Train
LOT-0027058,Train
LOT-0027059,Train
LOT-0027060,Train
LOT-0027061,Train
LOT-0027062,Train
LOT-0027063,Test (Temporal)
LOT-0027064,Test (Temporal)
LOT-0027065,Train
LOT-0027066,Train
LOT-0027067,Train
LOT-0027068,Train
LOT-0027069,Test (Temporal)
LOT-0027070,Train
LOT-0027071,Train
LOT-0027072,Test (Temporal)
LOT-0027073,Train
LOT-0027074,Train
LOT-0027075,Train
LOT-0027076,Train
LOT-0027077,Train
LOT-0027078,Train
LOT-0027079,Train
LOT-0027080,Train
LOT-0027081,Train
LOT-0027082,Train
LOT-0027083,Train
LOT-0027084,Test (Temporal)
LOT-0027085,Train
LOT-0027086,Test (Temporal)
LOT-0027087,Train
LOT-0027088,Train
LOT-0027089,Train
LOT-0027090,Test (Temporal)
LOT-0027091,Train
LOT-0027092,Train
LOT-0027093,Train
LOT-0027094,Train
LOT-0027095,Train
LOT-0027096,Train
LOT-0027097,Train
LOT-0027098,Test (Temporal)
LOT-0027099,Train
LOT-0027100,Test (Temporal)
LOT-0027101,Train
LOT-0027102,Train
LOT-0027103,Train
LOT-0027104,Train
LOT-0027105,Train
LOT-0027106,Train
LOT-0027107,Train
LOT-0027108,Train
LOT-0027109,Test (Temporal)
LOT-0027110,Train
LOT-0027111,Test (Temporal)
LOT-0027112,Train
LOT-0027113,Train
LOT-0027114,Train
LOT-0027115,Train
LOT-0027116,Train
LOT-0027117,Train
LOT-0027118,Train
LOT-0027119,Train
LOT-0027120,Train
LOT-0027121,Train
LOT-0027122,Train
LOT-0027123,Train
LOT-0027124,Train
LOT-0027125,Train
LOT-0027126,Train
LOT-0027127,Train
LOT-0027128,Train
LOT-0027129,Train
LOT-0027130,Train
LOT-0027131,Train
LOT-0027132,Train
LOT-0027133,Test (Temporal)
LOT-0027134,Train
LOT-0027135,Train
LOT-0027136,Test (Temporal)
LOT-0027137,Test (Temporal)
LOT-0027138,Train
LOT-0027139,Train
LOT-0027140,Train
LOT-0027141,Train
LOT-0027142,Train
LOT-0027143,Train
LOT-0027144,Train
LOT-0027145,Train
LOT-0027146,Train
LOT-0027147,Train
LOT-0027148,Train
LOT-0027149,Train
LOT-0027150,Train
LOT-0027151,Train
LOT-0027152,Train
LOT-0027153,Train
LOT-0027154,Train
LOT-0027155,Train
LOT-0027156,Train
LOT-0027157,Train
LOT-0027158,Train
LOT-0027159,Train
LOT-0027160,Train
LOT-0027161,Test (Temporal)
LOT-0027162,Train
LOT-0027163,Train
LOT-0027164,Test (Temporal)
LOT-0027165,Train
LOT-0027166,Train
LOT-0027167,Train
LOT-0027168,Test (Temporal)
LOT-0027169,Train
LOT-0027170,Train
LOT-0027171,Train
LOT-0027172,Train
LOT-0027173,Train
LOT-0027174,Train
LOT-0027175,Train
LOT-0027176,Train
LOT-0027177,Test (Temporal)
LOT-0027178,Train
LOT-0027179,Train
LOT-0027180,Train
LOT-0027181,Train
LOT-0027182,Train
LOT-0027183,Train
LOT-0027184,Train
LOT-0027185,Train
LOT-0027186,Train
LOT-0027187,Train
LOT-0027188,Train
LOT-0027189,Test (Temporal)
LOT-0027190,Train
LOT-0027191,Train
LOT-0027192,Train
LOT-0027193,Train
LOT-0027194,Train
LOT-0027195,Train
LOT-0027196,Train
LOT-0027197,Train
LOT-0027198,Train
LOT-0027199,Train
LOT-0027200,Train
LOT-0027201,Train
LOT-0027202,Test (Temporal)
LOT-0027203,Train
LOT-0027204,Train
LOT-0027205,Test (Temporal)
LOT-0027206,Train
LOT-0027207,Train
LOT-0027208,Train
LOT-0027209,Train
LOT-0027210,Test (Temporal)
LOT-0027211,Train
LOT-0027212,Test (Temporal)
LOT-0027213,Train
LOT-0027214,Train
LOT-0027215,Train
LOT-0027216,Train
LOT-0027217,Train
LOT-0027218,Train
LOT-0027219,Train
LOT-0027220,Test (Temporal)
LOT-0027221,Train
LOT-0027222,Train
LOT-0027223,Train
LOT-0027224,Train
LOT-0027225,Train
LOT-0027226,Train
LOT-0027227,Train
LOT-0027228,Train
LOT-0027229,Train
LOT-0027230,Test (Temporal)
LOT-0027231,Train
LOT-0027232,Train
LOT-0027233,Train
LOT-0027234,Train
LOT-0027235,Train
LOT-0027236,Train
LOT-0027237,Train
LOT-0027238,Train
LOT-0027239,Train
LOT-0027240,Train
LOT-0027241,Test (Temporal)
LOT-0027242,Train
LOT-0027243,Train
LOT-0027244,Train
LOT-0027245,Test (Temporal)
LOT-0027246,Train
LOT-0027247,Test (Temporal)
LOT-0027248,Train
LOT-0027249,Train
LOT-0027250,Train
LOT-0027251,Train
LOT-0027252,Test (Temporal)
LOT-0027253,Test (Temporal)
LOT-0027254,Train
LOT-0027255,Train
LOT-0027256,Train
LOT-0027257,Train
LOT-0027258,Train
LOT-0027259,Train
LOT-0027260,Train
LOT-0027261,Train
LOT-0027262,Test (Temporal)
LOT-0027263,Test (Temporal)
LOT-0027264,Train
LOT-0027265,Train
LOT-0027266,Train
LOT-0027267,Train
LOT-0027268,Train
LOT-0027269,Train
LOT-0027270,Train
LOT-0027271,Train
LOT-0027272,Train
LOT-0027273,Test (Temporal)
LOT-0027274,Train
LOT-0027275,Train
LOT-0027276,Test (Temporal)
LOT-0027277,Train
LOT-0027278,Train
LOT-0027279,Train
LOT-0027280,Train
LOT-0027281,Test (Temporal)
LOT-0027282,Train
LOT-0027283,Train
LOT-0027284,Train
LOT-0027285,Train
LOT-0027286,Train
LOT-0027287,Train
LOT-0027288,Train
LOT-0027289,Test (Temporal)
LOT-0027290,Train
LOT-0027291,Train
LOT-0027292,Train
LOT-0027293,Train
LOT-0027294,Train
LOT-0027295,Train
LOT-0027296,Train
LOT-0027297,Train
LOT-0027298,Train
LOT-0027299,Train
LOT-0027300,Train
LOT-0027301,Train
LOT-0027302,Test (Temporal)
LOT-0027303,Train
LOT-0027304,Train
LOT-0027305,Train
LOT-0027306,Test (Temporal)
LOT-0027307,Train
LOT-0027308,Test (Temporal)
LOT-0027309,Train
LOT-0027310,Train
LOT-0027311,Train
LOT-0027312,Train
LOT-0027313,Train
LOT-0027314,Train
LOT-0027315,Train
LOT-0027316,Train
LOT-0027317,Train
LOT-0027318,Train
LOT-0027319,Train
LOT-0027320,Train
LOT-0027321,Train
LOT-0027322,Train
LOT-0027323,Train
LOT-0027324,Train
LOT-0027325,Train
LOT-0027326,Train
LOT-0027327,Train
LOT-0027328,Train
LOT-0027329,Train
LOT-0027330,Train
LOT-0027331,Train
LOT-0027332,Train
LOT-0027333,Train
LOT-0027334,Train
LOT-0027335,Train
LOT-0027336,Train
LOT-0027337,Train
LOT-0027338,Train
LOT-0027339,Train
LOT-0027340,Train
LOT-0027341,Train
LOT-0027342,Train
LOT-0027343,Train
LOT-0027344,Train
LOT-0027345,Train
LOT-0027346,Train
LOT-0027347,Train
LOT-0027348,Test (Temporal)
LOT-0027349,Train
LOT-0027350,Train
LOT-0027351,Train
LOT-0027352,Train
LOT-0027353,Train
LOT-0027354,Train
LOT-0027355,Train
LOT-0027356,Train
LOT-0027357,Train
LOT-0027358,Train
LOT-0027359,Train
LOT-0027360,Train
LOT-0027361,Test (Temporal)
LOT-0027362,Train
LOT-0027363,Test (Temporal)
LOT-0027364,Test (Temporal)
LOT-0027365,Test (Temporal)
LOT-0027366,Test (Temporal)
LOT-0027367,Train
LOT-0027368,Test (Temporal)
LOT-0027369,Train
LOT-0027370,Train
LOT-0027371,Test (Temporal)
LOT-0027372,Train
LOT-0027373,Train
LOT-0027374,Train
LOT-0027375,Train
LOT-0027376,Train
LOT-0027377,Train
LOT-0027378,Train
LOT-0027379,Train
LOT-0027380,Test (Temporal)
LOT-0027381,Train
LOT-0027382,Train
LOT-0027383,Test (Temporal)
LOT-0027384,Train
LOT-0027385,Test (Temporal)
LOT-0027386,Train
LOT-0027387,Train
LOT-0027388,Train
LOT-0027389,Train
LOT-0027390,Train
LOT-0027391,Train
LOT-0027392,Test (Temporal)
LOT-0027393,Train
LOT-0027394,Train
LOT-0027395,Train
LOT-0027396,Train
LOT-0027397,Train
LOT-0027398,Train
LOT-0027399,Train
LOT-0027400,Train
LOT-0027401,Test (Temporal)
LOT-0027402,Train
LOT-0027403,Train
LOT-0027404,Train
LOT-0027405,Train
LOT-0027406,Train
LOT-0027407,Train
LOT-0027408,Train
LOT-0027409,Train
LOT-0027410,Train
LOT-0027411,Train
LOT-0027412,Train
LOT-0027413,Train
LOT-0027414,Train
LOT-0027415,Train
LOT-0027416,Train
LOT-0027417,Train
LOT-0027418,Test (Temporal)
LOT-0027419,Train
LOT-0027420,Train
LOT-0027421,Train
LOT-0027422,Train
LOT-0027423,Train
LOT-0027424,Test (Temporal)
LOT-0027425,Train
LOT-0027426,Train
LOT-0027427,Train
LOT-0027428,Train
LOT-0027429,Train
LOT-0027430,Train
LOT-0027431,Test (Temporal)
LOT-0027432,Train
LOT-0027433,Train
LOT-0027434,Train
LOT-0027435,Train
LOT-0027436,Test (Temporal)
LOT-0027437,Train
LOT-0027438,Train
LOT-0027439,Train
LOT-0027440,Train
LOT-0027441,Test (Temporal)
LOT-0027442,Train
LOT-0027443,Train
LOT-0027444,Train
LOT-0027445,Train
LOT-0027446,Train
LOT-0027447,Train
LOT-0027448,Train
LOT-0027449,Train
LOT-0027450,Train
LOT-0027451,Train
LOT-0027452,Train
LOT-0027453,Train
LOT-0027454,Train
LOT-0027455,Train
LOT-0027456,Train
LOT-0027457,Train
LOT-0027458,Test (Temporal)
LOT-0027459,Train
LOT-0027460,Train
LOT-0027461,Train
LOT-0027462,Train
LOT-0027463,Train
LOT-0027464,Test (Temporal)
LOT-0027465,Train
LOT-0027466,Test (Temporal)
LOT-0027467,Train
LOT-0027468,Train
LOT-0027469,Train
LOT-0027470,Train
LOT-0027471,Train
LOT-0027472,Train
LOT-0027473,Train
LOT-0027474,Train
LOT-0027475,Train
LOT-0027476,Train
LOT-0027477,Test (Temporal)
LOT-0027478,Train
LOT-0027479,Train
LOT-0027480,Train
LOT-0027481,Train
LOT-0027482,Train
LOT-0027483,Train
LOT-0027484,Train
LOT-0027485,Train
LOT-0027486,Train
LOT-0027487,Test (Temporal)
LOT-0027488,Train
LOT-0027489,Test (Temporal)
LOT-0027490,Train
LOT-0027491,Train
LOT-0027492,Train
LOT-0027493,Train
LOT-0027494,Test (Temporal)
LOT-0027495,Train
LOT-0027496,Test (Temporal)
LOT-0027497,Train
LOT-0027498,Train
LOT-0027499,Train
LOT-0027500,Train
LOT-0027501,Train
LOT-0027502,Train
LOT-0027503,Train
LOT-0027504,Train
LOT-0027505,Train
LOT-0027506,Train
LOT-0027507,Train
LOT-0027508,Train
LOT-0027509,Train
LOT-0027510,Test (Temporal)
LOT-0027511,Train
LOT-0027512,Train
LOT-0027513,Train
LOT-0027514,Train
LOT-0027515,Train
LOT-0027516,Train
LOT-0027517,Train
LOT-0027518,Train
LOT-0027519,Test (Temporal)
LOT-0027520,Train
LOT-0027521,Test (Temporal)
LOT-0027522,Train
LOT-0027523,Train
LOT-0027524,Train
LOT-0027525,Train
LOT-0027526,Test (Temporal)
LOT-0027527,Train
LOT-0027528,Train
LOT-0027529,Test (Temporal)
LOT-0027530,Train
LOT-0027531,Train
LOT-0027532,Train
LOT-0027533,Train
LOT-0027534,Train
LOT-0027535,Test (Temporal)
LOT-0027536,Train
LOT-0027537,Train
LOT-0027538,Train
LOT-0027539,Train
LOT-0027540,Train
LOT-0027541,Train
LOT-0027542,Test (Temporal)
LOT-0027543,Train
LOT-0027544,Train
LOT-0027545,Train
LOT-0027546,Train
LOT-0027547,Train
LOT-0027548,Train
LOT-0027549,Train
LOT-0027550,Train
LOT-0027551,Train
LOT-0027552,Train
LOT-0027553,Train
LOT-0027554,Train
LOT-0027555,Train
LOT-0027556,Train
LOT-0027557,Train
LOT-0027558,Train
LOT-0027559,Train
LOT-0027560,Train
LOT-0027561,Train
LOT-0027562,Train
LOT-0027563,Train
LOT-0027564,Test (Temporal)
LOT-0027565,Train
LOT-0027566,Train
LOT-0027567,Train
LOT-0027568,Train
LOT-0027569,Train
LOT-0027570,Train
LOT-0027571,Train
LOT-0027572,Test (Temporal)
LOT-0027573,Train
LOT-0027574,Train
LOT-0027575,Train
LOT-0027576,Train
LOT-0027577,Train
LOT-0027578,Train
LOT-0027579,Train
LOT-0027580,Test (Temporal)
LOT-0027581,Train
LOT-0027582,Train
LOT-0027583,Train
LOT-0027584,Train
LOT-0027585,Train
LOT-0027586,Train
LOT-0027587,Train
LOT-0027588,Test (Temporal)
LOT-0027589,Test (Temporal)
LOT-0027590,Train
LOT-0027591,Train
LOT-0027592,Test (Temporal)
LOT-0027593,Train
LOT-0027594,Train
LOT-0027595,Train
LOT-0027596,Train
LOT-0027597,Train
LOT-0027598,Train
LOT-0027599,Train
LOT-0027600,Train
LOT-0027601,Train
LOT-0027602,Train
LOT-0027603,Train
LOT-0027604,Train
LOT-0027605,Train
LOT-0027606,Test (Temporal)
LOT-0027607,Train
LOT-0027608,Train
LOT-0027609,Train
LOT-0027610,Test (Temporal)
LOT-0027611,Train
LOT-0027612,Test (Temporal)
LOT-0027613,Test (Temporal)
LOT-0027614,Train
LOT-0027615,Test (Temporal)
LOT-0027616,Test (Temporal)
LOT-0027617,Test (Temporal)
LOT-0027618,Train
LOT-0027619,Train
LOT-0027620,Train
LOT-0027621,Train
LOT-0027622,Train
LOT-0027623,Test (Temporal)
LOT-0027624,Train
LOT-0027625,Train
LOT-0027626,Train
LOT-0027627,Train
LOT-0027628,Train
LOT-0027629,Train
LOT-0027630,Train
LOT-0027631,Train
LOT-0027632,Train
LOT-0027633,Train
LOT-0027634,Train
LOT-0027635,Train
LOT-0027636,Train
LOT-0027637,Test (Temporal)
LOT-0027638,Train
LOT-0027639,Train
LOT-0027640,Train
LOT-0027641,Train
LOT-0027642,Train
LOT-0027643,Train
LOT-0027644,Train
LOT-0027645,Train
LOT-0027646,Train
LOT-0027647,Train
LOT-0027648,Train
LOT-0027649,Train
LOT-0027650,Test (Temporal)
LOT-0027651,Test (Temporal)
LOT-0027652,Train
LOT-0027653,Train
LOT-0027654,Train
LOT-0027655,Train
LOT-0027656,Train
LOT-0027657,Train
LOT-0027658,Train
LOT-0027659,Test (Temporal)
LOT-0027660,Test (Temporal)
LOT-0027661,Train
LOT-0027662,Train
LOT-0027663,Train
LOT-0027664,Train
LOT-0027665,Train
LOT-0027666,Train
LOT-0027667,Train
LOT-0027668,Train
LOT-0027669,Train
LOT-0027670,Train
LOT-0027671,Train
LOT-0027672,Train
LOT-0027673,Train
LOT-0027674,Train
LOT-0027675,Test (Temporal)
LOT-0027676,Train
LOT-0027677,Train
LOT-0027678,Train
LOT-0027679,Train
LOT-0027680,Train
LOT-0027681,Train
LOT-0027682,Test (Temporal)
LOT-0027683,Train
LOT-0027684,Train
LOT-0027685,Train
LOT-0027686,Train
LOT-0027687,Test (Temporal)
LOT-0027688,Train
LOT-0027689,Train
LOT-0027690,Test (Temporal)
LOT-0027691,Train
LOT-0027692,Train
LOT-0027693,Train
LOT-0027694,Train
LOT-0027695,Train
LOT-0027696,Train
LOT-0027697,Train
LOT-0027698,Test (Temporal)
LOT-0027699,Train
LOT-0027700,Train
LOT-0027701,Test (Temporal)
LOT-0027702,Test (Temporal)
LOT-0027703,Train
LOT-0027704,Train
LOT-0027705,Train
LOT-0027706,Train
LOT-0027707,Train
LOT-0027708,Test (Temporal)
LOT-0027709,Train
LOT-0027710,Train
LOT-0027711,Train
LOT-0027712,Train
LOT-0027713,Train
LOT-0027714,Train
LOT-0027715,Train
LOT-0027716,Train
LOT-0027717,Train
LOT-0027718,Train
LOT-0027719,Train
LOT-0027720,Train
LOT-0027721,Train
LOT-0027722,Train
LOT-0027723,Train
LOT-0027724,Train
LOT-0027725,Train
LOT-0027726,Train
LOT-0027727,Train
LOT-0027728,Train
LOT-0027729,Train
LOT-0027730,Train
LOT-0027731,Train
LOT-0027732,Train
LOT-0027733,Test (Temporal)
LOT-0027734,Test (Temporal)
LOT-0027735,Train
LOT-0027736,Train
LOT-0027737,Test (Temporal)
LOT-0027738,Train
LOT-0027739,Train
LOT-0027740,Train
LOT-0027741,Train
LOT-0027742,Train
LOT-0027743,Train
LOT-0027744,Train
LOT-0027745,Train
LOT-0027746,Train
LOT-0027747,Train
LOT-0027748,Test (Temporal)
LOT-0027749,Train
LOT-0027750,Train
LOT-0027751,Train
LOT-0027752,Train
LOT-0027753,Train
LOT-0027754,Train
LOT-0027755,Train
LOT-0027756,Train
LOT-0027757,Train
LOT-0027758,Train
LOT-0027759,Train
LOT-0027760,Train
LOT-0027761,Train
LOT-0027762,Train
LOT-0027763,Train
LOT-0027764,Test (Temporal)
LOT-0027765,Train
LOT-0027766,Train
LOT-0027767,Train
LOT-0027768,Train
LOT-0027769,Train
LOT-0027770,Train
LOT-0027771,Train
LOT-0027772,Train
LOT-0027773,Test (Temporal)
LOT-0027774,Train
LOT-0027775,Train
LOT-0027776,Train
LOT-0027777,Train
LOT-0027778,Train
LOT-0027779,Train
LOT-0027780,Train
LOT-0027781,Train
LOT-0027782,Train
LOT-0027783,Train
LOT-0027784,Train
LOT-0027785,Train
LOT-0027786,Train
LOT-0027787,Train
LOT-0027788,Train
LOT-0027789,Train
LOT-0027790,Test (Temporal)
LOT-0027791,Train
LOT-0027792,Train
LOT-0027793,Train
LOT-0027794,Train
LOT-0027795,Train
LOT-0027796,Train
LOT-0027797,Train
LOT-0027798,Test (Temporal)
LOT-0027799,Test (Temporal)
LOT-0027800,Train
LOT-0027801,Train
LOT-0027802,Train
LOT-0027803,Train
LOT-0027804,Train
LOT-0027805,Train
LOT-0027806,Train
LOT-0027807,Train
LOT-0027808,Train
LOT-0027809,Train
LOT-0027810,Test (Temporal)
LOT-0027811,Train
LOT-0027812,Train
LOT-0027813,Test (Temporal)
LOT-0027814,Train
LOT-0027815,Train
LOT-0027816,Train
LOT-0027817,Test (Temporal)
LOT-0027818,Train
LOT-0027819,Train
LOT-0027820,Train
LOT-0027821,Train
LOT-0027822,Train
LOT-0027823,Train
LOT-0027824,Test (Temporal)
LOT-0027825,Test (Temporal)
LOT-0027826,Train
LOT-0027827,Test (Temporal)
LOT-0027828,Train
LOT-0027829,Train
LOT-0027830,Train
LOT-0027831,Train
LOT-0027832,Train
LOT-0027833,Train
LOT-0027834,Train
LOT-0027835,Train
LOT-0027836,Train
LOT-0027837,Train
LOT-0027838,Train
LOT-0027839,Train
LOT-0027840,Train
LOT-0027841,Train
LOT-0027842,Train
LOT-0027843,Train
LOT-0027844,Train
LOT-0027845,Test (Temporal)
LOT-0027846,Train
LOT-0027847,Train
LOT-0027848,Train
LOT-0027849,Test (Temporal)
LOT-0027850,Train
LOT-0027851,Train
LOT-0027852,Train
LOT-0027853,Train
LOT-0027854,Train
LOT-0027855,Train
LOT-0027856,Train
LOT-0027857,Test (Temporal)
LOT-0027858,Train
LOT-0027859,Train
LOT-0027860,Train
LOT-0027861,Train
LOT-0027862,Train
LOT-0027863,Train
LOT-0027864,Test (Temporal)
LOT-0027865,Train
LOT-0027866,Test (Temporal)
LOT-0027867,Train
LOT-0027868,Train
LOT-0027869,Train
LOT-0027870,Train
LOT-0027871,Test (Temporal)
LOT-0027872,Train
LOT-0027873,Train
LOT-0027874,Train
LOT-0027875,Train
LOT-0027876,Train
LOT-0027877,Train
LOT-0027878,Train
LOT-0027879,Train
LOT-0027880,Train
LOT-0027881,Test (Temporal)
LOT-0027882,Train
LOT-0027883,Train
LOT-0027884,Train
LOT-0027885,Train
LOT-0027886,Train
LOT-0027887,Train
LOT-0027888,Train
LOT-0027889,Train
LOT-0027890,Test (Temporal)
LOT-0027891,Train
LOT-0027892,Train
LOT-0027893,Train
LOT-0027894,Train
LOT-0027895,Train
LOT-0027896,Train
LOT-0027897,Train
LOT-0027898,Train
LOT-0027899,Train
LOT-0027900,Train
LOT-0027901,Train
LOT-0027902,Test (Temporal)
LOT-0027903,Train
LOT-0027904,Train
LOT-0027905,Train
LOT-0027906,Train
LOT-0027907,Test (Temporal)
LOT-0027908,Train
LOT-0027909,Train
LOT-0027910,Train
LOT-0027911,Train
LOT-0027912,Train
LOT-0027913,Test (Temporal)
LOT-0027914,Train
LOT-0027915,Train
LOT-0027916,Train
LOT-0027917,Train
LOT-0027918,Train
LOT-0027919,Test (Temporal)
LOT-0027920,Train
LOT-0027921,Train
LOT-0027922,Train
LOT-0027923,Train
LOT-0027924,Train
LOT-0027925,Train
LOT-0027926,Train
LOT-0027927,Train
LOT-0027928,Train
LOT-0027929,Test (Temporal)
LOT-0027930,Train
LOT-0027931,Train
LOT-0027932,Train
LOT-0027933,Train
LOT-0027934,Train
LOT-0027935,Test (Temporal)
LOT-0027936,Train
LOT-0027937,Train
LOT-0027938,Train
LOT-0027939,Train
LOT-0027940,Train
LOT-0027941,Train
LOT-0027942,Train
LOT-0027943,Train
LOT-0027944,Test (Temporal)
LOT-0027945,Train
LOT-0027946,Train
LOT-0027947,Train
LOT-0027948,Train
LOT-0027949,Train
LOT-0027950,Train
LOT-0027951,Train
LOT-0027952,Train
LOT-0027953,Test (Temporal)
LOT-0027954,Train
LOT-0027955,Train
LOT-0027956,Train
LOT-0027957,Train
LOT-0027958,Train
LOT-0027959,Train
LOT-0027960,Train
LOT-0027961,Train
LOT-0027962,Train
LOT-0027963,Train
LOT-0027964,Test (Temporal)
LOT-0027965,Train
LOT-0027966,Train
LOT-0027967,Test (Temporal)
LOT-0027968,Train
LOT-0027969,Train
LOT-0027970,Train
LOT-0027971,Train
LOT-0027972,Test (Temporal)
LOT-0027973,Train
LOT-0027974,Test (Temporal)
LOT-0027975,Train
LOT-0027976,Train
LOT-0027977,Train
LOT-0027978,Train
LOT-0027979,Train
LOT-0027980,Train
LOT-0027981,Train
LOT-0027982,Train
LOT-0027983,Train
LOT-0027984,Train
LOT-0027985,Train
LOT-0027986,Train
LOT-0027987,Train
LOT-0027988,Test (Temporal)
LOT-0027989,Train
LOT-0027990,Train
LOT-0027991,Train
LOT-0027992,Train
LOT-0027993,Test (Temporal)
LOT-0027994,Train
LOT-0027995,Train
LOT-0027996,Train
LOT-0027997,Train
LOT-0027998,Train
LOT-0027999,Train
LOT-0028000,Test (Temporal)
LOT-0028001,Train
LOT-0028002,Test (Temporal)
LOT-0028003,Train
LOT-0028004,Train
LOT-0028005,Train
LOT-0028006,Train
LOT-0028007,Train
LOT-0028008,Train
LOT-0028009,Train
LOT-0028010,Train
LOT-0028011,Train
LOT-0028012,Test (Temporal)
LOT-0028013,Train
LOT-0028014,Train
LOT-0028015,Train
LOT-0028016,Test (Temporal)
LOT-0028017,Train
LOT-0028018,Train
LOT-0028019,Test (Temporal)
LOT-0028020,Test (Temporal)
LOT-0028021,Train
LOT-0028022,Test (Temporal)
LOT-0028023,Test (Temporal)
LOT-0028024,Test (Temporal)
LOT-0028025,Train
LOT-0028026,Train
LOT-0028027,Train
LOT-0028028,Train
LOT-0028029,Train
LOT-0028030,Train
LOT-0028031,Train
LOT-0028032,Train
LOT-0028033,Train
LOT-0028034,Train
LOT-0028035,Train
LOT-0028036,Train
LOT-0028037,Train
LOT-0028038,Train
LOT-0028039,Test (Temporal)
LOT-0028040,Test (Temporal)
LOT-0028041,Train
LOT-0028042,Test (Temporal)
LOT-0028043,Train
LOT-0028044,Test (Temporal)
LOT-0028045,Train
LOT-0028046,Test (Temporal)
LOT-0028047,Train
LOT-0028048,Train
LOT-0028049,Train
LOT-0028050,Test (Temporal)
LOT-0028051,Test (Temporal)
LOT-0028052,Train
LOT-0028053,Train
LOT-0028054,Train
LOT-0028055,Train
LOT-0028056,Train
LOT-0028057,Test (Temporal)
LOT-0028058,Train
LOT-0028059,Train
LOT-0028060,Train
LOT-0028061,Train
LOT-0028062,Train
LOT-0028063,Test (Temporal)
LOT-0028064,Train
LOT-0028065,Train
LOT-0028066,Test (Temporal)
LOT-0028067,Train
LOT-0028068,Test (Temporal)
LOT-0028069,Train
LOT-0028070,Test (Temporal)
LOT-0028071,Test (Temporal)
LOT-0028072,Train
LOT-0028073,Test (Temporal)
LOT-0028074,Test (Temporal)
LOT-0028075,Test (Temporal)
LOT-0028076,Train
LOT-0028077,Test (Temporal)
LOT-0028078,Train
LOT-0028079,Train
LOT-0028080,Test (Temporal)
LOT-0028081,Test (Temporal)
LOT-0028082,Test (Temporal)
LOT-0028083,Train
LOT-0028084,Test (Temporal)
LOT-0028085,Train
LOT-0028086,Test (Temporal)
LOT-0028087,Train
LOT-0028088,Train
LOT-0028089,Train
LOT-0028090,Train
LOT-0028091,Train
LOT-0028092,Train
LOT-0028093,Train
LOT-0028094,Train
LOT-0028095,Train
LOT-0028096,Train
LOT-0028097,Train
LOT-0028098,Train
LOT-0028099,Train
LOT-0028100,Train
LOT-0028101,Train
LOT-0028102,Train
LOT-0028103,Train
LOT-0028104,Test (Temporal)
LOT-0028105,Train
LOT-0028106,Train
LOT-0028107,Train
LOT-0028108,Train
LOT-0028109,Train
LOT-0028110,Train
LOT-0028111,Train
LOT-0028112,Test (Temporal)
LOT-0028113,Train
LOT-0028114,Train
LOT-0028115,Train
LOT-0028116,Train
LOT-0028117,Train
LOT-0028118,Train
LOT-0028119,Train
LOT-0028120,Train
LOT-0028121,Train
LOT-0028122,Train
LOT-0028123,Train
LOT-0028124,Train
LOT-0028125,Train
LOT-0028126,Test (Temporal)
LOT-0028127,Test (Temporal)
LOT-0028128,Train
LOT-0028129,Train
LOT-0028130,Train
LOT-0028131,Test (Temporal)
LOT-0028132,Train
LOT-0028133,Train
LOT-0028134,Train
LOT-0028135,Train
LOT-0028136,Train
LOT-0028137,Train
LOT-0028138,Train
LOT-0028139,Train
LOT-0028140,Test (Temporal)
LOT-0028141,Train
LOT-0028142,Train
LOT-0028143,Train
LOT-0028144,Train
LOT-0028145,Train
LOT-0028146,Train
LOT-0028147,Test (Temporal)
LOT-0028148,Train
LOT-0028149,Train
LOT-0028150,Train
LOT-0028151,Test (Temporal)
LOT-0028152,Train
LOT-0028153,Train
LOT-0028154,Train
LOT-0028155,Train
LOT-0028156,Train
LOT-0028157,Train
LOT-0028158,Train
LOT-0028159,Test (Temporal)
LOT-0028160,Train
LOT-0028161,Train
LOT-0028162,Test (Temporal)
LOT-0028163,Train
LOT-0028164,Train
LOT-0028165,Train
LOT-0028166,Train
LOT-0028167,Test (Temporal)
LOT-0028168,Train
LOT-0028169,Train
LOT-0028170,Train
LOT-0028171,Train
LOT-0028172,Test (Temporal)
LOT-0028173,Train
LOT-0028174,Train
LOT-0028175,Train
LOT-0028176,Train
LOT-0028177,Train
LOT-0028178,Train
LOT-0028179,Train
LOT-0028180,Train
LOT-0028181,Train
LOT-0028182,Train
LOT-0028183,Test (Temporal)
LOT-0028184,Train
LOT-0028185,Train
LOT-0028186,Train
LOT-0028187,Train
LOT-0028188,Train
LOT-0028189,Test (Temporal)
LOT-0028190,Train
LOT-0028191,Train
LOT-0028192,Train
LOT-0028193,Train
LOT-0028194,Train
LOT-0028195,Train
LOT-0028196,Train
LOT-0028197,Train
LOT-0028198,Train
LOT-0028199,Train
LOT-0028200,Train
LOT-0028201,Test (Temporal)
LOT-0028202,Train
LOT-0028203,Train
LOT-0028204,Train
LOT-0028205,Train
LOT-0028206,Train
LOT-0028207,Train
LOT-0028208,Train
LOT-0028209,Train
LOT-0028210,Train
LOT-0028211,Train
LOT-0028212,Test (Temporal)
LOT-0028213,Train
LOT-0028214,Train
LOT-0028215,Train
LOT-0028216,Train
LOT-0028217,Train
LOT-0028218,Train
LOT-0028219,Train
LOT-0028220,Train
LOT-0028221,Train
LOT-0028222,Train
LOT-0028223,Test (Temporal)
LOT-0028224,Test (Temporal)
LOT-0028225,Train
LOT-0028226,Test (Temporal)
LOT-0028227,Train
LOT-0028228,Train
LOT-0028229,Train
LOT-0028230,Test (Temporal)
LOT-0028231,Train
LOT-0028232,Train
LOT-0028233,Train
LOT-0028234,Train
LOT-0028235,Train
LOT-0028236,Test (Temporal)
LOT-0028237,Test (Temporal)
LOT-0028238,Train
LOT-0028239,Test (Temporal)
LOT-0028240,Train
LOT-0028241,Train
LOT-0028242,Test (Temporal)
LOT-0028243,Train
LOT-0028244,Train
LOT-0028245,Train
LOT-0028246,Train
LOT-0028247,Train
LOT-0028248,Train
LOT-0028249,Train
LOT-0028250,Train
LOT-0028251,Train
LOT-0028252,Train
LOT-0028253,Train
LOT-0028254,Train
LOT-0028255,Train
LOT-0028256,Train
LOT-0028257,Train
LOT-0028258,Test (Temporal)
LOT-0028259,Train
LOT-0028260,Train
LOT-0028261,Train
LOT-0028262,Train
LOT-0028263,Test (Temporal)
LOT-0028264,Train
LOT-0028265,Train
LOT-0028266,Train
LOT-0028267,Train
LOT-0028268,Test (Temporal)
LOT-0028269,Train
LOT-0028270,Train
LOT-0028271,Train
LOT-0028272,Train
LOT-0028273,Test (Temporal)
LOT-0028274,Train
LOT-0028275,Train
LOT-0028276,Train
LOT-0028277,Train
LOT-0028278,Train
LOT-0028279,Train
LOT-0028280,Train
LOT-0028281,Train
LOT-0028282,Train
LOT-0028283,Train
LOT-0028284,Train
LOT-0028285,Test (Temporal)
LOT-0028286,Train
LOT-0028287,Train
LOT-0028288,Test (Temporal)
LOT-0028289,Train
LOT-0028290,Train
LOT-0028291,Train
LOT-0028292,Train
LOT-0028293,Train
LOT-0028294,Train
LOT-0028295,Train
LOT-0028296,Test (Temporal)
LOT-0028297,Test (Temporal)
LOT-0028298,Train
LOT-0028299,Train
LOT-0028300,Train
LOT-0028301,Train
LOT-0028302,Train
LOT-0028303,Train
LOT-0028304,Train
LOT-0028305,Test (Temporal)
LOT-0028306,Train
LOT-0028307,Train
LOT-0028308,Train
LOT-0028309,Train
LOT-0028310,Test (Temporal)
LOT-0028311,Train
LOT-0028312,Train
LOT-0028313,Train
LOT-0028314,Train
LOT-0028315,Train
LOT-0028316,Test (Temporal)
LOT-0028317,Train
LOT-0028318,Train
LOT-0028319,Train
LOT-0028320,Train
LOT-0028321,Train
LOT-0028322,Train
LOT-0028323,Train
LOT-0028324,Test (Temporal)
LOT-0028325,Train
LOT-0028326,Test (Temporal)
LOT-0028327,Train
LOT-0028328,Train
LOT-0028329,Train
LOT-0028330,Train
LOT-0028331,Train
LOT-0028332,Test (Temporal)
LOT-0028333,Train
LOT-0028334,Train
LOT-0028335,Train
LOT-0028336,Train
LOT-0028337,Train
LOT-0028338,Train
LOT-0028339,Train
LOT-0028340,Train
LOT-0028341,Train
LOT-0028342,Test (Temporal)
LOT-0028343,Train
LOT-0028344,Train
LOT-0028345,Train
LOT-0028346,Test (Temporal)
LOT-0028347,Train
LOT-0028348,Train
LOT-0028349,Train
LOT-0028350,Train
LOT-0028351,Train
LOT-0028352,Train
LOT-0028353,Train
LOT-0028354,Train
LOT-0028355,Train
LOT-0028356,Train
LOT-0028357,Train
LOT-0028358,Train
LOT-0028359,Train
LOT-0028360,Train
LOT-0028361,Train
LOT-0028362,Train
LOT-0028363,Test (Temporal)
LOT-0028364,Train
LOT-0028365,Train
LOT-0028366,Train
LOT-0028367,Train
LOT-0028368,Test (Temporal)
LOT-0028369,Train
LOT-0028370,Train
LOT-0028371,Train
LOT-0028372,Test (Temporal)
LOT-0028373,Train
LOT-0028374,Train
LOT-0028375,Train
LOT-0028376,Train
LOT-0028377,Train
LOT-0028378,Train
LOT-0028379,Train
LOT-0028380,Train
LOT-0028381,Train
LOT-0028382,Test (Temporal)
LOT-0028383,Train
LOT-0028384,Train
LOT-0028385,Train
LOT-0028386,Test (Temporal)
LOT-0028387,Train
LOT-0028388,Train
LOT-0028389,Train
LOT-0028390,Test (Temporal)
LOT-0028391,Train
LOT-0028392,Train
LOT-0028393,Test (Temporal)
LOT-0028394,Train
LOT-0028395,Train
LOT-0028396,Train
LOT-0028397,Train
LOT-0028398,Train
LOT-0028399,Train
LOT-0028400,Train
LOT-0028401,Train
LOT-0028402,Test (Temporal)
LOT-0028403,Train
LOT-0028404,Train
LOT-0028405,Train
LOT-0028406,Train
LOT-0028407,Train
LOT-0028408,Train
LOT-0028409,Train
LOT-0028410,Train
LOT-0028411,Train
LOT-0028412,Train
LOT-0028413,Train
LOT-0028414,Train
LOT-0028415,Train
LOT-0028416,Train
LOT-0028417,Test (Temporal)
LOT-0028418,Train
LOT-0028419,Train
LOT-0028420,Train
LOT-0028421,Test (Temporal)
LOT-0028422,Train
LOT-0028423,Train
LOT-0028424,Test (Temporal)
LOT-0028425,Train
LOT-0028426,Train
LOT-0028427,Train
LOT-0028428,Train
LOT-0028429,Test (Temporal)
LOT-0028430,Train
LOT-0028431,Train
LOT-0028432,Train
LOT-0028433,Train
LOT-0028434,Train
LOT-0028435,Test (Temporal)
LOT-0028436,Train
LOT-0028437,Test (Temporal)
LOT-0028438,Train
LOT-0028439,Train
LOT-0028440,Train
LOT-0028441,Train
LOT-0028442,Train
LOT-0028443,Train
LOT-0028444,Test (Temporal)
LOT-0028445,Test (Temporal)
LOT-0028446,Train
LOT-0028447,Train
LOT-0028448,Train
LOT-0028449,Train
LOT-0028450,Train
LOT-0028451,Test (Temporal)
LOT-0028452,Train
LOT-0028453,Train
LOT-0028454,Train
LOT-0028455,Train
LOT-0028456,Train
LOT-0028457,Train
LOT-0028458,Test (Temporal)
LOT-0028459,Test (Temporal)
LOT-0028460,Test (Temporal)
LOT-0028461,Train
LOT-0028462,Train
LOT-0028463,Train
LOT-0028464,Train
LOT-0028465,Test (Temporal)
LOT-0028466,Test (Temporal)
LOT-0028467,Train
LOT-0028468,Train
LOT-0028469,Train
LOT-0028470,Test (Temporal)
LOT-0028471,Train
LOT-0028472,Train
LOT-0028473,Train
LOT-0028474,Train
LOT-0028475,Train
LOT-0028476,Test (Temporal)
LOT-0028477,Train
LOT-0028478,Train
LOT-0028479,Train
LOT-0028480,Train
LOT-0028481,Train
LOT-0028482,Train
LOT-0028483,Train
LOT-0028484,Train
LOT-0028485,Train
LOT-0028486,Test (Temporal)
LOT-0028487,Test (Temporal)
LOT-0028488,Train
LOT-0028489,Train
LOT-0028490,Train
LOT-0028491,Test (Temporal)
LOT-0028492,Train
LOT-0028493,Test (Temporal)
LOT-0028494,Train
LOT-0028495,Train
LOT-0028496,Train
LOT-0028497,Test (Temporal)
LOT-0028498,Test (Temporal)
LOT-0028499,Train
LOT-0028500,Train
LOT-0028501,Train
LOT-0028502,Train
LOT-0028503,Train
LOT-0028504,Train
LOT-0028505,Train
LOT-0028506,Train
LOT-0028507,Test (Temporal)
LOT-0028508,Train
LOT-0028509,Train
LOT-0028510,Train
LOT-0028511,Train
LOT-0028512,Test (Temporal)
LOT-0028513,Train
LOT-0028514,Train
LOT-0028515,Test (Temporal)
LOT-0028516,Train
LOT-0028517,Train
LOT-0028518,Train
LOT-0028519,Test (Temporal)
LOT-0028520,Test (Temporal)
LOT-0028521,Test (Temporal)
LOT-0028522,Train
LOT-0028523,Train
LOT-0028524,Train
LOT-0028525,Train
LOT-0028526,Train
LOT-0028527,Test (Temporal)
LOT-0028528,Train
LOT-0028529,Train
LOT-0028530,Train
LOT-0028531,Train
LOT-0028532,Test (Temporal)
LOT-0028533,Train
LOT-0028534,Train
LOT-0028535,Train
LOT-0028536,Train
LOT-0028537,Train
LOT-0028538,Train
LOT-0028539,Train
LOT-0028540,Train
LOT-0028541,Train
LOT-0028542,Train
LOT-0028543,Train
LOT-0028544,Train
LOT-0028545,Train
LOT-0028546,Train
LOT-0028547,Train
LOT-0028548,Train
LOT-0028549,Train
LOT-0028550,Train
LOT-0028551,Train
LOT-0028552,Train
LOT-0028553,Train
LOT-0028554,Test (Temporal)
LOT-0028555,Train
LOT-0028556,Test (Temporal)
LOT-0028557,Train
LOT-0028558,Train
LOT-0028559,Train
LOT-0028560,Test (Temporal)
LOT-0028561,Train
LOT-0028562,Train
LOT-0028563,Test (Temporal)
LOT-0028564,Test (Temporal)
LOT-0028565,Test (Temporal)
LOT-0028566,Train
LOT-0028567,Train
LOT-0028568,Train
LOT-0028569,Train
LOT-0028570,Train
LOT-0028571,Train
LOT-0028572,Train
LOT-0028573,Train
LOT-0028574,Test (Temporal)
LOT-0028575,Train
LOT-0028576,Train
LOT-0028577,Train
LOT-0028578,Train
LOT-0028579,Train
LOT-0028580,Train
LOT-0028581,Train
LOT-0028582,Train
LOT-0028583,Train
LOT-0028584,Train
LOT-0028585,Train
LOT-0028586,Train
LOT-0028587,Train
LOT-0028588,Train
LOT-0028589,Train
LOT-0028590,Train
LOT-0028591,Train
LOT-0028592,Train
LOT-0028593,Train
LOT-0028594,Train
LOT-0028595,Train
LOT-0028596,Test (Temporal)
LOT-0028597,Train
LOT-0028598,Train
LOT-0028599,Train
LOT-0028600,Train
LOT-0028601,Train
LOT-0028602,Train
LOT-0028603,Train
LOT-0028604,Train
LOT-0028605,Train
LOT-0028606,Test (Temporal)
LOT-0028607,Test (Temporal)
LOT-0028608,Train
LOT-0028609,Train
LOT-0028610,Test (Temporal)
LOT-0028611,Train
LOT-0028612,Train
LOT-0028613,Train
LOT-0028614,Train
LOT-0028615,Train
LOT-0028616,Test (Temporal)
LOT-0028617,Test (Temporal)
LOT-0028618,Test (Temporal)
LOT-0028619,Train
LOT-0028620,Test (Temporal)
LOT-0028621,Train
LOT-0028622,Train
LOT-0028623,Train
LOT-0028624,Train
LOT-0028625,Train
LOT-0028626,Train
LOT-0028627,Train
LOT-0028628,Test (Temporal)
LOT-0028629,Train
LOT-0028630,Test (Temporal)
LOT-0028631,Train
LOT-0028632,Train
LOT-0028633,Train
LOT-0028634,Train
LOT-0028635,Train
LOT-0028636,Train
LOT-0028637,Train
LOT-0028638,Train
LOT-0028639,Train
LOT-0028640,Train
LOT-0028641,Train
LOT-0028642,Train
LOT-0028643,Train
LOT-0028644,Train
LOT-0028645,Train
LOT-0028646,Train
LOT-0028647,Train
LOT-0028648,Train
LOT-0028649,Train
LOT-0028650,Test (Temporal)
LOT-0028651,Train
LOT-0028652,Train
LOT-0028653,Test (Temporal)
LOT-0028654,Test (Temporal)
LOT-0028655,Train
LOT-0028656,Train
LOT-0028657,Train
LOT-0028658,Train
LOT-0028659,Train
LOT-0028660,Train
LOT-0028661,Test (Temporal)
LOT-0028662,Test (Temporal)
LOT-0028663,Train
LOT-0028664,Train
LOT-0028665,Train
LOT-0028666,Train
LOT-0028667,Test (Temporal)
LOT-0028668,Train
LOT-0028669,Train
LOT-0028670,Test (Temporal)
LOT-0028671,Test (Temporal)
LOT-0028672,Test (Temporal)
LOT-0028673,Train
LOT-0028674,Train
LOT-0028675,Train
LOT-0028676,Train
LOT-0028677,Test (Temporal)
LOT-0028678,Train
LOT-0028679,Train
LOT-0028680,Train
LOT-0028681,Train
LOT-0028682,Train
LOT-0028683,Test (Temporal)
LOT-0028684,Train
LOT-0028685,Train
LOT-0028686,Train
LOT-0028687,Train
LOT-0028688,Test (Temporal)
LOT-0028689,Train
LOT-0028690,Train
LOT-0028691,Train
LOT-0028692,Train
LOT-0028693,Train
LOT-0028694,Train
LOT-0028695,Test (Temporal)
LOT-0028696,Train
LOT-0028697,Train
LOT-0028698,Train
LOT-0028699,Test (Temporal)
LOT-0028700,Train
LOT-0028701,Test (Temporal)
LOT-0028702,Train
LOT-0028703,Test (Temporal)
LOT-0028704,Train
LOT-0028705,Train
LOT-0028706,Train
LOT-0028707,Train
LOT-0028708,Train
LOT-0028709,Train
LOT-0028710,Train
LOT-0028711,Test (Temporal)
LOT-0028712,Train
LOT-0028713,Train
LOT-0028714,Train
LOT-0028715,Test (Temporal)
LOT-0028716,Train
LOT-0028717,Train
LOT-0028718,Train
LOT-0028719,Train
LOT-0028720,Train
LOT-0028721,Train
LOT-0028722,Test (Temporal)
LOT-0028723,Train
LOT-0028724,Train
LOT-0028725,Train
LOT-0028726,Test (Temporal)
LOT-0028727,Test (Temporal)
LOT-0028728,Train
LOT-0028729,Test (Temporal)
LOT-0028730,Train
LOT-0028731,Train
LOT-0028732,Test (Temporal)
LOT-0028733,Train
LOT-0028734,Train
LOT-0028735,Test (Temporal)
LOT-0028736,Train
LOT-0028737,Train
LOT-0028738,Test (Temporal)
LOT-0028739,Test (Temporal)
LOT-0028740,Test (Temporal)
LOT-0028741,Test (Temporal)
LOT-0028742,Train
LOT-0028743,Test (Temporal)
LOT-0028744,Train
LOT-0028745,Train
LOT-0028746,Train
LOT-0028747,Train
LOT-0028748,Train
LOT-0028749,Train
LOT-0028750,Train
LOT-0028751,Train
LOT-0028752,Train
LOT-0028753,Train
LOT-0028754,Train
LOT-0028755,Train
LOT-0028756,Train
LOT-0028757,Train
LOT-0028758,Train
LOT-0028759,Train
LOT-0028760,Train
LOT-0028761,Train
LOT-0028762,Train
LOT-0028763,Train
LOT-0028764,Test (Temporal)
LOT-0028765,Train
LOT-0028766,Test (Temporal)
LOT-0028767,Train
LOT-0028768,Train
LOT-0028769,Test (Temporal)
LOT-0028770,Train
LOT-0028771,Test (Temporal)
LOT-0028772,Train
LOT-0028773,Train
LOT-0028774,Train
LOT-0028775,Train
LOT-0028776,Train
LOT-0028777,Train
LOT-0028778,Train
LOT-0028779,Train
LOT-0028780,Train
LOT-0028781,Train
LOT-0028782,Train
LOT-0028783,Train
LOT-0028784,Train
LOT-0028785,Train
LOT-0028786,Train
LOT-0028787,Test (Temporal)
LOT-0028788,Train
LOT-0028789,Train
LOT-0028790,Test (Temporal)
LOT-0028791,Train
LOT-0028792,Train
LOT-0028793,Train
LOT-0028794,Train
LOT-0028795,Train
LOT-0028796,Test (Temporal)
LOT-0028797,Train
LOT-0028798,Train
LOT-0028799,Train
LOT-0028800,Train
LOT-0028801,Test (Temporal)
LOT-0028802,Test (Temporal)
LOT-0028803,Train
LOT-0028804,Train
LOT-0028805,Train
LOT-0028806,Test (Temporal)
LOT-0028807,Train
LOT-0028808,Train
LOT-0028809,Train
LOT-0028810,Train
LOT-0028811,Train
LOT-0028812,Train
LOT-0028813,Train
LOT-0028814,Train
LOT-0028815,Test (Temporal)
LOT-0028816,Train
LOT-0028817,Train
LOT-0028818,Train
LOT-0028819,Train
LOT-0028820,Test (Temporal)
LOT-0028821,Train
LOT-0028822,Train
LOT-0028823,Train
LOT-0028824,Train
LOT-0028825,Train
LOT-0028826,Train
LOT-0028827,Train
LOT-0028828,Train
LOT-0028829,Train
LOT-0028830,Train
LOT-0028831,Test (Temporal)
LOT-0028832,Train
LOT-0028833,Test (Temporal)
LOT-0028834,Train
LOT-0028835,Train
LOT-0028836,Test (Temporal)
LOT-0028837,Test (Temporal)
LOT-0028838,Train
LOT-0028839,Train
LOT-0028840,Train
LOT-0028841,Train
LOT-0028842,Train
LOT-0028843,Train
LOT-0028844,Test (Temporal)
LOT-0028845,Train
LOT-0028846,Train
LOT-0028847,Train
LOT-0028848,Test (Temporal)
LOT-0028849,Train
LOT-0028850,Train
LOT-0028851,Train
LOT-0028852,Train
LOT-0028853,Train
LOT-0028854,Test (Temporal)
LOT-0028855,Train
LOT-0028856,Test (Temporal)
LOT-0028857,Train
LOT-0028858,Train
LOT-0028859,Train
LOT-0028860,Train
LOT-0028861,Train
LOT-0028862,Train
LOT-0028863,Test (Temporal)
LOT-0028864,Train
LOT-0028865,Train
LOT-0028866,Test (Temporal)
LOT-0028867,Train
LOT-0028868,Test (Temporal)
LOT-0028869,Train
LOT-0028870,Test (Temporal)
LOT-0028871,Train
LOT-0028872,Test (Temporal)
LOT-0028873,Train
LOT-0028874,Train
LOT-0028875,Train
LOT-0028876,Test (Temporal)
LOT-0028877,Train
LOT-0028878,Train
LOT-0028879,Test (Temporal)
LOT-0028880,Train
LOT-0028881,Train
LOT-0028882,Train
LOT-0028883,Train
LOT-0028884,Train
LOT-0028885,Train
LOT-0028886,Train
LOT-0028887,Train
LOT-0028888,Train
LOT-0028889,Train
LOT-0028890,Train
LOT-0028891,Train
LOT-0028892,Train
LOT-0028893,Train
LOT-0028894,Train
LOT-0028895,Test (Temporal)
LOT-0028896,Train
LOT-0028897,Test (Temporal)
LOT-0028898,Train
LOT-0028899,Train
LOT-0028900,Train
LOT-0028901,Train
LOT-0028902,Test (Temporal)
LOT-0028903,Train
LOT-0028904,Test (Temporal)
LOT-0028905,Train
LOT-0028906,Test (Temporal)
LOT-0028907,Test (Temporal)
LOT-0028908,Train
LOT-0028909,Test (Temporal)
LOT-0028910,Train
LOT-0028911,Train
LOT-0028912,Train
LOT-0028913,Train
LOT-0028914,Train
LOT-0028915,Train
LOT-0028916,Train
LOT-0028917,Train
LOT-0028918,Train
LOT-0028919,Train
LOT-0028920,Train
LOT-0028921,Train
LOT-0028922,Train
LOT-0028923,Train
LOT-0028924,Train
LOT-0028925,Train
LOT-0028926,Train
LOT-0028927,Train
LOT-0028928,Train
LOT-0028929,Train
LOT-0028930,Train
LOT-0028931,Test (Temporal)
LOT-0028932,Train
LOT-0028933,Train
LOT-0028934,Test (Temporal)
LOT-0028935,Train
LOT-0028936,Train
LOT-0028937,Train
LOT-0028938,Train
LOT-0028939,Train
LOT-0028940,Train
LOT-0028941,Train
LOT-0028942,Train
LOT-0028943,Test (Temporal)
LOT-0028944,Train
LOT-0028945,Train
LOT-0028946,Train
LOT-0028947,Train
LOT-0028948,Train
LOT-0028949,Train
LOT-0028950,Train
LOT-0028951,Train
LOT-0028952,Train
LOT-0028953,Test (Temporal)
LOT-0028954,Train
LOT-0028955,Train
LOT-0028956,Test (Temporal)
LOT-0028957,Test (Temporal)
LOT-0028958,Train
LOT-0028959,Train
LOT-0028960,Train
LOT-0028961,Train
LOT-0028962,Train
LOT-0028963,Train
LOT-0028964,Train
LOT-0028965,Test (Temporal)
LOT-0028966,Train
LOT-0028967,Test (Temporal)
LOT-0028968,Test (Temporal)
LOT-0028969,Train
LOT-0028970,Test (Temporal)
LOT-0028971,Train
LOT-0028972,Train
LOT-0028973,Test (Temporal)
LOT-0028974,Train
LOT-0028975,Train
LOT-0028976,Train
LOT-0028977,Test (Temporal)
LOT-0028978,Train
LOT-0028979,Train
LOT-0028980,Train
LOT-0028981,Test (Temporal)
LOT-0028982,Train
LOT-0028983,Train
LOT-0028984,Train
LOT-0028985,Train
LOT-0028986,Train
LOT-0028987,Train
LOT-0028988,Test (Temporal)
LOT-0028989,Train
LOT-0028990,Train
LOT-0028991,Train
LOT-0028992,Test (Temporal)
LOT-0028993,Test (Temporal)
LOT-0028994,Train
LOT-0028995,Train
LOT-0028996,Train
LOT-0028997,Train
LOT-0028998,Train
LOT-0028999,Train
LOT-0029000,Train
LOT-0029001,Train
LOT-0029002,Train
LOT-0029003,Train
LOT-0029004,Train
LOT-0029005,Train
LOT-0029006,Train
LOT-0029007,Train
LOT-0029008,Train
LOT-0029009,Train
LOT-0029010,Test (Temporal)
LOT-0029011,Train
LOT-0029012,Train
LOT-0029013,Train
LOT-0029014,Train
LOT-0029015,Test (Temporal)
LOT-0029016,Train
LOT-0029017,Train
LOT-0029018,Train
LOT-0029019,Train
LOT-0029020,Train
LOT-0029021,Train
LOT-0029022,Train
LOT-0029023,Train
LOT-0029024,Test (Temporal)
LOT-0029025,Train
LOT-0029026,Train
LOT-0029027,Train
LOT-0029028,Train
LOT-0029029,Train
LOT-0029030,Train
LOT-0029031,Train
LOT-0029032,Train
LOT-0029033,Train
LOT-0029034,Train
LOT-0029035,Train
LOT-0029036,Train
LOT-0029037,Train
LOT-0029038,Train
LOT-0029039,Train
LOT-0029040,Train
LOT-0029041,Train
LOT-0029042,Train
LOT-0029043,Test (Temporal)
LOT-0029044,Train
LOT-0029045,Test (Temporal)
LOT-0029046,Train
LOT-0029047,Train
LOT-0029048,Train
LOT-0029049,Train
LOT-0029050,Test (Temporal)
LOT-0029051,Train
LOT-0029052,Train
LOT-0029053,Train
LOT-0029054,Train
LOT-0029055,Train
LOT-0029056,Train
LOT-0029057,Train
LOT-0029058,Train
LOT-0029059,Train
LOT-0029060,Train
LOT-0029061,Train
LOT-0029062,Train
LOT-0029063,Train
LOT-0029064,Train
LOT-0029065,Train
LOT-0029066,Train
LOT-0029067,Train
LOT-0029068,Test (Temporal)
LOT-0029069,Train
LOT-0029070,Test (Temporal)
LOT-0029071,Train
LOT-0029072,Train
LOT-0029073,Train
LOT-0029074,Train
LOT-0029075,Train
LOT-0029076,Train
LOT-0029077,Train
LOT-0029078,Train
LOT-0029079,Train
LOT-0029080,Train
LOT-0029081,Train
LOT-0029082,Train
LOT-0029083,Train
LOT-0029084,Train
LOT-0029085,Test (Temporal)
LOT-0029086,Train
LOT-0029087,Test (Temporal)
LOT-0029088,Train
LOT-0029089,Train
LOT-0029090,Train
LOT-0029091,Train
LOT-0029092,Train
LOT-0029093,Train
LOT-0029094,Train
LOT-0029095,Train
LOT-0029096,Train
LOT-0029097,Train
LOT-0029098,Train
LOT-0029099,Train
LOT-0029100,Train
LOT-0029101,Test (Temporal)
LOT-0029102,Train
LOT-0029103,Train
LOT-0029104,Train
LOT-0029105,Train
LOT-0029106,Test (Temporal)
LOT-0029107,Train
LOT-0029108,Train
LOT-0029109,Train
LOT-0029110,Train
LOT-0029111,Test (Temporal)
LOT-0029112,Train
LOT-0029113,Train
LOT-0029114,Test (Temporal)
LOT-0029115,Train
LOT-0029116,Test (Temporal)
LOT-0029117,Train
LOT-0029118,Train
LOT-0029119,Train
LOT-0029120,Train
LOT-0029121,Train
LOT-0029122,Train
LOT-0029123,Train
LOT-0029124,Train
LOT-0029125,Train
LOT-0029126,Train
LOT-0029127,Train
LOT-0029128,Test (Temporal)
LOT-0029129,Train
LOT-0029130,Train
LOT-0029131,Train
LOT-0029132,Train
LOT-0029133,Train
LOT-0029134,Test (Temporal)
LOT-0029135,Train
LOT-0029136,Train
LOT-0029137,Train
LOT-0029138,Train
LOT-0029139,Test (Temporal)
LOT-0029140,Train
LOT-0029141,Train
LOT-0029142,Train
LOT-0029143,Train
LOT-0029144,Train
LOT-0029145,Train
LOT-0029146,Train
LOT-0029147,Train
LOT-0029148,Train
LOT-0029149,Train
LOT-0029150,Train
LOT-0029151,Train
LOT-0029152,Train
LOT-0029153,Train
LOT-0029154,Train
LOT-0029155,Train
LOT-0029156,Train
LOT-0029157,Train
LOT-0029158,Test (Temporal)
LOT-0029159,Train
LOT-0029160,Train
LOT-0029161,Test (Temporal)
LOT-0029162,Train
LOT-0029163,Train
LOT-0029164,Train
LOT-0029165,Train
LOT-0029166,Train
LOT-0029167,Train
LOT-0029168,Train
LOT-0029169,Train
LOT-0029170,Test (Temporal)
LOT-0029171,Train
LOT-0029172,Train
LOT-0029173,Train
LOT-0029174,Test (Temporal)
LOT-0029175,Train
LOT-0029176,Train
LOT-0029177,Train
LOT-0029178,Train
LOT-0029179,Train
LOT-0029180,Train
LOT-0029181,Train
LOT-0029182,Train
LOT-0029183,Test (Temporal)
LOT-0029184,Train
LOT-0029185,Train
LOT-0029186,Train
LOT-0029187,Train
LOT-0029188,Train
LOT-0029189,Train
LOT-0029190,Train
LOT-0029191,Test (Temporal)
LOT-0029192,Train
LOT-0029193,Train
LOT-0029194,Train
LOT-0029195,Train
LOT-0029196,Train
LOT-0029197,Train
LOT-0029198,Train
LOT-0029199,Train
LOT-0029200,Test (Temporal)
LOT-0029201,Train
LOT-0029202,Train
LOT-0029203,Train
LOT-0029204,Train
LOT-0029205,Test (Temporal)
LOT-0029206,Train
LOT-0029207,Train
LOT-0029208,Test (Temporal)
LOT-0029209,Train
LOT-0029210,Train
LOT-0029211,Train
LOT-0029212,Train
LOT-0029213,Train
LOT-0029214,Train
LOT-0029215,Train
LOT-0029216,Train
LOT-0029217,Test (Temporal)
LOT-0029218,Test (Temporal)
LOT-0029219,Train
LOT-0029220,Train
LOT-0029221,Train
LOT-0029222,Train
LOT-0029223,Train
LOT-0029224,Train
LOT-0029225,Train
LOT-0029226,Train
LOT-0029227,Train
LOT-0029228,Train
LOT-0029229,Test (Temporal)
LOT-0029230,Train
LOT-0029231,Test (Temporal)
LOT-0029232,Train
LOT-0029233,Train
LOT-0029234,Test (Temporal)
LOT-0029235,Train
LOT-0029236,Train
LOT-0029237,Train
LOT-0029238,Train
LOT-0029239,Train
LOT-0029240,Train
LOT-0029241,Train
LOT-0029242,Test (Temporal)
LOT-0029243,Test (Temporal)
LOT-0029244,Train
LOT-0029245,Train
LOT-0029246,Train
LOT-0029247,Train
LOT-0029248,Train
LOT-0029249,Train
LOT-0029250,Train
LOT-0029251,Train
LOT-0029252,Train
LOT-0029253,Train
LOT-0029254,Train
LOT-0029255,Train
LOT-0029256,Train
LOT-0029257,Train
LOT-0029258,Train
LOT-0029259,Train
LOT-0029260,Test (Temporal)
LOT-0029261,Train
LOT-0029262,Train
LOT-0029263,Train
LOT-0029264,Train
LOT-0029265,Test (Temporal)
LOT-0029266,Train
LOT-0029267,Train
LOT-0029268,Train
LOT-0029269,Test (Temporal)
LOT-0029270,Train
LOT-0029271,Train
LOT-0029272,Train
LOT-0029273,Train
LOT-0029274,Train
LOT-0029275,Train
LOT-0029276,Train
LOT-0029277,Train
LOT-0029278,Train
LOT-0029279,Train
LOT-0029280,Train
LOT-0029281,Train
LOT-0029282,Train
LOT-0029283,Train
LOT-0029284,Test (Temporal)
LOT-0029285,Train
LOT-0029286,Test (Temporal)
LOT-0029287,Test (Temporal)
LOT-0029288,Train
LOT-0029289,Train
LOT-0029290,Train
LOT-0029291,Train
LOT-0029292,Train
LOT-0029293,Train
LOT-0029294,Train
LOT-0029295,Train
LOT-0029296,Train
LOT-0029297,Train
LOT-0029298,Train
LOT-0029299,Train
LOT-0029300,Train
LOT-0029301,Train
LOT-0029302,Test (Temporal)
LOT-0029303,Train
LOT-0029304,Train
LOT-0029305,Train
LOT-0029306,Test (Temporal)
LOT-0029307,Train
LOT-0029308,Train
LOT-0029309,Train
LOT-0029310,Train
LOT-0029311,Train
LOT-0029312,Train
LOT-0029313,Train
LOT-0029314,Train
LOT-0029315,Train
LOT-0029316,Train
LOT-0029317,Train
LOT-0029318,Train
LOT-0029319,Train
LOT-0029320,Train
LOT-0029321,Train
LOT-0029322,Train
LOT-0029323,Train
LOT-0029324,Train
LOT-0029325,Train
LOT-0029326,Train
LOT-0029327,Train
LOT-0029328,Train
LOT-0029329,Train
LOT-0029330,Test (Temporal)
LOT-0029331,Train
LOT-0029332,Train
LOT-0029333,Test (Temporal)
LOT-0029334,Test (Temporal)
LOT-0029335,Train
LOT-0029336,Train
LOT-0029337,Train
LOT-0029338,Test (Temporal)
LOT-0029339,Test (Temporal)
LOT-0029340,Train
LOT-0029341,Train
LOT-0029342,Train
LOT-0029343,Test (Temporal)
LOT-0029344,Train
LOT-0029345,Train
LOT-0029346,Train
LOT-0029347,Train
LOT-0029348,Train
LOT-0029349,Train
LOT-0029350,Train
LOT-0029351,Train
LOT-0029352,Train
LOT-0029353,Train
LOT-0029354,Train
LOT-0029355,Train
LOT-0029356,Test (Temporal)
LOT-0029357,Train
LOT-0029358,Test (Temporal)
LOT-0029359,Train
LOT-0029360,Train
LOT-0029361,Train
LOT-0029362,Train
LOT-0029363,Train
LOT-0029364,Train
LOT-0029365,Train
LOT-0029366,Train
LOT-0029367,Train
LOT-0029368,Train
LOT-0029369,Train
LOT-0029370,Train
LOT-0029371,Train
LOT-0029372,Train
LOT-0029373,Train
LOT-0029374,Train
LOT-0029375,Train
LOT-0029376,Train
LOT-0029377,Train
LOT-0029378,Train
LOT-0029379,Train
LOT-0029380,Train
LOT-0029381,Test (Temporal)
LOT-0029382,Train
LOT-0029383,Train
LOT-0029384,Train
LOT-0029385,Train
LOT-0029386,Train
LOT-0029387,Train
LOT-0029388,Train
LOT-0029389,Train
LOT-0029390,Train
LOT-0029391,Train
LOT-0029392,Train
LOT-0029393,Test (Temporal)
LOT-0029394,Train
LOT-0029395,Train
LOT-0029396,Train
LOT-0029397,Train
LOT-0029398,Train
LOT-0029399,Train
LOT-0029400,Train
LOT-0029401,Train
LOT-0029402,Train
LOT-0029403,Train
LOT-0029404,Train
LOT-0029405,Train
LOT-0029406,Train
LOT-0029407,Test (Temporal)
LOT-0029408,Train
LOT-0029409,Test (Temporal)
LOT-0029410,Train
LOT-0029411,Train
LOT-0029412,Train
LOT-0029413,Train
LOT-0029414,Train
LOT-0029415,Train
LOT-0029416,Train
LOT-0029417,Train
LOT-0029418,Train
LOT-0029419,Train
LOT-0029420,Train
LOT-0029421,Train
LOT-0029422,Train
LOT-0029423,Train
LOT-0029424,Train
LOT-0029425,Train
LOT-0029426,Test (Temporal)
LOT-0029427,Test (Temporal)
LOT-0029428,Test (Temporal)
LOT-0029429,Test (Temporal)
LOT-0029430,Train
LOT-0029431,Train
LOT-0029432,Train
LOT-0029433,Train
LOT-0029434,Train
LOT-0029435,Test (Temporal)
LOT-0029436,Train
LOT-0029437,Train
LOT-0029438,Train
LOT-0029439,Train
LOT-0029440,Train
LOT-0029441,Train
LOT-0029442,Train
LOT-0029443,Train
LOT-0029444,Train
LOT-0029445,Test (Temporal)
LOT-0029446,Train
LOT-0029447,Train
LOT-0029448,Train
LOT-0029449,Train
LOT-0029450,Train
LOT-0029451,Test (Temporal)
LOT-0029452,Train
LOT-0029453,Train
LOT-0029454,Train
LOT-0029455,Train
LOT-0029456,Train
LOT-0029457,Train
LOT-0029458,Train
LOT-0029459,Train
LOT-0029460,Train
LOT-0029461,Train
LOT-0029462,Train
LOT-0029463,Train
LOT-0029464,Train
LOT-0029465,Train
LOT-0029466,Train
LOT-0029467,Train
LOT-0029468,Train
LOT-0029469,Train
LOT-0029470,Train
LOT-0029471,Train
LOT-0029472,Train
LOT-0029473,Test (Temporal)
LOT-0029474,Train
LOT-0029475,Train
LOT-0029476,Train
LOT-0029477,Train
LOT-0029478,Train
LOT-0029479,Train
LOT-0029480,Test (Temporal)
LOT-0029481,Train
LOT-0029482,Train
LOT-0029483,Train
LOT-0029484,Train
LOT-0029485,Train
LOT-0029486,Train
LOT-0029487,Train
LOT-0029488,Test (Temporal)
LOT-0029489,Train
LOT-0029490,Train
LOT-0029491,Train
LOT-0029492,Test (Temporal)
LOT-0029493,Train
LOT-0029494,Train
LOT-0029495,Train
LOT-0029496,Test (Temporal)
LOT-0029497,Train
LOT-0029498,Train
LOT-0029499,Train
LOT-0029500,Train
LOT-0029501,Train
LOT-0029502,Train
LOT-0029503,Train
LOT-0029504,Test (Temporal)
LOT-0029505,Train
LOT-0029506,Train
LOT-0029507,Train
LOT-0029508,Test (Temporal)
LOT-0029509,Train
LOT-0029510,Train
LOT-0029511,Train
LOT-0029512,Train
LOT-0029513,Train
LOT-0029514,Train
LOT-0029515,Train
LOT-0029516,Train
LOT-0029517,Train
LOT-0029518,Train
LOT-0029519,Test (Temporal)
LOT-0029520,Train
LOT-0029521,Train
LOT-0029522,Train
LOT-0029523,Train
LOT-0029524,Test (Temporal)
LOT-0029525,Train
LOT-0029526,Train
LOT-0029527,Train
LOT-0029528,Train
LOT-0029529,Train
LOT-0029530,Train
LOT-0029531,Train
LOT-0029532,Train
LOT-0029533,Test (Temporal)
LOT-0029534,Train
LOT-0029535,Train
LOT-0029536,Train
LOT-0029537,Train
LOT-0029538,Train
LOT-0029539,Train
LOT-0029540,Test (Temporal)
LOT-0029541,Test (Temporal)
LOT-0029542,Train
LOT-0029543,Train
LOT-0029544,Train
LOT-0029545,Train
LOT-0029546,Train
LOT-0029547,Test (Temporal)
LOT-0029548,Train
LOT-0029549,Test (Temporal)
LOT-0029550,Test (Temporal)
LOT-0029551,Train
LOT-0029552,Train
LOT-0029553,Train
LOT-0029554,Test (Temporal)
LOT-0029555,Train
LOT-0029556,Train
LOT-0029557,Train
LOT-0029558,Train
LOT-0029559,Train
LOT-0029560,Train
LOT-0029561,Test (Temporal)
LOT-0029562,Train
LOT-0029563,Test (Temporal)
LOT-0029564,Train
LOT-0029565,Train
LOT-0029566,Test (Temporal)
LOT-0029567,Train
LOT-0029568,Train
LOT-0029569,Train
LOT-0029570,Train
LOT-0029571,Train
LOT-0029572,Test (Temporal)
LOT-0029573,Train
LOT-0029574,Train
LOT-0029575,Train
LOT-0029576,Train
LOT-0029577,Train
LOT-0029578,Train
LOT-0029579,Test (Temporal)
LOT-0029580,Train
LOT-0029581,Test (Temporal)
LOT-0029582,Train
LOT-0029583,Train
LOT-0029584,Test (Temporal)
LOT-0029585,Train
LOT-0029586,Train
LOT-0029587,Train
LOT-0029588,Train
LOT-0029589,Test (Temporal)
LOT-0029590,Train
LOT-0029591,Train
LOT-0029592,Train
LOT-0029593,Train
LOT-0029594,Test (Temporal)
LOT-0029595,Train
LOT-0029596,Train
LOT-0029597,Train
LOT-0029598,Train
LOT-0029599,Train
LOT-0029600,Train
LOT-0029601,Test (Temporal)
LOT-0029602,Train
LOT-0029603,Test (Temporal)
LOT-0029604,Train
LOT-0029605,Train
LOT-0029606,Train
LOT-0029607,Train
LOT-0029608,Train
LOT-0029609,Test (Temporal)
LOT-0029610,Train
LOT-0029611,Train
LOT-0029612,Test (Temporal)
LOT-0029613,Train
LOT-0029614,Train
LOT-0029615,Train
LOT-0029616,Test (Temporal)
LOT-0029617,Train
LOT-0029618,Train
LOT-0029619,Train
LOT-0029620,Train
LOT-0029621,Train
LOT-0029622,Train
LOT-0029623,Train
LOT-0029624,Train
LOT-0029625,Train
LOT-0029626,Test (Temporal)
LOT-0029627,Train
LOT-0029628,Test (Temporal)
LOT-0029629,Train
LOT-0029630,Train
LOT-0029631,Train
LOT-0029632,Train
LOT-0029633,Train
LOT-0029634,Train
LOT-0029635,Test (Temporal)
LOT-0029636,Train
LOT-0029637,Train
LOT-0029638,Train
LOT-0029639,Train
LOT-0029640,Train
LOT-0029641,Test (Temporal)
LOT-0029642,Train
LOT-0029643,Test (Temporal)
LOT-0029644,Test (Temporal)
LOT-0029645,Test (Temporal)
LOT-0029646,Train
LOT-0029647,Train
LOT-0029648,Train
LOT-0029649,Train
LOT-0029650,Train
LOT-0029651,Test (Temporal)
LOT-0029652,Train
LOT-0029653,Train
LOT-0029654,Train
LOT-0029655,Train
LOT-0029656,Train
LOT-0029657,Train
LOT-0029658,Train
LOT-0029659,Train
LOT-0029660,Train
LOT-0029661,Test (Temporal)
LOT-0029662,Test (Temporal)
LOT-0029663,Train
LOT-0029664,Train
LOT-0029665,Train
LOT-0029666,Train
LOT-0029667,Train
LOT-0029668,Train
LOT-0029669,Train
LOT-0029670,Train
LOT-0029671,Train
LOT-0029672,Train
LOT-0029673,Train
LOT-0029674,Train
LOT-0029675,Train
LOT-0029676,Test (Temporal)
LOT-0029677,Train
LOT-0029678,Train
LOT-0029679,Train
LOT-0029680,Train
LOT-0029681,Train
LOT-0029682,Train
LOT-0029683,Train
LOT-0029684,Train
LOT-0029685,Train
LOT-0029686,Train
LOT-0029687,Train
LOT-0029688,Train
LOT-0029689,Test (Temporal)
LOT-0029690,Train
LOT-0029691,Train
LOT-0029692,Train
LOT-0029693,Train
LOT-0029694,Train
LOT-0029695,Train
LOT-0029696,Train
LOT-0029697,Train
LOT-0029698,Train
LOT-0029699,Train
LOT-0029700,Train
LOT-0029701,Train
LOT-0029702,Train
LOT-0029703,Train
LOT-0029704,Train
LOT-0029705,Train
LOT-0029706,Train
LOT-0029707,Train
LOT-0029708,Train
LOT-0029709,Train
LOT-0029710,Train
LOT-0029711,Train
LOT-0029712,Test (Temporal)
LOT-0029713,Train
LOT-0029714,Train
LOT-0029715,Test (Temporal)
LOT-0029716,Train
LOT-0029717,Train
LOT-0029718,Train
LOT-0029719,Test (Temporal)
LOT-0029720,Train
LOT-0029721,Test (Temporal)
LOT-0029722,Test (Temporal)
LOT-0029723,Train
LOT-0029724,Train
LOT-0029725,Train
LOT-0029726,Train
LOT-0029727,Train
LOT-0029728,Train
LOT-0029729,Train
LOT-0029730,Train
LOT-0029731,Train
LOT-0029732,Train
LOT-0029733,Train
LOT-0029734,Train
LOT-0029735,Train
LOT-0029736,Train
LOT-0029737,Test (Temporal)
LOT-0029738,Train
LOT-0029739,Train
LOT-0029740,Test (Temporal)
LOT-0029741,Test (Temporal)
LOT-0029742,Train
LOT-0029743,Train
LOT-0029744,Train
LOT-0029745,Train
LOT-0029746,Train
LOT-0029747,Train
LOT-0029748,Test (Temporal)
LOT-0029749,Train
LOT-0029750,Train
LOT-0029751,Train
LOT-0029752,Train
LOT-0029753,Test (Temporal)
LOT-0029754,Train
LOT-0029755,Train
LOT-0029756,Train
LOT-0029757,Train
LOT-0029758,Train
LOT-0029759,Train
LOT-0029760,Train
LOT-0029761,Train
LOT-0029762,Test (Temporal)
LOT-0029763,Train
LOT-0029764,Test (Temporal)
LOT-0029765,Train
LOT-0029766,Train
LOT-0029767,Train
LOT-0029768,Train
LOT-0029769,Train
LOT-0029770,Test (Temporal)
LOT-0029771,Train
LOT-0029772,Train
LOT-0029773,Train
LOT-0029774,Train
LOT-0029775,Train
LOT-0029776,Train
LOT-0029777,Train
LOT-0029778,Train
LOT-0029779,Train
LOT-0029780,Train
LOT-0029781,Train
LOT-0029782,Train
LOT-0029783,Train
LOT-0029784,Train
LOT-0029785,Train
LOT-0029786,Test (Temporal)
LOT-0029787,Train
LOT-0029788,Train
LOT-0029789,Train
LOT-0029790,Train
LOT-0029791,Train
LOT-0029792,Train
LOT-0029793,Train
LOT-0029794,Train
LOT-0029795,Test (Temporal)
LOT-0029796,Train
LOT-0029797,Train
LOT-0029798,Train
LOT-0029799,Train
LOT-0029800,Train
LOT-0029801,Train
LOT-0029802,Train
LOT-0029803,Train
LOT-0029804,Train
LOT-0029805,Train
LOT-0029806,Test (Temporal)
LOT-0029807,Train
LOT-0029808,Train
LOT-0029809,Train
LOT-0029810,Train
LOT-0029811,Train
LOT-0029812,Train
LOT-0029813,Train
LOT-0029814,Train
LOT-0029815,Train
LOT-0029816,Test (Temporal)
LOT-0029817,Train
LOT-0029818,Train
LOT-0029819,Test (Temporal)
LOT-0029820,Train
LOT-0029821,Train
LOT-0029822,Train
LOT-0029823,Train
LOT-0029824,Train
LOT-0029825,Train
LOT-0029826,Train
LOT-0029827,Train
LOT-0029828,Train
LOT-0029829,Train
LOT-0029830,Test (Temporal)
LOT-0029831,Train
LOT-0029832,Train
LOT-0029833,Test (Temporal)
LOT-0029834,Test (Temporal)
LOT-0029835,Train
LOT-0029836,Train
LOT-0029837,Train
LOT-0029838,Train
LOT-0029839,Train
LOT-0029840,Train
LOT-0029841,Train
LOT-0029842,Train
LOT-0029843,Train
LOT-0029844,Train
LOT-0029845,Train
LOT-0029846,Train
LOT-0029847,Train
LOT-0029848,Train
LOT-0029849,Train
LOT-0029850,Train
LOT-0029851,Train
LOT-0029852,Train
LOT-0029853,Train
LOT-0029854,Train
LOT-0029855,Train
LOT-0029856,Train
LOT-0029857,Train
LOT-0029858,Test (Temporal)
LOT-0029859,Train
LOT-0029860,Test (Temporal)
LOT-0029861,Train
LOT-0029862,Train
LOT-0029863,Train
LOT-0029864,Train
LOT-0029865,Train
LOT-0029866,Train
LOT-0029867,Train
LOT-0029868,Train
LOT-0029869,Train
LOT-0029870,Train
LOT-0029871,Train
LOT-0029872,Train
LOT-0029873,Train
LOT-0029874,Train
LOT-0029875,Train
LOT-0029876,Train
LOT-0029877,Train
LOT-0029878,Train
LOT-0029879,Train
LOT-0029880,Train
LOT-0029881,Train
LOT-0029882,Train
LOT-0029883,Train
LOT-0029884,Test (Temporal)
LOT-0029885,Test (Temporal)
LOT-0029886,Train
LOT-0029887,Train
LOT-0029888,Train
LOT-0029889,Train
LOT-0029890,Train
LOT-0029891,Train
LOT-0029892,Test (Temporal)
LOT-0029893,Train
LOT-0029894,Train
LOT-0029895,Train
LOT-0029896,Train
LOT-0029897,Train
LOT-0029898,Train
LOT-0029899,Train
LOT-0029900,Train
LOT-0029901,Train
LOT-0029902,Train
LOT-0029903,Train
LOT-0029904,Train
LOT-0029905,Train
LOT-0029906,Train
LOT-0029907,Test (Temporal)
LOT-0029908,Train
LOT-0029909,Train
LOT-0029910,Test (Temporal)
LOT-0029911,Train
LOT-0029912,Test (Temporal)
LOT-0029913,Train
LOT-0029914,Train
LOT-0029915,Train
LOT-0029916,Train
LOT-0029917,Train
LOT-0029918,Train
LOT-0029919,Train
LOT-0029920,Train
LOT-0029921,Train
LOT-0029922,Train
LOT-0029923,Train
LOT-0029924,Test (Temporal)
LOT-0029925,Test (Temporal)
LOT-0029926,Train
LOT-0029927,Train
LOT-0029928,Train
LOT-0029929,Train
LOT-0029930,Train
LOT-0029931,Train
LOT-0029932,Train
LOT-0029933,Train
LOT-0029934,Train
LOT-0029935,Train
LOT-0029936,Train
LOT-0029937,Train
LOT-0029938,Test (Temporal)
LOT-0029939,Train
LOT-0029940,Train
LOT-0029941,Train
LOT-0029942,Train
LOT-0029943,Train
LOT-0029944,Train
LOT-0029945,Train
LOT-0029946,Train
LOT-0029947,Test (Temporal)
LOT-0029948,Test (Temporal)
LOT-0029949,Train
LOT-0029950,Train
LOT-0029951,Train
LOT-0029952,Test (Temporal)
LOT-0029953,Train
LOT-0029954,Train
LOT-0029955,Train
LOT-0029956,Train
LOT-0029957,Train
LOT-0029958,Train
LOT-0029959,Train
LOT-0029960,Train
LOT-0029961,Train
LOT-0029962,Train
LOT-0029963,Train
LOT-0029964,Train
LOT-0029965,Test (Temporal)
LOT-0029966,Test (Temporal)
LOT-0029967,Train
LOT-0029968,Train
LOT-0029969,Train
LOT-0029970,Train
LOT-0029971,Train
LOT-0029972,Train
LOT-0029973,Test (Temporal)
LOT-0029974,Train
LOT-0029975,Test (Temporal)
LOT-0029976,Train
LOT-0029977,Train
LOT-0029978,Train
LOT-0029979,Train
LOT-0029980,Train
LOT-0029981,Train
LOT-0029982,Test (Temporal)
LOT-0029983,Train
LOT-0029984,Train
LOT-0029985,Train
LOT-0029986,Test (Temporal)
LOT-0029987,Train
LOT-0029988,Test (Temporal)
LOT-0029989,Train
LOT-0029990,Train
LOT-0029991,Train
LOT-0029992,Train
LOT-0029993,Train
LOT-0029994,Test (Temporal)
LOT-0029995,Train
LOT-0029996,Train
LOT-0029997,Train
LOT-0029998,Train
LOT-0029999,Train
LOT-0030000,Train
LOT-0030001,Train
LOT-0030002,Train
LOT-0030003,Train
LOT-0030004,Train
LOT-0030005,Train
LOT-0030006,Train
LOT-0030007,Train
LOT-0030008,Train
LOT-0030009,Train
LOT-0030010,Train
LOT-0030011,Train
LOT-0030012,Train
LOT-0030013,Train
LOT-0030014,Test (Temporal)
LOT-0030015,Test (Temporal)
LOT-0030016,Train
LOT-0030017,Train
LOT-0030018,Train
LOT-0030019,Train
LOT-0030020,Train
LOT-0030021,Train
LOT-0030022,Train
LOT-0030023,Train
LOT-0030024,Train
LOT-0030025,Train
LOT-0030026,Train
LOT-0030027,Train
LOT-0030028,Train
LOT-0030029,Train
LOT-0030030,Train
LOT-0030031,Train
LOT-0030032,Train
LOT-0030033,Train
LOT-0030034,Test (Temporal)
LOT-0030035,Train
LOT-0030036,Train
LOT-0030037,Train
LOT-0030038,Train
LOT-0030039,Train
LOT-0030040,Train
LOT-0030041,Train
LOT-0030042,Test (Temporal)
LOT-0030043,Train
LOT-0030044,Train
LOT-0030045,Train
LOT-0030046,Train
LOT-0030047,Train
LOT-0030048,Train
LOT-0030049,Train
LOT-0030050,Train
LOT-0030051,Train
LOT-0030052,Train
LOT-0030053,Train
LOT-0030054,Test (Temporal)
LOT-0030055,Train
LOT-0030056,Train
LOT-0030057,Train
LOT-0030058,Train
LOT-0030059,Train
LOT-0030060,Train
LOT-0030061,Train
LOT-0030062,Train
LOT-0030063,Train
LOT-0030064,Train
LOT-0030065,Test (Temporal)
LOT-0030066,Train
LOT-0030067,Train
LOT-0030068,Train
LOT-0030069,Train
LOT-0030070,Train
LOT-0030071,Train
LOT-0030072,Train
LOT-0030073,Train
LOT-0030074,Train
LOT-0030075,Train
LOT-0030076,Train
LOT-0030077,Train
LOT-0030078,Train
LOT-0030079,Train
LOT-0030080,Train
LOT-0030081,Train
LOT-0030082,Test (Temporal)
LOT-0030083,Train
LOT-0030084,Train
LOT-0030085,Train
LOT-0030086,Train
LOT-0030087,Train
LOT-0030088,Train
LOT-0030089,Train
LOT-0030090,Train
LOT-0030091,Train
LOT-0030092,Train
LOT-0030093,Train
LOT-0030094,Train
LOT-0030095,Train
LOT-0030096,Train
LOT-0030097,Test (Temporal)
LOT-0030098,Train
LOT-0030099,Train
LOT-0030100,Train
LOT-0030101,Train
LOT-0030102,Train
LOT-0030103,Train
LOT-0030104,Train
LOT-0030105,Test (Temporal)
LOT-0030106,Train
LOT-0030107,Train
LOT-0030108,Train
LOT-0030109,Train
LOT-0030110,Test (Temporal)
LOT-0030111,Train
LOT-0030112,Train
LOT-0030113,Train
LOT-0030114,Train
LOT-0030115,Train
LOT-0030116,Train
LOT-0030117,Test (Temporal)
LOT-0030118,Test (Temporal)
LOT-0030119,Train
LOT-0030120,Train
LOT-0030121,Train
LOT-0030122,Train
LOT-0030123,Train
LOT-0030124,Train
LOT-0030125,Train
LOT-0030126,Test (Temporal)
LOT-0030127,Train
LOT-0030128,Train
LOT-0030129,Train
LOT-0030130,Train
LOT-0030131,Train
LOT-0030132,Train
LOT-0030133,Train
LOT-0030134,Train
LOT-0030135,Train
LOT-0030136,Train
LOT-0030137,Train
LOT-0030138,Train
LOT-0030139,Train
LOT-0030140,Train
LOT-0030141,Train
LOT-0030142,Train
LOT-0030143,Train
LOT-0030144,Train
LOT-0030145,Test (Temporal)
LOT-0030146,Train
LOT-0030147,Test (Temporal)
LOT-0030148,Test (Temporal)
LOT-0030149,Train
LOT-0030150,Train
LOT-0030151,Train
LOT-0030152,Train
LOT-0030153,Train
LOT-0030154,Train
LOT-0030155,Train
LOT-0030156,Train
LOT-0030157,Train
LOT-0030158,Train
LOT-0030159,Train
LOT-0030160,Train
LOT-0030161,Train
LOT-0030162,Train
LOT-0030163,Train
LOT-0030164,Train
LOT-0030165,Train
LOT-0030166,Train
LOT-0030167,Train
LOT-0030168,Train
LOT-0030169,Train
LOT-0030170,Test (Temporal)
LOT-0030171,Test (Temporal)
LOT-0030172,Train
LOT-0030173,Train
LOT-0030174,Train
LOT-0030175,Train
LOT-0030176,Train
LOT-0030177,Train
LOT-0030178,Test (Temporal)
LOT-0030179,Train
LOT-0030180,Train
LOT-0030181,Test (Temporal)
LOT-0030182,Train
LOT-0030183,Test (Temporal)
LOT-0030184,Train
LOT-0030185,Train
LOT-0030186,Train
LOT-0030187,Train
LOT-0030188,Train
LOT-0030189,Train
LOT-0030190,Train
LOT-0030191,Test (Temporal)
LOT-0030192,Train
LOT-0030193,Test (Temporal)
LOT-0030194,Train
LOT-0030195,Train
LOT-0030196,Train
LOT-0030197,Train
LOT-0030198,Train
LOT-0030199,Train
LOT-0030200,Train
LOT-0030201,Train
LOT-0030202,Train
LOT-0030203,Train
LOT-0030204,Test (Temporal)
LOT-0030205,Train
LOT-0030206,Train
LOT-0030207,Train
LOT-0030208,Test (Temporal)
LOT-0030209,Train
LOT-0030210,Train
LOT-0030211,Train
LOT-0030212,Train
LOT-0030213,Train
LOT-0030214,Test (Temporal)
LOT-0030215,Test (Temporal)
LOT-0030216,Train
LOT-0030217,Train
LOT-0030218,Train
LOT-0030219,Train
LOT-0030220,Train
LOT-0030221,Train
LOT-0030222,Train
LOT-0030223,Train
LOT-0030224,Train
LOT-0030225,Test (Temporal)
LOT-0030226,Train
LOT-0030227,Test (Temporal)
LOT-0030228,Train
LOT-0030229,Train
LOT-0030230,Train
LOT-0030231,Train
LOT-0030232,Train
LOT-0030233,Train
LOT-0030234,Train
LOT-0030235,Train
LOT-0030236,Train
LOT-0030237,Train
LOT-0030238,Test (Temporal)
LOT-0030239,Train
LOT-0030240,Train
LOT-0030241,Train
LOT-0030242,Train
LOT-0030243,Train
LOT-0030244,Test (Temporal)
LOT-0030245,Train
LOT-0030246,Train
LOT-0030247,Train
LOT-0030248,Train
LOT-0030249,Train
LOT-0030250,Test (Temporal)
LOT-0030251,Train
LOT-0030252,Train
LOT-0030253,Train
LOT-0030254,Train
LOT-0030255,Test (Temporal)
LOT-0030256,Train
LOT-0030257,Train
LOT-0030258,Train
LOT-0030259,Train
LOT-0030260,Test (Temporal)
LOT-0030261,Train
LOT-0030262,Test (Temporal)
LOT-0030263,Train
LOT-0030264,Train
LOT-0030265,Test (Temporal)
LOT-0030266,Train
LOT-0030267,Test (Temporal)
LOT-0030268,Train
LOT-0030269,Train
LOT-0030270,Test (Temporal)
LOT-0030271,Train
LOT-0030272,Train
LOT-0030273,Train
LOT-0030274,Train
LOT-0030275,Train
LOT-0030276,Train
LOT-0030277,Train
LOT-0030278,Train
LOT-0030279,Train
LOT-0030280,Train
LOT-0030281,Test (Temporal)
LOT-0030282,Train
LOT-0030283,Train
LOT-0030284,Test (Temporal)
LOT-0030285,Train
LOT-0030286,Test (Temporal)
LOT-0030287,Train
LOT-0030288,Train
LOT-0030289,Train
LOT-0030290,Train
LOT-0030291,Train
LOT-0030292,Train
LOT-0030293,Train
LOT-0030294,Train
LOT-0030295,Train
LOT-0030296,Train
LOT-0030297,Train
LOT-0030298,Train
LOT-0030299,Train
LOT-0030300,Train
LOT-0030301,Train
LOT-0030302,Train
LOT-0030303,Test (Temporal)
LOT-0030304,Train
LOT-0030305,Train
LOT-0030306,Test (Temporal)
LOT-0030307,Train
LOT-0030308,Train
LOT-0030309,Train
LOT-0030310,Train
LOT-0030311,Train
LOT-0030312,Train
LOT-0030313,Train
LOT-0030314,Train
LOT-0030315,Train
LOT-0030316,Train
LOT-0030317,Test (Temporal)
LOT-0030318,Train
LOT-0030319,Train
LOT-0030320,Train
LOT-0030321,Train
LOT-0030322,Train
LOT-0030323,Train
LOT-0030324,Train
LOT-0030325,Train
LOT-0030326,Train
LOT-0030327,Train
LOT-0030328,Train
LOT-0030329,Train
LOT-0030330,Train
LOT-0030331,Train
LOT-0030332,Train
LOT-0030333,Train
LOT-0030334,Train
LOT-0030335,Train
LOT-0030336,Test (Temporal)
LOT-0030337,Train
LOT-0030338,Train
LOT-0030339,Train
LOT-0030340,Train
LOT-0030341,Train
LOT-0030342,Train
LOT-0030343,Train
LOT-0030344,Train
LOT-0030345,Test (Temporal)
LOT-0030346,Train
LOT-0030347,Train
LOT-0030348,Train
LOT-0030349,Test (Temporal)
LOT-0030350,Train
LOT-0030351,Train
LOT-0030352,Train
LOT-0030353,Train
LOT-0030354,Train
LOT-0030355,Train
LOT-0030356,Test (Temporal)
LOT-0030357,Train
LOT-0030358,Train
LOT-0030359,Train
LOT-0030360,Train
LOT-0030361,Train
LOT-0030362,Train
LOT-0030363,Train
LOT-0030364,Train
LOT-0030365,Train
LOT-0030366,Train
LOT-0030367,Train
LOT-0030368,Train
LOT-0030369,Test (Temporal)
LOT-0030370,Train
LOT-0030371,Train
LOT-0030372,Train
LOT-0030373,Train
LOT-0030374,Train
LOT-0030375,Train
LOT-0030376,Train
LOT-0030377,Train
LOT-0030378,Train
LOT-0030379,Train
LOT-0030380,Train
LOT-0030381,Train
LOT-0030382,Train
LOT-0030383,Test (Temporal)
LOT-0030384,Train
LOT-0030385,Train
LOT-0030386,Train
LOT-0030387,Train
LOT-0030388,Train
LOT-0030389,Train
LOT-0030390,Train
LOT-0030391,Test (Temporal)
LOT-0030392,Train
LOT-0030393,Train
LOT-0030394,Train
LOT-0030395,Train
LOT-0030396,Train
LOT-0030397,Train
LOT-0030398,Test (Temporal)
LOT-0030399,Test (Temporal)
LOT-0030400,Train
LOT-0030401,Train
LOT-0030402,Test (Temporal)
LOT-0030403,Train
LOT-0030404,Train
LOT-0030405,Train
LOT-0030406,Test (Temporal)
LOT-0030407,Test (Temporal)
LOT-0030408,Train
LOT-0030409,Train
LOT-0030410,Train
LOT-0030411,Test (Temporal)
LOT-0030412,Train
LOT-0030413,Train
LOT-0030414,Train
LOT-0030415,Train
LOT-0030416,Train
LOT-0030417,Train
LOT-0030418,Train
LOT-0030419,Train
LOT-0030420,Train
LOT-0030421,Train
LOT-0030422,Train
LOT-0030423,Test (Temporal)
LOT-0030424,Train
LOT-0030425,Train
LOT-0030426,Test (Temporal)
LOT-0030427,Train
LOT-0030428,Test (Temporal)
LOT-0030429,Test (Temporal)
LOT-0030430,Train
LOT-0030431,Train
LOT-0030432,Train
LOT-0030433,Train
LOT-0030434,Train
LOT-0030435,Train
LOT-0030436,Train
LOT-0030437,Train
LOT-0030438,Train
LOT-0030439,Test (Temporal)
LOT-0030440,Train
LOT-0030441,Test (Temporal)
LOT-0030442,Train
LOT-0030443,Train
LOT-0030444,Train
LOT-0030445,Train
LOT-0030446,Train
LOT-0030447,Train
LOT-0030448,Train
LOT-0030449,Test (Temporal)
LOT-0030450,Train
LOT-0030451,Train
LOT-0030452,Train
LOT-0030453,Train
LOT-0030454,Train
LOT-0030455,Train
LOT-0030456,Train
LOT-0030457,Test (Temporal)
LOT-0030458,Train
LOT-0030459,Train
LOT-0030460,Train
LOT-0030461,Test (Temporal)
LOT-0030462,Train
LOT-0030463,Train
LOT-0030464,Train
LOT-0030465,Train
LOT-0030466,Train
LOT-0030467,Train
LOT-0030468,Train
LOT-0030469,Train
LOT-0030470,Train
LOT-0030471,Train
LOT-0030472,Train
LOT-0030473,Test (Temporal)
LOT-0030474,Train
LOT-0030475,Train
LOT-0030476,Train
LOT-0030477,Train
LOT-0030478,Train
LOT-0030479,Train
LOT-0030480,Train
LOT-0030481,Train
LOT-0030482,Train
LOT-0030483,Train
LOT-0030484,Test (Temporal)
LOT-0030485,Test (Temporal)
LOT-0030486,Train
LOT-0030487,Test (Temporal)
LOT-0030488,Train
LOT-0030489,Train
LOT-0030490,Train
LOT-0030491,Train
LOT-0030492,Train
LOT-0030493,Train
LOT-0030494,Train
LOT-0030495,Train
LOT-0030496,Train
LOT-0030497,Train
LOT-0030498,Train
LOT-0030499,Train
LOT-0030500,Train
LOT-0030501,Train
LOT-0030502,Train
LOT-0030503,Train
LOT-0030504,Train
LOT-0030505,Train
LOT-0030506,Train
LOT-0030507,Train
LOT-0030508,Train
LOT-0030509,Train
LOT-0030510,Train
LOT-0030511,Train
LOT-0030512,Test (Temporal)
LOT-0030513,Test (Temporal)
LOT-0030514,Train
LOT-0030515,Train
LOT-0030516,Train
LOT-0030517,Train
LOT-0030518,Train
LOT-0030519,Train
LOT-0030520,Train
LOT-0030521,Test (Temporal)
LOT-0030522,Train
LOT-0030523,Test (Temporal)
LOT-0030524,Train
LOT-0030525,Train
LOT-0030526,Train
LOT-0030527,Train
LOT-0030528,Train
LOT-0030529,Test (Temporal)
LOT-0030530,Train
LOT-0030531,Test (Temporal)
LOT-0030532,Train
LOT-0030533,Train
LOT-0030534,Train
LOT-0030535,Train
LOT-0030536,Train
LOT-0030537,Train
LOT-0030538,Train
LOT-0030539,Train
LOT-0030540,Train
LOT-0030541,Train
LOT-0030542,Train
LOT-0030543,Train
LOT-0030544,Train
LOT-0030545,Test (Temporal)
LOT-0030546,Train
LOT-0030547,Train
LOT-0030548,Train
LOT-0030549,Test (Temporal)
LOT-0030550,Train
LOT-0030551,Train
LOT-0030552,Train
LOT-0030553,Train
LOT-0030554,Test (Temporal)
LOT-0030555,Train
LOT-0030556,Train
LOT-0030557,Train
LOT-0030558,Train
LOT-0030559,Train
LOT-0030560,Train
LOT-0030561,Train
LOT-0030562,Test (Temporal)
LOT-0030563,Train
LOT-0030564,Train
LOT-0030565,Train
LOT-0030566,Test (Temporal)
LOT-0030567,Train
LOT-0030568,Test (Temporal)
LOT-0030569,Train
LOT-0030570,Train
LOT-0030571,Train
LOT-0030572,Train
LOT-0030573,Train
LOT-0030574,Train
LOT-0030575,Train
LOT-0030576,Train
LOT-0030577,Test (Temporal)
LOT-0030578,Train
LOT-0030579,Train
LOT-0030580,Train
LOT-0030581,Train
LOT-0030582,Train
LOT-0030583,Train
LOT-0030584,Train
LOT-0030585,Train
LOT-0030586,Train
LOT-0030587,Train
LOT-0030588,Train
LOT-0030589,Train
LOT-0030590,Test (Temporal)
LOT-0030591,Train
LOT-0030592,Test (Temporal)
LOT-0030593,Train
LOT-0030594,Train
LOT-0030595,Train
LOT-0030596,Train
LOT-0030597,Train
LOT-0030598,Train
LOT-0030599,Train
LOT-0030600,Train
LOT-0030601,Train
LOT-0030602,Train
LOT-0030603,Train
LOT-0030604,Train
LOT-0030605,Train
LOT-0030606,Train
LOT-0030607,Train
LOT-0030608,Test (Temporal)
LOT-0030609,Test (Temporal)
LOT-0030610,Train
LOT-0030611,Train
LOT-0030612,Train
LOT-0030613,Test (Temporal)
LOT-0030614,Test (Temporal)
LOT-0030615,Test (Temporal)
LOT-0030616,Train
LOT-0030617,Train
LOT-0030618,Train
LOT-0030619,Test (Temporal)
LOT-0030620,Train
LOT-0030621,Train
LOT-0030622,Test (Temporal)
LOT-0030623,Train
LOT-0030624,Test (Temporal)
LOT-0030625,Train
LOT-0030626,Test (Temporal)
LOT-0030627,Train
LOT-0030628,Train
LOT-0030629,Train
LOT-0030630,Test (Temporal)
LOT-0030631,Train
LOT-0030632,Train
LOT-0030633,Train
LOT-0030634,Train
LOT-0030635,Train
LOT-0030636,Train
LOT-0030637,Train
LOT-0030638,Test (Temporal)
LOT-0030639,Train
LOT-0030640,Train
LOT-0030641,Train
LOT-0030642,Test (Temporal)
LOT-0030643,Train
LOT-0030644,Train
LOT-0030645,Train
LOT-0030646,Train
LOT-0030647,Train
LOT-0030648,Train
LOT-0030649,Train
LOT-0030650,Train
LOT-0030651,Train
LOT-0030652,Train
LOT-0030653,Train
LOT-0030654,Train
LOT-0030655,Train
LOT-0030656,Test (Temporal)
LOT-0030657,Train
LOT-0030658,Test (Temporal)
LOT-0030659,Train
LOT-0030660,Test (Temporal)
LOT-0030661,Train
LOT-0030662,Train
LOT-0030663,Train
LOT-0030664,Train
LOT-0030665,Train
LOT-0030666,Train
LOT-0030667,Train
LOT-0030668,Train
LOT-0030669,Test (Temporal)
LOT-0030670,Test (Temporal)
LOT-0030671,Test (Temporal)
LOT-0030672,Test (Temporal)
LOT-0030673,Train
LOT-0030674,Train
LOT-0030675,Test (Temporal)
LOT-0030676,Train
LOT-0030677,Train
LOT-0030678,Test (Temporal)
LOT-0030679,Train
LOT-0030680,Train
LOT-0030681,Test (Temporal)
LOT-0030682,Train
LOT-0030683,Train
LOT-0030684,Train
LOT-0030685,Train
LOT-0030686,Train
LOT-0030687,Train
LOT-0030688,Train
LOT-0030689,Train
LOT-0030690,Train
LOT-0030691,Test (Temporal)
LOT-0030692,Train
LOT-0030693,Train
LOT-0030694,Train
LOT-0030695,Train
LOT-0030696,Train
LOT-0030697,Train
LOT-0030698,Train
LOT-0030699,Train
LOT-0030700,Train
LOT-0030701,Train
LOT-0030702,Train
LOT-0030703,Test (Temporal)
LOT-0030704,Train
LOT-0030705,Train
LOT-0030706,Train
LOT-0030707,Train
LOT-0030708,Train
LOT-0030709,Test (Temporal)
LOT-0030710,Train
LOT-0030711,Train
LOT-0030712,Train
LOT-0030713,Train
LOT-0030714,Train
LOT-0030715,Train
LOT-0030716,Train
LOT-0030717,Train
LOT-0030718,Test (Temporal)
LOT-0030719,Train
LOT-0030720,Train
LOT-0030721,Train
LOT-0030722,Train
LOT-0030723,Train
LOT-0030724,Train
LOT-0030725,Train
LOT-0030726,Train
LOT-0030727,Train
LOT-0030728,Train
LOT-0030729,Train
LOT-0030730,Train
LOT-0030731,Train
LOT-0030732,Train
LOT-0030733,Train
LOT-0030734,Train
LOT-0030735,Train
LOT-0030736,Train
LOT-0030737,Train
LOT-0030738,Train
LOT-0030739,Train
LOT-0030740,Train
LOT-0030741,Train
LOT-0030742,Train
LOT-0030743,Train
LOT-0030744,Train
LOT-0030745,Train
LOT-0030746,Train
LOT-0030747,Train
LOT-0030748,Train
LOT-0030749,Test (Temporal)
LOT-0030750,Train
LOT-0030751,Test (Temporal)
LOT-0030752,Train
LOT-0030753,Train
LOT-0030754,Train
LOT-0030755,Test (Temporal)
LOT-0030756,Train
LOT-0030757,Train
LOT-0030758,Train
LOT-0030759,Test (Temporal)
LOT-0030760,Train
LOT-0030761,Test (Temporal)
LOT-0030762,Train
LOT-0030763,Train
LOT-0030764,Train
LOT-0030765,Test (Temporal)
LOT-0030766,Train
LOT-0030767,Train
LOT-0030768,Train
LOT-0030769,Train
LOT-0030770,Train
LOT-0030771,Train
LOT-0030772,Train
LOT-0030773,Train
LOT-0030774,Train
LOT-0030775,Train
LOT-0030776,Train
LOT-0030777,Train
LOT-0030778,Train
LOT-0030779,Train
LOT-0030780,Train
LOT-0030781,Train
LOT-0030782,Train
LOT-0030783,Train
LOT-0030784,Train
LOT-0030785,Train
LOT-0030786,Train
LOT-0030787,Train
LOT-0030788,Train
LOT-0030789,Train
LOT-0030790,Train
LOT-0030791,Train
LOT-0030792,Train
LOT-0030793,Test (Temporal)
LOT-0030794,Train
LOT-0030795,Train
LOT-0030796,Train
LOT-0030797,Train
LOT-0030798,Train
LOT-0030799,Train
LOT-0030800,Train
LOT-0030801,Train
LOT-0030802,Test (Temporal)
LOT-0030803,Test (Temporal)
LOT-0030804,Train
LOT-0030805,Train
LOT-0030806,Test (Temporal)
LOT-0030807,Train
LOT-0030808,Test (Temporal)
LOT-0030809,Train
LOT-0030810,Test (Temporal)
LOT-0030811,Train
LOT-0030812,Train
LOT-0030813,Train
LOT-0030814,Train
LOT-0030815,Test (Temporal)
LOT-0030816,Train
LOT-0030817,Train
LOT-0030818,Train
LOT-0030819,Test (Temporal)
LOT-0030820,Train
LOT-0030821,Train
LOT-0030822,Train
LOT-0030823,Train
LOT-0030824,Train
LOT-0030825,Test (Temporal)
LOT-0030826,Train
LOT-0030827,Train
LOT-0030828,Test (Temporal)
LOT-0030829,Train
LOT-0030830,Train
LOT-0030831,Train
LOT-0030832,Train
LOT-0030833,Train
LOT-0030834,Train
LOT-0030835,Train
LOT-0030836,Train
LOT-0030837,Test (Temporal)
LOT-0030838,Train
LOT-0030839,Test (Temporal)
LOT-0030840,Train
LOT-0030841,Train
LOT-0030842,Train
LOT-0030843,Test (Temporal)
LOT-0030844,Train
LOT-0030845,Train
LOT-0030846,Train
LOT-0030847,Train
LOT-0030848,Train
LOT-0030849,Train
LOT-0030850,Train
LOT-0030851,Train
LOT-0030852,Train
LOT-0030853,Train
LOT-0030854,Train
LOT-0030855,Test (Temporal)
LOT-0030856,Train
LOT-0030857,Train
LOT-0030858,Train
LOT-0030859,Test (Temporal)
LOT-0030860,Train
LOT-0030861,Train
LOT-0030862,Train
LOT-0030863,Train
LOT-0030864,Test (Temporal)
LOT-0030865,Train
LOT-0030866,Test (Temporal)
LOT-0030867,Train
LOT-0030868,Train
LOT-0030869,Train
LOT-0030870,Train
LOT-0030871,Test (Temporal)
LOT-0030872,Train
LOT-0030873,Train
LOT-0030874,Train
LOT-0030875,Train
LOT-0030876,Test (Temporal)
LOT-0030877,Test (Temporal)
LOT-0030878,Train
LOT-0030879,Train
LOT-0030880,Train
LOT-0030881,Train
LOT-0030882,Train
LOT-0030883,Train
LOT-0030884,Test (Temporal)
LOT-0030885,Train
LOT-0030886,Train
LOT-0030887,Train
LOT-0030888,Train
LOT-0030889,Train
LOT-0030890,Train
LOT-0030891,Train
LOT-0030892,Train
LOT-0030893,Train
LOT-0030894,Train
LOT-0030895,Train
LOT-0030896,Train
LOT-0030897,Train
LOT-0030898,Train
LOT-0030899,Train
LOT-0030900,Train
LOT-0030901,Train
LOT-0030902,Train
LOT-0030903,Train
LOT-0030904,Train
LOT-0030905,Train
LOT-0030906,Train
LOT-0030907,Test (Temporal)
LOT-0030908,Train
LOT-0030909,Train
LOT-0030910,Train
LOT-0030911,Train
LOT-0030912,Train
LOT-0030913,Train
LOT-0030914,Train
LOT-0030915,Train
LOT-0030916,Train
LOT-0030917,Train
LOT-0030918,Train
LOT-0030919,Train
LOT-0030920,Test (Temporal)
LOT-0030921,Train
LOT-0030922,Train
LOT-0030923,Train
LOT-0030924,Train
LOT-0030925,Train
LOT-0030926,Train
LOT-0030927,Train
LOT-0030928,Test (Temporal)
LOT-0030929,Test (Temporal)
LOT-0030930,Train
LOT-0030931,Train
LOT-0030932,Train
LOT-0030933,Train
LOT-0030934,Train
LOT-0030935,Train
LOT-0030936,Train
LOT-0030937,Train
LOT-0030938,Train
LOT-0030939,Train
LOT-0030940,Test (Temporal)
LOT-0030941,Train
LOT-0030942,Train
LOT-0030943,Train
LOT-0030944,Train
LOT-0030945,Train
LOT-0030946,Train
LOT-0030947,Test (Temporal)
LOT-0030948,Train
LOT-0030949,Test (Temporal)
LOT-0030950,Train
LOT-0030951,Train
LOT-0030952,Train
LOT-0030953,Train
LOT-0030954,Train
LOT-0030955,Train
LOT-0030956,Test (Temporal)
LOT-0030957,Test (Temporal)
LOT-0030958,Train
LOT-0030959,Train
LOT-0030960,Train
LOT-0030961,Test (Temporal)
LOT-0030962,Train
LOT-0030963,Train
LOT-0030964,Train
LOT-0030965,Train
LOT-0030966,Test (Temporal)
LOT-0030967,Train
LOT-0030968,Train
LOT-0030969,Train
LOT-0030970,Train
LOT-0030971,Train
LOT-0030972,Test (Temporal)
LOT-0030973,Test (Temporal)
LOT-0030974,Train
LOT-0030975,Train
LOT-0030976,Train
LOT-0030977,Train
LOT-0030978,Train
LOT-0030979,Train
LOT-0030980,Train
LOT-0030981,Train
LOT-0030982,Train
LOT-0030983,Train
LOT-0030984,Train
LOT-0030985,Test (Temporal)
LOT-0030986,Train
LOT-0030987,Test (Temporal)
LOT-0030988,Train
LOT-0030989,Train
LOT-0030990,Test (Temporal)
LOT-0030991,Train
LOT-0030992,Test (Temporal)
LOT-0030993,Train
LOT-0030994,Train
LOT-0030995,Test (Temporal)
LOT-0030996,Test (Temporal)
LOT-0030997,Train
LOT-0030998,Train
LOT-0030999,Train
LOT-0031000,Train
LOT-0031001,Train
LOT-0031002,Train
LOT-0031003,Train
LOT-0031004,Train
LOT-0031005,Train
LOT-0031006,Test (Temporal)
LOT-0031007,Train
LOT-0031008,Test (Temporal)
LOT-0031009,Train
LOT-0031010,Train
LOT-0031011,Train
LOT-0031012,Test (Temporal)
LOT-0031013,Test (Temporal)
LOT-0031014,Train
LOT-0031015,Train
LOT-0031016,Test (Temporal)
LOT-0031017,Train
LOT-0031018,Train
LOT-0031019,Train
LOT-0031020,Train
LOT-0031021,Test (Temporal)
LOT-0031022,Train
LOT-0031023,Train
LOT-0031024,Test (Temporal)
LOT-0031025,Train
LOT-0031026,Train
LOT-0031027,Train
LOT-0031028,Test (Temporal)
LOT-0031029,Train
LOT-0031030,Train
LOT-0031031,Train
LOT-0031032,Train
LOT-0031033,Train
LOT-0031034,Test (Temporal)
LOT-0031035,Train
LOT-0031036,Train
LOT-0031037,Train
LOT-0031038,Train
LOT-0031039,Train
LOT-0031040,Train
LOT-0031041,Train
LOT-0031042,Train
LOT-0031043,Train
LOT-0031044,Train
LOT-0031045,Train
LOT-0031046,Train
LOT-0031047,Train
LOT-0031048,Train
LOT-0031049,Train
LOT-0031050,Test (Temporal)
LOT-0031051,Test (Temporal)
LOT-0031052,Test (Temporal)
LOT-0031053,Test (Temporal)
LOT-0031054,Train
LOT-0031055,Train
LOT-0031056,Train
LOT-0031057,Train
LOT-0031058,Train
LOT-0031059,Train
LOT-0031060,Test (Temporal)
LOT-0031061,Train
LOT-0031062,Train
LOT-0031063,Train
LOT-0031064,Train
LOT-0031065,Test (Temporal)
LOT-0031066,Train
LOT-0031067,Train
LOT-0031068,Train
LOT-0031069,Train
LOT-0031070,Train
LOT-0031071,Test (Temporal)
LOT-0031072,Test (Temporal)
LOT-0031073,Train
LOT-0031074,Train
LOT-0031075,Train
LOT-0031076,Test (Temporal)
LOT-0031077,Train
LOT-0031078,Train
LOT-0031079,Train
LOT-0031080,Train
LOT-0031081,Train
LOT-0031082,Train
LOT-0031083,Train
LOT-0031084,Train
LOT-0031085,Train
LOT-0031086,Train
LOT-0031087,Train
LOT-0031088,Train
LOT-0031089,Test (Temporal)
LOT-0031090,Train
LOT-0031091,Train
LOT-0031092,Train
LOT-0031093,Train
LOT-0031094,Train
LOT-0031095,Test (Temporal)
LOT-0031096,Train
LOT-0031097,Train
LOT-0031098,Train
LOT-0031099,Train
LOT-0031100,Test (Temporal)
LOT-0031101,Train
LOT-0031102,Train
LOT-0031103,Test (Temporal)
LOT-0031104,Test (Temporal)
LOT-0031105,Train
LOT-0031106,Train
LOT-0031107,Test (Temporal)
LOT-0031108,Train
LOT-0031109,Train
LOT-0031110,Train
LOT-0031111,Train
LOT-0031112,Train
LOT-0031113,Train
LOT-0031114,Train
LOT-0031115,Train
LOT-0031116,Train
LOT-0031117,Train
LOT-0031118,Train
LOT-0031119,Train
LOT-0031120,Train
LOT-0031121,Train
LOT-0031122,Train
LOT-0031123,Train
LOT-0031124,Train
LOT-0031125,Train
LOT-0031126,Train
LOT-0031127,Train
LOT-0031128,Train
LOT-0031129,Train
LOT-0031130,Test (Temporal)
LOT-0031131,Train
LOT-0031132,Test (Temporal)
LOT-0031133,Test (Temporal)
LOT-0031134,Train
LOT-0031135,Train
LOT-0031136,Train
LOT-0031137,Train
LOT-0031138,Train
LOT-0031139,Train
LOT-0031140,Train
LOT-0031141,Train
LOT-0031142,Train
LOT-0031143,Train
LOT-0031144,Train
LOT-0031145,Train
LOT-0031146,Train
LOT-0031147,Test (Temporal)
LOT-0031148,Train
LOT-0031149,Train
LOT-0031150,Train
LOT-0031151,Train
LOT-0031152,Train
LOT-0031153,Train
LOT-0031154,Train
LOT-0031155,Train
LOT-0031156,Test (Temporal)
LOT-0031157,Train
LOT-0031158,Train
LOT-0031159,Train
LOT-0031160,Train
LOT-0031161,Train
LOT-0031162,Train
LOT-0031163,Test (Temporal)
LOT-0031164,Train
LOT-0031165,Train
LOT-0031166,Train
LOT-0031167,Train
LOT-0031168,Train
LOT-0031169,Train
LOT-0031170,Train
LOT-0031171,Train
LOT-0031172,Test (Temporal)
LOT-0031173,Train
LOT-0031174,Train
LOT-0031175,Test (Temporal)
LOT-0031176,Train
LOT-0031177,Train
LOT-0031178,Train
LOT-0031179,Train
LOT-0031180,Train
LOT-0031181,Test (Temporal)
LOT-0031182,Train
LOT-0031183,Train
LOT-0031184,Train
LOT-0031185,Train
LOT-0031186,Test (Temporal)
LOT-0031187,Test (Temporal)
LOT-0031188,Test (Temporal)
LOT-0031189,Train
LOT-0031190,Train
LOT-0031191,Train
LOT-0031192,Train
LOT-0031193,Train
LOT-0031194,Train
LOT-0031195,Test (Temporal)
LOT-0031196,Train
LOT-0031197,Train
LOT-0031198,Train
LOT-0031199,Train
LOT-0031200,Test (Temporal)
LOT-0031201,Train
LOT-0031202,Test (Temporal)
LOT-0031203,Train
LOT-0031204,Train
LOT-0031205,Test (Temporal)
LOT-0031206,Train
LOT-0031207,Train
LOT-0031208,Train
LOT-0031209,Train
LOT-0031210,Train
LOT-0031211,Train
LOT-0031212,Train
LOT-0031213,Train
LOT-0031214,Test (Temporal)
LOT-0031215,Test (Temporal)
LOT-0031216,Train
LOT-0031217,Train
LOT-0031218,Train
LOT-0031219,Train
LOT-0031220,Train
LOT-0031221,Test (Temporal)
LOT-0031222,Train
LOT-0031223,Train
LOT-0031224,Train
LOT-0031225,Train
LOT-0031226,Train
LOT-0031227,Test (Temporal)
LOT-0031228,Train
LOT-0031229,Test (Temporal)
LOT-0031230,Train
LOT-0031231,Train
LOT-0031232,Test (Temporal)
LOT-0031233,Train
LOT-0031234,Train
LOT-0031235,Train
LOT-0031236,Train
LOT-0031237,Train
LOT-0031238,Train
LOT-0031239,Train
LOT-0031240,Train
LOT-0031241,Train
LOT-0031242,Train
LOT-0031243,Train
LOT-0031244,Train
LOT-0031245,Train
LOT-0031246,Test (Temporal)
LOT-0031247,Train
LOT-0031248,Train
LOT-0031249,Test (Temporal)
LOT-0031250,Train
LOT-0031251,Test (Temporal)
LOT-0031252,Train
LOT-0031253,Train
LOT-0031254,Train
LOT-0031255,Train
LOT-0031256,Train
LOT-0031257,Train
LOT-0031258,Train
LOT-0031259,Train
LOT-0031260,Train
LOT-0031261,Train
LOT-0031262,Train
LOT-0031263,Train
LOT-0031264,Train
LOT-0031265,Train
LOT-0031266,Train
LOT-0031267,Train
LOT-0031268,Train
LOT-0031269,Train
LOT-0031270,Train
LOT-0031271,Train
LOT-0031272,Train
LOT-0031273,Test (Temporal)
LOT-0031274,Train
LOT-0031275,Train
LOT-0031276,Test (Temporal)
LOT-0031277,Test (Temporal)
LOT-0031278,Train
LOT-0031279,Train
LOT-0031280,Train
LOT-0031281,Train
LOT-0031282,Test (Temporal)
LOT-0031283,Train
LOT-0031284,Train
LOT-0031285,Train
LOT-0031286,Train
LOT-0031287,Train
LOT-0031288,Train
LOT-0031289,Train
LOT-0031290,Train
LOT-0031291,Train
LOT-0031292,Train
LOT-0031293,Test (Temporal)
LOT-0031294,Train
LOT-0031295,Train
LOT-0031296,Train
LOT-0031297,Train
LOT-0031298,Train
LOT-0031299,Train
LOT-0031300,Test (Temporal)
LOT-0031301,Train
LOT-0031302,Train
LOT-0031303,Test (Temporal)
LOT-0031304,Train
LOT-0031305,Train
LOT-0031306,Test (Temporal)
LOT-0031307,Train
LOT-0031308,Test (Temporal)
LOT-0031309,Train
LOT-0031310,Train
LOT-0031311,Train
LOT-0031312,Train
LOT-0031313,Train
LOT-0031314,Test (Temporal)
LOT-0031315,Train
LOT-0031316,Train
LOT-0031317,Train
LOT-0031318,Train
LOT-0031319,Train
LOT-0031320,Train
LOT-0031321,Train
LOT-0031322,Train
LOT-0031323,Train
LOT-0031324,Train
LOT-0031325,Test (Temporal)
LOT-0031326,Train
LOT-0031327,Train
LOT-0031328,Train
LOT-0031329,Train
LOT-0031330,Train
LOT-0031331,Train
LOT-0031332,Train
LOT-0031333,Test (Temporal)
LOT-0031334,Train
LOT-0031335,Train
LOT-0031336,Train
LOT-0031337,Train
LOT-0031338,Train
LOT-0031339,Test (Temporal)
LOT-0031340,Train
LOT-0031341,Test (Temporal)
LOT-0031342,Train
LOT-0031343,Test (Temporal)
LOT-0031344,Test (Temporal)
LOT-0031345,Train
LOT-0031346,Train
LOT-0031347,Train
LOT-0031348,Train
LOT-0031349,Train
LOT-0031350,Train
LOT-0031351,Train
LOT-0031352,Test (Temporal)
LOT-0031353,Test (Temporal)
LOT-0031354,Test (Temporal)
LOT-0031355,Train
LOT-0031356,Train
LOT-0031357,Test (Temporal)
LOT-0031358,Train
LOT-0031359,Train
LOT-0031360,Train
LOT-0031361,Train
LOT-0031362,Test (Temporal)
LOT-0031363,Train
LOT-0031364,Train
LOT-0031365,Train
LOT-0031366,Train
LOT-0031367,Train
LOT-0031368,Train
LOT-0031369,Test (Temporal)
LOT-0031370,Test (Temporal)
LOT-0031371,Test (Temporal)
LOT-0031372,Train
LOT-0031373,Train
LOT-0031374,Train
LOT-0031375,Train
LOT-0031376,Test (Temporal)
LOT-0031377,Test (Temporal)
LOT-0031378,Train
LOT-0031379,Train
LOT-0031380,Train
LOT-0031381,Train
LOT-0031382,Train
LOT-0031383,Train
LOT-0031384,Train
LOT-0031385,Train
LOT-0031386,Train
LOT-0031387,Train
LOT-0031388,Train
LOT-0031389,Train
LOT-0031390,Train
LOT-0031391,Train
LOT-0031392,Test (Temporal)
LOT-0031393,Train
LOT-0031394,Train
LOT-0031395,Train
LOT-0031396,Train
LOT-0031397,Train
LOT-0031398,Train
LOT-0031399,Train
LOT-0031400,Train
LOT-0031401,Train
LOT-0031402,Train
LOT-0031403,Train
LOT-0031404,Train
LOT-0031405,Train
LOT-0031406,Train
LOT-0031407,Test (Temporal)
LOT-0031408,Test (Temporal)
LOT-0031409,Train
LOT-0031410,Train
LOT-0031411,Train
LOT-0031412,Train
LOT-0031413,Train
LOT-0031414,Train
LOT-0031415,Train
LOT-0031416,Train
LOT-0031417,Train
LOT-0031418,Test (Temporal)
LOT-0031419,Test (Temporal)
LOT-0031420,Train
LOT-0031421,Train
LOT-0031422,Train
LOT-0031423,Train
LOT-0031424,Train
LOT-0031425,Train
LOT-0031426,Train
LOT-0031427,Train
LOT-0031428,Train
LOT-0031429,Train
LOT-0031430,Train
LOT-0031431,Train
LOT-0031432,Train
LOT-0031433,Train
LOT-0031434,Train
LOT-0031435,Train
LOT-0031436,Train
LOT-0031437,Train
LOT-0031438,Train
LOT-0031439,Train
LOT-0031440,Test (Temporal)
LOT-0031441,Train
LOT-0031442,Train
LOT-0031443,Train
LOT-0031444,Train
LOT-0031445,Train
LOT-0031446,Train
LOT-0031447,Train
LOT-0031448,Train
LOT-0031449,Train
LOT-0031450,Train
LOT-0031451,Train
LOT-0031452,Train
LOT-0031453,Train
LOT-0031454,Test (Temporal)
LOT-0031455,Train
LOT-0031456,Train
LOT-0031457,Train
LOT-0031458,Test (Temporal)
LOT-0031459,Train
LOT-0031460,Train
LOT-0031461,Train
LOT-0031462,Train
LOT-0031463,Train
LOT-0031464,Train
LOT-0031465,Train
LOT-0031466,Train
LOT-0031467,Train
LOT-0031468,Test (Temporal)
LOT-0031469,Train
LOT-0031470,Test (Temporal)
LOT-0031471,Test (Temporal)
LOT-0031472,Train
LOT-0031473,Train
LOT-0031474,Test (Temporal)
LOT-0031475,Train
LOT-0031476,Train
LOT-0031477,Train
LOT-0031478,Train
LOT-0031479,Test (Temporal)
LOT-0031480,Test (Temporal)
LOT-0031481,Train
LOT-0031482,Train
LOT-0031483,Train
LOT-0031484,Train
LOT-0031485,Train
LOT-0031486,Train
LOT-0031487,Train
LOT-0031488,Train
LOT-0031489,Test (Temporal)
LOT-0031490,Train
LOT-0031491,Test (Temporal)
LOT-0031492,Train
LOT-0031493,Train
LOT-0031494,Train
LOT-0031495,Train
LOT-0031496,Test (Temporal)
LOT-0031497,Train
LOT-0031498,Train
LOT-0031499,Train
LOT-0031500,Train
LOT-0031501,Train
LOT-0031502,Test (Temporal)
LOT-0031503,Test (Temporal)
LOT-0031504,Train
LOT-0031505,Train
LOT-0031506,Train
LOT-0031507,Train
LOT-0031508,Train
LOT-0031509,Test (Temporal)
LOT-0031510,Train
LOT-0031511,Train
LOT-0031512,Train
LOT-0031513,Train
LOT-0031514,Train
LOT-0031515,Train
LOT-0031516,Train
LOT-0031517,Train
LOT-0031518,Train
LOT-0031519,Train
LOT-0031520,Train
LOT-0031521,Train
LOT-0031522,Train
LOT-0031523,Test (Temporal)
LOT-0031524,Train
LOT-0031525,Train
LOT-0031526,Train
LOT-0031527,Train
LOT-0031528,Train
LOT-0031529,Train
LOT-0031530,Train
LOT-0031531,Train
LOT-0031532,Train
LOT-0031533,Train
LOT-0031534,Train
LOT-0031535,Train
LOT-0031536,Test (Temporal)
LOT-0031537,Train
LOT-0031538,Train
LOT-0031539,Train
LOT-0031540,Train
LOT-0031541,Train
LOT-0031542,Train
LOT-0031543,Train
LOT-0031544,Train
LOT-0031545,Test (Temporal)
LOT-0031546,Train
LOT-0031547,Train
LOT-0031548,Train
LOT-0031549,Train
LOT-0031550,Train
LOT-0031551,Train
LOT-0031552,Train
LOT-0031553,Train
LOT-0031554,Test (Temporal)
LOT-0031555,Train
LOT-0031556,Train
LOT-0031557,Train
LOT-0031558,Train
LOT-0031559,Train
LOT-0031560,Train
LOT-0031561,Train
LOT-0031562,Train
LOT-0031563,Test (Temporal)
LOT-0031564,Train
LOT-0031565,Train
LOT-0031566,Test (Temporal)
LOT-0031567,Train
LOT-0031568,Train
LOT-0031569,Test (Temporal)
LOT-0031570,Train
LOT-0031571,Train
LOT-0031572,Test (Temporal)
LOT-0031573,Train
LOT-0031574,Test (Temporal)
LOT-0031575,Test (Temporal)
LOT-0031576,Train
LOT-0031577,Train
LOT-0031578,Train
LOT-0031579,Train
LOT-0031580,Test (Temporal)
LOT-0031581,Test (Temporal)
LOT-0031582,Train
LOT-0031583,Train
LOT-0031584,Test (Temporal)
LOT-0031585,Train
LOT-0031586,Train
LOT-0031587,Train
LOT-0031588,Train
LOT-0031589,Train
LOT-0031590,Train
LOT-0031591,Test (Temporal)
LOT-0031592,Train
LOT-0031593,Train
LOT-0031594,Test (Temporal)
LOT-0031595,Train
LOT-0031596,Train
LOT-0031597,Train
LOT-0031598,Train
LOT-0031599,Train
LOT-0031600,Train
LOT-0031601,Train
LOT-0031602,Train
LOT-0031603,Train
LOT-0031604,Test (Temporal)
LOT-0031605,Train
LOT-0031606,Train
LOT-0031607,Train
LOT-0031608,Test (Temporal)
LOT-0031609,Test (Temporal)
LOT-0031610,Train
LOT-0031611,Train
LOT-0031612,Train
LOT-0031613,Test (Temporal)
LOT-0031614,Train
LOT-0031615,Train
LOT-0031616,Train
LOT-0031617,Train
LOT-0031618,Train
LOT-0031619,Train
LOT-0031620,Train
LOT-0031621,Train
LOT-0031622,Train
LOT-0031623,Train
LOT-0031624,Train
LOT-0031625,Train
LOT-0031626,Train
LOT-0031627,Train
LOT-0031628,Train
LOT-0031629,Train
LOT-0031630,Train
LOT-0031631,Train
LOT-0031632,Train
LOT-0031633,Test (Temporal)
LOT-0031634,Train
LOT-0031635,Train
LOT-0031636,Train
LOT-0031637,Train
LOT-0031638,Train
LOT-0031639,Train
LOT-0031640,Train
LOT-0031641,Test (Temporal)
LOT-0031642,Train
LOT-0031643,Train
LOT-0031644,Train
LOT-0031645,Train
LOT-0031646,Train
LOT-0031647,Train
LOT-0031648,Train
LOT-0031649,Train
LOT-0031650,Train
LOT-0031651,Train
LOT-0031652,Test (Temporal)
LOT-0031653,Train
LOT-0031654,Train
LOT-0031655,Train
LOT-0031656,Train
LOT-0031657,Train
LOT-0031658,Train
LOT-0031659,Test (Temporal)
LOT-0031660,Train
LOT-0031661,Train
LOT-0031662,Train
LOT-0031663,Train
LOT-0031664,Train
LOT-0031665,Test (Temporal)
LOT-0031666,Train
LOT-0031667,Train
LOT-0031668,Train
LOT-0031669,Train
LOT-0031670,Test (Temporal)
LOT-0031671,Train
LOT-0031672,Train
LOT-0031673,Train
LOT-0031674,Train
LOT-0031675,Train
LOT-0031676,Train
LOT-0031677,Train
LOT-0031678,Train
LOT-0031679,Train
LOT-0031680,Train
LOT-0031681,Train
LOT-0031682,Test (Temporal)
LOT-0031683,Train
LOT-0031684,Train
LOT-0031685,Train
LOT-0031686,Train
LOT-0031687,Train
LOT-0031688,Train
LOT-0031689,Train
LOT-0031690,Train
LOT-0031691,Train
LOT-0031692,Train
LOT-0031693,Train
LOT-0031694,Train
LOT-0031695,Train
LOT-0031696,Train
LOT-0031697,Train
LOT-0031698,Test (Temporal)
LOT-0031699,Train
LOT-0031700,Train
LOT-0031701,Train
LOT-0031702,Train
LOT-0031703,Train
LOT-0031704,Train
LOT-0031705,Train
LOT-0031706,Train
LOT-0031707,Train
LOT-0031708,Train
LOT-0031709,Test (Temporal)
LOT-0031710,Train
LOT-0031711,Train
LOT-0031712,Test (Temporal)
LOT-0031713,Train
LOT-0031714,Train
LOT-0031715,Train
LOT-0031716,Train
LOT-0031717,Train
LOT-0031718,Train
LOT-0031719,Train
LOT-0031720,Test (Temporal)
LOT-0031721,Train
LOT-0031722,Test (Temporal)
LOT-0031723,Train
LOT-0031724,Train
LOT-0031725,Test (Temporal)
LOT-0031726,Train
LOT-0031727,Train
LOT-0031728,Train
LOT-0031729,Train
LOT-0031730,Train
LOT-0031731,Train
LOT-0031732,Test (Temporal)
LOT-0031733,Train
LOT-0031734,Train
LOT-0031735,Train
LOT-0031736,Test (Temporal)
LOT-0031737,Train
LOT-0031738,Test (Temporal)
LOT-0031739,Train
LOT-0031740,Test (Temporal)
LOT-0031741,Train
LOT-0031742,Train
LOT-0031743,Train
LOT-0031744,Train
LOT-0031745,Train
LOT-0031746,Train
LOT-0031747,Train
LOT-0031748,Train
LOT-0031749,Train
LOT-0031750,Train
LOT-0031751,Test (Temporal)
LOT-0031752,Train
LOT-0031753,Train
LOT-0031754,Train
LOT-0031755,Train
LOT-0031756,Train
LOT-0031757,Train
LOT-0031758,Train
LOT-0031759,Train
LOT-0031760,Train
LOT-0031761,Test (Temporal)
LOT-0031762,Train
LOT-0031763,Train
LOT-0031764,Train
LOT-0031765,Test (Temporal)
LOT-0031766,Train
LOT-0031767,Train
LOT-0031768,Test (Temporal)
LOT-0031769,Train
LOT-0031770,Train
LOT-0031771,Train
LOT-0031772,Train
LOT-0031773,Train
LOT-0031774,Train
LOT-0031775,Train
LOT-0031776,Train
LOT-0031777,Train
LOT-0031778,Test (Temporal)
LOT-0031779,Train
LOT-0031780,Train
LOT-0031781,Train
LOT-0031782,Train
LOT-0031783,Train
LOT-0031784,Train
LOT-0031785,Train
LOT-0031786,Train
LOT-0031787,Train
LOT-0031788,Train
LOT-0031789,Train
LOT-0031790,Train
LOT-0031791,Train
LOT-0031792,Train
LOT-0031793,Train
LOT-0031794,Train
LOT-0031795,Train
LOT-0031796,Train
LOT-0031797,Train
LOT-0031798,Train
LOT-0031799,Train
LOT-0031800,Train
LOT-0031801,Train
LOT-0031802,Train
LOT-0031803,Train
LOT-0031804,Train
LOT-0031805,Train
LOT-0031806,Train
LOT-0031807,Train
LOT-0031808,Train
LOT-0031809,Train
LOT-0031810,Test (Temporal)
LOT-0031811,Train
LOT-0031812,Train
LOT-0031813,Train
LOT-0031814,Test (Temporal)
LOT-0031815,Train
LOT-0031816,Train
LOT-0031817,Train
LOT-0031818,Train
LOT-0031819,Train
LOT-0031820,Train
LOT-0031821,Train
LOT-0031822,Train
LOT-0031823,Train
LOT-0031824,Train
LOT-0031825,Train
LOT-0031826,Train
LOT-0031827,Train
LOT-0031828,Train
LOT-0031829,Train
LOT-0031830,Train
LOT-0031831,Train
LOT-0031832,Train
LOT-0031833,Test (Temporal)
LOT-0031834,Train
LOT-0031835,Train
LOT-0031836,Train
LOT-0031837,Train
LOT-0031838,Train
LOT-0031839,Test (Temporal)
LOT-0031840,Train
LOT-0031841,Train
LOT-0031842,Train
LOT-0031843,Test (Temporal)
LOT-0031844,Train
LOT-0031845,Train
LOT-0031846,Train
LOT-0031847,Train
LOT-0031848,Train
LOT-0031849,Train
LOT-0031850,Train
LOT-0031851,Test (Temporal)
LOT-0031852,Test (Temporal)
LOT-0031853,Train
LOT-0031854,Train
LOT-0031855,Train
LOT-0031856,Train
LOT-0031857,Train
LOT-0031858,Test (Temporal)
LOT-0031859,Train
LOT-0031860,Train
LOT-0031861,Train
LOT-0031862,Train
LOT-0031863,Train
LOT-0031864,Train
LOT-0031865,Train
LOT-0031866,Train
LOT-0031867,Train
LOT-0031868,Train
LOT-0031869,Train
LOT-0031870,Train
LOT-0031871,Train
LOT-0031872,Train
LOT-0031873,Test (Temporal)
LOT-0031874,Train
LOT-0031875,Train
LOT-0031876,Test (Temporal)
LOT-0031877,Train
LOT-0031878,Train
LOT-0031879,Train
LOT-0031880,Train
LOT-0031881,Test (Temporal)
LOT-0031882,Train
LOT-0031883,Test (Temporal)
LOT-0031884,Train
LOT-0031885,Test (Temporal)
LOT-0031886,Train
LOT-0031887,Train
LOT-0031888,Train
LOT-0031889,Train
LOT-0031890,Train
LOT-0031891,Train
LOT-0031892,Test (Temporal)
LOT-0031893,Train
LOT-0031894,Train
LOT-0031895,Test (Temporal)
LOT-0031896,Train
LOT-0031897,Train
LOT-0031898,Train
LOT-0031899,Train
LOT-0031900,Train
LOT-0031901,Train
LOT-0031902,Train
LOT-0031903,Train
LOT-0031904,Train
LOT-0031905,Train
LOT-0031906,Train
LOT-0031907,Train
LOT-0031908,Train
LOT-0031909,Train
LOT-0031910,Train
LOT-0031911,Train
LOT-0031912,Train
LOT-0031913,Train
LOT-0031914,Train
LOT-0031915,Train
LOT-0031916,Test (Temporal)
LOT-0031917,Train
LOT-0031918,Test (Temporal)
LOT-0031919,Train
LOT-0031920,Train
LOT-0031921,Train
LOT-0031922,Train
LOT-0031923,Test (Temporal)
LOT-0031924,Train
LOT-0031925,Train
LOT-0031926,Train
LOT-0031927,Train
LOT-0031928,Train
LOT-0031929,Train
LOT-0031930,Train
LOT-0031931,Train
LOT-0031932,Train
LOT-0031933,Test (Temporal)
LOT-0031934,Train
LOT-0031935,Train
LOT-0031936,Train
LOT-0031937,Train
LOT-0031938,Train
LOT-0031939,Train
LOT-0031940,Train
LOT-0031941,Train
LOT-0031942,Train
LOT-0031943,Train
LOT-0031944,Train
LOT-0031945,Train
LOT-0031946,Train
LOT-0031947,Train
LOT-0031948,Train
LOT-0031949,Test (Temporal)
LOT-0031950,Train
LOT-0031951,Train
LOT-0031952,Train
LOT-0031953,Train
LOT-0031954,Train
LOT-0031955,Train
LOT-0031956,Train
LOT-0031957,Train
LOT-0031958,Train
LOT-0031959,Train
LOT-0031960,Train
LOT-0031961,Train
LOT-0031962,Train
LOT-0031963,Train
LOT-0031964,Train
LOT-0031965,Train
LOT-0031966,Test (Temporal)
LOT-0031967,Train
LOT-0031968,Train
LOT-0031969,Train
LOT-0031970,Train
LOT-0031971,Train
LOT-0031972,Train
LOT-0031973,Train
LOT-0031974,Train
LOT-0031975,Test (Temporal)
LOT-0031976,Train
LOT-0031977,Train
LOT-0031978,Train
LOT-0031979,Train
LOT-0031980,Train
LOT-0031981,Train
LOT-0031982,Test (Temporal)
LOT-0031983,Train
LOT-0031984,Train
LOT-0031985,Train
LOT-0031986,Test (Temporal)
LOT-0031987,Train
LOT-0031988,Train
LOT-0031989,Train
LOT-0031990,Train
LOT-0031991,Test (Temporal)
LOT-0031992,Train
LOT-0031993,Train
LOT-0031994,Train
LOT-0031995,Train
LOT-0031996,Train
LOT-0031997,Train
LOT-0031998,Train
LOT-0031999,Test (Temporal)
LOT-0032000,Train
LOT-0032001,Test (Temporal)
LOT-0032002,Train
LOT-0032003,Train
LOT-0032004,Train
LOT-0032005,Train
LOT-0032006,Train
LOT-0032007,Train
LOT-0032008,Train
LOT-0032009,Test (Temporal)
LOT-0032010,Train
LOT-0032011,Train
LOT-0032012,Train
LOT-0032013,Train
LOT-0032014,Train
LOT-0032015,Test (Temporal)
LOT-0032016,Train
LOT-0032017,Train
LOT-0032018,Train
LOT-0032019,Train
LOT-0032020,Train
LOT-0032021,Train
LOT-0032022,Test (Temporal)
LOT-0032023,Train
LOT-0032024,Train
LOT-0032025,Train
LOT-0032026,Train
LOT-0032027,Train
LOT-0032028,Train
LOT-0032029,Test (Temporal)
LOT-0032030,Test (Temporal)
LOT-0032031,Train
LOT-0032032,Train
LOT-0032033,Train
LOT-0032034,Train
LOT-0032035,Train
LOT-0032036,Train
LOT-0032037,Train
LOT-0032038,Train
LOT-0032039,Train
LOT-0032040,Train
LOT-0032041,Train
LOT-0032042,Train
LOT-0032043,Train
LOT-0032044,Train
LOT-0032045,Train
LOT-0032046,Train
LOT-0032047,Train
LOT-0032048,Train
LOT-0032049,Test (Temporal)
LOT-0032050,Train
LOT-0032051,Train
LOT-0032052,Train
LOT-0032053,Train
LOT-0032054,Train
LOT-0032055,Train
LOT-0032056,Train
LOT-0032057,Train
LOT-0032058,Train
LOT-0032059,Test (Temporal)
LOT-0032060,Train
LOT-0032061,Train
LOT-0032062,Train
LOT-0032063,Train
LOT-0032064,Train
LOT-0032065,Train
LOT-0032066,Test (Temporal)
LOT-0032067,Train
LOT-0032068,Train
LOT-0032069,Test (Temporal)
LOT-0032070,Train
LOT-0032071,Train
LOT-0032072,Train
LOT-0032073,Train
LOT-0032074,Train
LOT-0032075,Train
LOT-0032076,Train
LOT-0032077,Train
LOT-0032078,Train
LOT-0032079,Train
LOT-0032080,Train
LOT-0032081,Train
LOT-0032082,Train
LOT-0032083,Train
LOT-0032084,Test (Temporal)
LOT-0032085,Train
LOT-0032086,Train
LOT-0032087,Train
LOT-0032088,Train
LOT-0032089,Train
LOT-0032090,Train
LOT-0032091,Train
LOT-0032092,Test (Temporal)
LOT-0032093,Train
LOT-0032094,Train
LOT-0032095,Train
LOT-0032096,Train
LOT-0032097,Train
LOT-0032098,Train
LOT-0032099,Train
LOT-0032100,Train
LOT-0032101,Test (Temporal)
LOT-0032102,Test (Temporal)
LOT-0032103,Train
LOT-0032104,Train
LOT-0032105,Train
LOT-0032106,Train
LOT-0032107,Train
LOT-0032108,Test (Temporal)
LOT-0032109,Test (Temporal)
LOT-0032110,Train
LOT-0032111,Train
LOT-0032112,Test (Temporal)
LOT-0032113,Test (Temporal)
LOT-0032114,Train
LOT-0032115,Train
LOT-0032116,Train
LOT-0032117,Train
LOT-0032118,Train
LOT-0032119,Train
LOT-0032120,Train
LOT-0032121,Train
LOT-0032122,Test (Temporal)
LOT-0032123,Train
LOT-0032124,Train
LOT-0032125,Test (Temporal)
LOT-0032126,Train
LOT-0032127,Train
LOT-0032128,Train
LOT-0032129,Train
LOT-0032130,Test (Temporal)
LOT-0032131,Train
LOT-0032132,Train
LOT-0032133,Test (Temporal)
LOT-0032134,Train
LOT-0032135,Train
LOT-0032136,Train
LOT-0032137,Train
LOT-0032138,Train
LOT-0032139,Train
LOT-0032140,Train
LOT-0032141,Train
LOT-0032142,Train
LOT-0032143,Train
LOT-0032144,Train
LOT-0032145,Train
LOT-0032146,Train
LOT-0032147,Train
LOT-0032148,Test (Temporal)
LOT-0032149,Train
LOT-0032150,Train
LOT-0032151,Test (Temporal)
LOT-0032152,Test (Temporal)
LOT-0032153,Train
LOT-0032154,Train
LOT-0032155,Train
LOT-0032156,Train
LOT-0032157,Train
LOT-0032158,Train
LOT-0032159,Train
LOT-0032160,Train
LOT-0032161,Train
LOT-0032162,Test (Temporal)
LOT-0032163,Train
LOT-0032164,Train
LOT-0032165,Train
LOT-0032166,Train
LOT-0032167,Train
LOT-0032168,Test (Temporal)
LOT-0032169,Train
LOT-0032170,Train
LOT-0032171,Train
LOT-0032172,Train
LOT-0032173,Train
LOT-0032174,Train
LOT-0032175,Train
LOT-0032176,Train
LOT-0032177,Train
LOT-0032178,Train
LOT-0032179,Train
LOT-0032180,Train
LOT-0032181,Train
LOT-0032182,Train
LOT-0032183,Train
LOT-0032184,Train
LOT-0032185,Train
LOT-0032186,Train
LOT-0032187,Train
LOT-0032188,Train
LOT-0032189,Train
LOT-0032190,Train
LOT-0032191,Train
LOT-0032192,Train
LOT-0032193,Train
LOT-0032194,Train
LOT-0032195,Train
LOT-0032196,Train
LOT-0032197,Train
LOT-0032198,Train
LOT-0032199,Train
LOT-0032200,Train
LOT-0032201,Test (Temporal)
LOT-0032202,Train
LOT-0032203,Train
LOT-0032204,Train
LOT-0032205,Train
LOT-0032206,Test (Temporal)
LOT-0032207,Train
LOT-0032208,Train
LOT-0032209,Train
LOT-0032210,Train
LOT-0032211,Test (Temporal)
LOT-0032212,Train
LOT-0032213,Train
LOT-0032214,Train
LOT-0032215,Test (Temporal)
LOT-0032216,Test (Temporal)
LOT-0032217,Test (Temporal)
LOT-0032218,Train
LOT-0032219,Train
LOT-0032220,Train
LOT-0032221,Test (Temporal)
LOT-0032222,Train
LOT-0032223,Train
LOT-0032224,Train
LOT-0032225,Train
LOT-0032226,Train
LOT-0032227,Train
LOT-0032228,Train
LOT-0032229,Train
LOT-0032230,Train
LOT-0032231,Test (Temporal)
LOT-0032232,Test (Temporal)
LOT-0032233,Train
LOT-0032234,Train
LOT-0032235,Train
LOT-0032236,Train
LOT-0032237,Train
LOT-0032238,Train
LOT-0032239,Train
LOT-0032240,Train
LOT-0032241,Train
LOT-0032242,Train
LOT-0032243,Train
LOT-0032244,Train
LOT-0032245,Train
LOT-0032246,Train
LOT-0032247,Train
LOT-0032248,Train
LOT-0032249,Train
LOT-0032250,Train
LOT-0032251,Train
LOT-0032252,Train
LOT-0032253,Train
LOT-0032254,Test (Temporal)
LOT-0032255,Test (Temporal)
LOT-0032256,Train
LOT-0032257,Test (Temporal)
LOT-0032258,Train
LOT-0032259,Train
LOT-0032260,Train
LOT-0032261,Train
LOT-0032262,Train
LOT-0032263,Train
LOT-0032264,Train
LOT-0032265,Test (Temporal)
LOT-0032266,Train
LOT-0032267,Train
LOT-0032268,Train
LOT-0032269,Train
LOT-0032270,Train
LOT-0032271,Train
LOT-0032272,Train
LOT-0032273,Train
LOT-0032274,Train
LOT-0032275,Train
LOT-0032276,Train
LOT-0032277,Train
LOT-0032278,Train
LOT-0032279,Train
LOT-0032280,Train
LOT-0032281,Train
LOT-0032282,Train
LOT-0032283,Train
LOT-0032284,Train
LOT-0032285,Train
LOT-0032286,Train
LOT-0032287,Train
LOT-0032288,Train
LOT-0032289,Train
LOT-0032290,Train
LOT-0032291,Train
LOT-0032292,Test (Temporal)
LOT-0032293,Test (Temporal)
LOT-0032294,Test (Temporal)
LOT-0032295,Train
LOT-0032296,Train
LOT-0032297,Train
LOT-0032298,Test (Temporal)
LOT-0032299,Train
LOT-0032300,Train
LOT-0032301,Train
LOT-0032302,Train
LOT-0032303,Train
LOT-0032304,Train
LOT-0032305,Train
LOT-0032306,Train
LOT-0032307,Train
LOT-0032308,Train
LOT-0032309,Train
LOT-0032310,Train
LOT-0032311,Train
LOT-0032312,Train
LOT-0032313,Train
LOT-0032314,Train
LOT-0032315,Train
LOT-0032316,Train
LOT-0032317,Train
LOT-0032318,Train
LOT-0032319,Train
LOT-0032320,Train
LOT-0032321,Train
LOT-0032322,Train
LOT-0032323,Train
LOT-0032324,Train
LOT-0032325,Train
LOT-0032326,Train
LOT-0032327,Train
LOT-0032328,Train
LOT-0032329,Train
LOT-0032330,Test (Temporal)
LOT-0032331,Train
LOT-0032332,Test (Temporal)
LOT-0032333,Train
LOT-0032334,Train
LOT-0032335,Train
LOT-0032336,Train
LOT-0032337,Train
LOT-0032338,Train
LOT-0032339,Train
LOT-0032340,Test (Temporal)
LOT-0032341,Train
LOT-0032342,Test (Temporal)
LOT-0032343,Train
LOT-0032344,Train
LOT-0032345,Train
LOT-0032346,Train
LOT-0032347,Train
LOT-0032348,Train
LOT-0032349,Train
LOT-0032350,Train
LOT-0032351,Train
LOT-0032352,Train
LOT-0032353,Train
LOT-0032354,Train
LOT-0032355,Train
LOT-0032356,Train
LOT-0032357,Train
LOT-0032358,Train
LOT-0032359,Train
LOT-0032360,Train
LOT-0032361,Test (Temporal)
LOT-0032362,Train
LOT-0032363,Train
LOT-0032364,Train
LOT-0032365,Train
LOT-0032366,Train
LOT-0032367,Train
LOT-0032368,Train
LOT-0032369,Train
LOT-0032370,Train
LOT-0032371,Train
LOT-0032372,Train
LOT-0032373,Train
LOT-0032374,Train
LOT-0032375,Train
LOT-0032376,Train
LOT-0032377,Train
LOT-0032378,Train
LOT-0032379,Train
LOT-0032380,Train
LOT-0032381,Train
LOT-0032382,Train
LOT-0032383,Test (Temporal)
LOT-0032384,Test (Temporal)
LOT-0032385,Test (Temporal)
LOT-0032386,Train
LOT-0032387,Train
LOT-0032388,Train
LOT-0032389,Test (Temporal)
LOT-0032390,Train
LOT-0032391,Train
LOT-0032392,Train
LOT-0032393,Train
LOT-0032394,Train
LOT-0032395,Train
LOT-0032396,Train
LOT-0032397,Train
LOT-0032398,Train
LOT-0032399,Test (Temporal)
LOT-0032400,Train
LOT-0032401,Train
LOT-0032402,Train
LOT-0032403,Test (Temporal)
LOT-0032404,Train
LOT-0032405,Test (Temporal)
LOT-0032406,Train
LOT-0032407,Train
LOT-0032408,Train
LOT-0032409,Train
LOT-0032410,Train
LOT-0032411,Train
LOT-0032412,Train
LOT-0032413,Train
LOT-0032414,Test (Temporal)
LOT-0032415,Train
LOT-0032416,Test (Temporal)
LOT-0032417,Train
LOT-0032418,Train
LOT-0032419,Train
LOT-0032420,Train
LOT-0032421,Train
LOT-0032422,Train
LOT-0032423,Train
LOT-0032424,Train
LOT-0032425,Train
LOT-0032426,Train
LOT-0032427,Train
LOT-0032428,Train
LOT-0032429,Test (Temporal)
LOT-0032430,Train
LOT-0032431,Test (Temporal)
LOT-0032432,Train
LOT-0032433,Train
LOT-0032434,Train
LOT-0032435,Train
LOT-0032436,Train
LOT-0032437,Test (Temporal)
LOT-0032438,Train
LOT-0032439,Test (Temporal)
LOT-0032440,Train
LOT-0032441,Train
LOT-0032442,Train
LOT-0032443,Train
LOT-0032444,Train
LOT-0032445,Train
LOT-0032446,Train
LOT-0032447,Train
LOT-0032448,Test (Temporal)
LOT-0032449,Train
LOT-0032450,Train
LOT-0032451,Train
LOT-0032452,Train
LOT-0032453,Train
LOT-0032454,Train
LOT-0032455,Test (Temporal)
LOT-0032456,Train
LOT-0032457,Train
LOT-0032458,Train
LOT-0032459,Train
LOT-0032460,Train
LOT-0032461,Train
LOT-0032462,Train
LOT-0032463,Train
LOT-0032464,Train
LOT-0032465,Train
LOT-0032466,Train
LOT-0032467,Train
LOT-0032468,Test (Temporal)
LOT-0032469,Train
LOT-0032470,Train
LOT-0032471,Train
LOT-0032472,Train
LOT-0032473,Train
LOT-0032474,Test (Temporal)
LOT-0032475,Train
LOT-0032476,Train
LOT-0032477,Train
LOT-0032478,Train
LOT-0032479,Train
LOT-0032480,Train
LOT-0032481,Train
LOT-0032482,Train
LOT-0032483,Train
LOT-0032484,Train
LOT-0032485,Test (Temporal)
LOT-0032486,Train
LOT-0032487,Test (Temporal)
LOT-0032488,Train
LOT-0032489,Train
LOT-0032490,Train
LOT-0032491,Train
LOT-0032492,Train
LOT-0032493,Train
LOT-0032494,Train
LOT-0032495,Train
LOT-0032496,Train
LOT-0032497,Train
LOT-0032498,Train
LOT-0032499,Train
LOT-0032500,Train
LOT-0032501,Train
LOT-0032502,Train
LOT-0032503,Train
LOT-0032504,Test (Temporal)
LOT-0032505,Train
LOT-0032506,Train
LOT-0032507,Train
LOT-0032508,Train
LOT-0032509,Train
LOT-0032510,Test (Temporal)
LOT-0032511,Train
LOT-0032512,Train
LOT-0032513,Test (Temporal)
LOT-0032514,Test (Temporal)
LOT-0032515,Train
LOT-0032516,Train
LOT-0032517,Train
LOT-0032518,Train
LOT-0032519,Train
LOT-0032520,Train
LOT-0032521,Train
LOT-0032522,Train
LOT-0032523,Train
LOT-0032524,Train
LOT-0032525,Test (Temporal)
LOT-0032526,Train
LOT-0032527,Train
LOT-0032528,Train
LOT-0032529,Test (Temporal)
LOT-0032530,Test (Temporal)
LOT-0032531,Train
LOT-0032532,Train
LOT-0032533,Train
LOT-0032534,Test (Temporal)
LOT-0032535,Train
LOT-0032536,Train
LOT-0032537,Train
LOT-0032538,Train
LOT-0032539,Train
LOT-0032540,Train
LOT-0032541,Train
LOT-0032542,Train
LOT-0032543,Train
LOT-0032544,Train
LOT-0032545,Train
LOT-0032546,Train
LOT-0032547,Train
LOT-0032548,Train
LOT-0032549,Test (Temporal)
LOT-0032550,Train
LOT-0032551,Train
LOT-0032552,Train
LOT-0032553,Train
LOT-0032554,Test (Temporal)
LOT-0032555,Train
LOT-0032556,Train
LOT-0032557,Train
LOT-0032558,Test (Temporal)
LOT-0032559,Train
LOT-0032560,Test (Temporal)
LOT-0032561,Test (Temporal)
LOT-0032562,Train
LOT-0032563,Train
LOT-0032564,Train
LOT-0032565,Test (Temporal)
LOT-0032566,Train
LOT-0032567,Train
LOT-0032568,Train
LOT-0032569,Train
LOT-0032570,Train
LOT-0032571,Train
LOT-0032572,Train
LOT-0032573,Train
LOT-0032574,Test (Temporal)
LOT-0032575,Train
LOT-0032576,Train
LOT-0032577,Test (Temporal)
LOT-0032578,Train
LOT-0032579,Train
LOT-0032580,Train
LOT-0032581,Train
LOT-0032582,Train
LOT-0032583,Train
LOT-0032584,Train
LOT-0032585,Train
LOT-0032586,Test (Temporal)
LOT-0032587,Train
LOT-0032588,Train
LOT-0032589,Train
LOT-0032590,Train
LOT-0032591,Train
LOT-0032592,Train
LOT-0032593,Train
LOT-0032594,Train
LOT-0032595,Train
LOT-0032596,Train
LOT-0032597,Train
LOT-0032598,Train
LOT-0032599,Train
LOT-0032600,Train
LOT-0032601,Test (Temporal)
LOT-0032602,Test (Temporal)
LOT-0032603,Train
LOT-0032604,Train
LOT-0032605,Train
LOT-0032606,Train
LOT-0032607,Train
LOT-0032608,Train
LOT-0032609,Train
LOT-0032610,Train
LOT-0032611,Train
LOT-0032612,Train
LOT-0032613,Train
LOT-0032614,Train
LOT-0032615,Train
LOT-0032616,Test (Temporal)
LOT-0032617,Train
LOT-0032618,Train
LOT-0032619,Train
LOT-0032620,Train
LOT-0032621,Test (Temporal)
LOT-0032622,Train
LOT-0032623,Train
LOT-0032624,Train
LOT-0032625,Train
LOT-0032626,Train
LOT-0032627,Train
LOT-0032628,Train
LOT-0032629,Train
LOT-0032630,Test (Temporal)
LOT-0032631,Train
LOT-0032632,Train
LOT-0032633,Train
LOT-0032634,Test (Temporal)
LOT-0032635,Train
LOT-0032636,Train
LOT-0032637,Train
LOT-0032638,Train
LOT-0032639,Train
LOT-0032640,Train
LOT-0032641,Test (Temporal)
LOT-0032642,Train
LOT-0032643,Train
LOT-0032644,Train
LOT-0032645,Train
LOT-0032646,Train
LOT-0032647,Train
LOT-0032648,Train
LOT-0032649,Train
LOT-0032650,Train
LOT-0032651,Test (Temporal)
LOT-0032652,Train
LOT-0032653,Train
LOT-0032654,Train
LOT-0032655,Train
LOT-0032656,Train
LOT-0032657,Test (Temporal)
LOT-0032658,Train
LOT-0032659,Train
LOT-0032660,Train
LOT-0032661,Train
LOT-0032662,Test (Temporal)
LOT-0032663,Train
LOT-0032664,Train
LOT-0032665,Train
LOT-0032666,Train
LOT-0032667,Train
LOT-0032668,Train
LOT-0032669,Train
LOT-0032670,Train
LOT-0032671,Train
LOT-0032672,Test (Temporal)
LOT-0032673,Train
LOT-0032674,Train
LOT-0032675,Train
LOT-0032676,Train
LOT-0032677,Train
LOT-0032678,Train
LOT-0032679,Train
LOT-0032680,Train
LOT-0032681,Train
LOT-0032682,Train
LOT-0032683,Train
LOT-0032684,Train
LOT-0032685,Train
LOT-0032686,Train
LOT-0032687,Train
LOT-0032688,Test (Temporal)
LOT-0032689,Train
LOT-0032690,Train
LOT-0032691,Test (Temporal)
LOT-0032692,Train
LOT-0032693,Train
LOT-0032694,Train
LOT-0032695,Train
LOT-0032696,Train
LOT-0032697,Train
LOT-0032698,Train
LOT-0032699,Train
LOT-0032700,Train
LOT-0032701,Train
LOT-0032702,Test (Temporal)
LOT-0032703,Test (Temporal)
LOT-0032704,Train
LOT-0032705,Train
LOT-0032706,Test (Temporal)
LOT-0032707,Train
LOT-0032708,Train
LOT-0032709,Train
LOT-0032710,Train
LOT-0032711,Test (Temporal)
LOT-0032712,Train
LOT-0032713,Train
LOT-0032714,Train
LOT-0032715,Train
LOT-0032716,Train
LOT-0032717,Train
LOT-0032718,Test (Temporal)
LOT-0032719,Train
LOT-0032720,Train
LOT-0032721,Train
LOT-0032722,Train
LOT-0032723,Train
LOT-0032724,Test (Temporal)
LOT-0032725,Test (Temporal)
LOT-0032726,Train
LOT-0032727,Test (Temporal)
LOT-0032728,Test (Temporal)
LOT-0032729,Train
LOT-0032730,Train
LOT-0032731,Train
LOT-0032732,Train
LOT-0032733,Train
LOT-0032734,Train
LOT-0032735,Train
LOT-0032736,Train
LOT-0032737,Train
LOT-0032738,Train
LOT-0032739,Train
LOT-0032740,Train
LOT-0032741,Test (Temporal)
LOT-0032742,Train
LOT-0032743,Train
LOT-0032744,Train
LOT-0032745,Train
LOT-0032746,Test (Temporal)
LOT-0032747,Train
LOT-0032748,Train
LOT-0032749,Train
LOT-0032750,Train
LOT-0032751,Test (Temporal)
LOT-0032752,Train
LOT-0032753,Train
LOT-0032754,Train
LOT-0032755,Train
LOT-0032756,Train
LOT-0032757,Train
LOT-0032758,Train
LOT-0032759,Train
LOT-0032760,Train
LOT-0032761,Train
LOT-0032762,Train
LOT-0032763,Train
LOT-0032764,Train
LOT-0032765,Test (Temporal)
LOT-0032766,Train
LOT-0032767,Train
LOT-0032768,Train
LOT-0032769,Test (Temporal)
LOT-0032770,Train
LOT-0032771,Train
LOT-0032772,Train
LOT-0032773,Train
LOT-0032774,Train
LOT-0032775,Train
LOT-0032776,Train
LOT-0032777,Test (Temporal)
LOT-0032778,Train
LOT-0032779,Train
LOT-0032780,Train
LOT-0032781,Train
LOT-0032782,Test (Temporal)
LOT-0032783,Train
LOT-0032784,Train
LOT-0032785,Train
LOT-0032786,Train
LOT-0032787,Train
LOT-0032788,Train
LOT-0032789,Train
LOT-0032790,Train
LOT-0032791,Train
LOT-0032792,Test (Temporal)
LOT-0032793,Train
LOT-0032794,Test (Temporal)
LOT-0032795,Test (Temporal)
LOT-0032796,Train
LOT-0032797,Train
LOT-0032798,Train
LOT-0032799,Train
LOT-0032800,Test (Temporal)
LOT-0032801,Test (Temporal)
LOT-0032802,Train
LOT-0032803,Train
LOT-0032804,Train
LOT-0032805,Train
LOT-0032806,Train
LOT-0032807,Train
LOT-0032808,Train
LOT-0032809,Train
LOT-0032810,Train
LOT-0032811,Train
LOT-0032812,Train
LOT-0032813,Train
LOT-0032814,Train
LOT-0032815,Train
LOT-0032816,Train
LOT-0032817,Test (Temporal)
LOT-0032818,Train
LOT-0032819,Train
LOT-0032820,Train
LOT-0032821,Train
LOT-0032822,Test (Temporal)
LOT-0032823,Train
LOT-0032824,Train
LOT-0032825,Train
LOT-0032826,Train
LOT-0032827,Train
LOT-0032828,Train
LOT-0032829,Train
LOT-0032830,Test (Temporal)
LOT-0032831,Test (Temporal)
LOT-0032832,Train
LOT-0032833,Train
LOT-0032834,Train
LOT-0032835,Train
LOT-0032836,Train
LOT-0032837,Test (Temporal)
LOT-0032838,Test (Temporal)
LOT-0032839,Train
LOT-0032840,Train
LOT-0032841,Test (Temporal)
LOT-0032842,Train
LOT-0032843,Train
LOT-0032844,Test (Temporal)
LOT-0032845,Train
LOT-0032846,Test (Temporal)
LOT-0032847,Train
LOT-0032848,Test (Temporal)
LOT-0032849,Train
LOT-0032850,Train
LOT-0032851,Train
LOT-0032852,Train
LOT-0032853,Train
LOT-0032854,Train
LOT-0032855,Train
LOT-0032856,Train
LOT-0032857,Train
LOT-0032858,Train
LOT-0032859,Train
LOT-0032860,Train
LOT-0032861,Test (Temporal)
LOT-0032862,Test (Temporal)
LOT-0032863,Test (Temporal)
LOT-0032864,Test (Temporal)
LOT-0032865,Train
LOT-0032866,Train
LOT-0032867,Train
LOT-0032868,Train
LOT-0032869,Train
LOT-0032870,Train
LOT-0032871,Train
LOT-0032872,Test (Temporal)
LOT-0032873,Train
LOT-0032874,Train
LOT-0032875,Train
LOT-0032876,Train
LOT-0032877,Train
LOT-0032878,Train
LOT-0032879,Train
LOT-0032880,Train
LOT-0032881,Train
LOT-0032882,Train
LOT-0032883,Train
LOT-0032884,Test (Temporal)
LOT-0032885,Train
LOT-0032886,Train
LOT-0032887,Train
LOT-0032888,Train
LOT-0032889,Test (Temporal)
LOT-0032890,Train
LOT-0032891,Train
LOT-0032892,Train
LOT-0032893,Train
LOT-0032894,Train
LOT-0032895,Train
LOT-0032896,Train
LOT-0032897,Train
LOT-0032898,Train
LOT-0032899,Train
LOT-0032900,Train
LOT-0032901,Test (Temporal)
LOT-0032902,Train
LOT-0032903,Train
LOT-0032904,Train
LOT-0032905,Train
LOT-0032906,Train
LOT-0032907,Train
LOT-0032908,Train
LOT-0032909,Train
LOT-0032910,Test (Temporal)
LOT-0032911,Train
LOT-0032912,Train
LOT-0032913,Test (Temporal)
LOT-0032914,Train
LOT-0032915,Train
LOT-0032916,Test (Temporal)
LOT-0032917,Train
LOT-0032918,Train
LOT-0032919,Train
LOT-0032920,Train
LOT-0032921,Train
LOT-0032922,Train
LOT-0032923,Test (Temporal)
LOT-0032924,Train
LOT-0032925,Train
LOT-0032926,Train
LOT-0032927,Test (Temporal)
LOT-0032928,Test (Temporal)
LOT-0032929,Train
LOT-0032930,Train
LOT-0032931,Test (Temporal)
LOT-0032932,Train
LOT-0032933,Train
LOT-0032934,Train
LOT-0032935,Train
LOT-0032936,Train
LOT-0032937,Train
LOT-0032938,Train
LOT-0032939,Train
LOT-0032940,Train
LOT-0032941,Test (Temporal)
LOT-0032942,Train
LOT-0032943,Train
LOT-0032944,Train
LOT-0032945,Train
LOT-0032946,Train
LOT-0032947,Train
LOT-0032948,Train
LOT-0032949,Train
LOT-0032950,Train
LOT-0032951,Test (Temporal)
LOT-0032952,Train
LOT-0032953,Train
LOT-0032954,Train
LOT-0032955,Test (Temporal)
LOT-0032956,Train
LOT-0032957,Train
LOT-0032958,Train
LOT-0032959,Train
LOT-0032960,Train
LOT-0032961,Train
LOT-0032962,Train
LOT-0032963,Train
LOT-0032964,Train
LOT-0032965,Train
LOT-0032966,Train
LOT-0032967,Test (Temporal)
LOT-0032968,Train
LOT-0032969,Train
LOT-0032970,Train
LOT-0032971,Train
LOT-0032972,Test (Temporal)
LOT-0032973,Test (Temporal)
LOT-0032974,Train
LOT-0032975,Train
LOT-0032976,Train
LOT-0032977,Train
LOT-0032978,Train
LOT-0032979,Train
LOT-0032980,Train
LOT-0032981,Train
LOT-0032982,Train
LOT-0032983,Test (Temporal)
LOT-0032984,Train
LOT-0032985,Test (Temporal)
LOT-0032986,Train
LOT-0032987,Train
LOT-0032988,Train
LOT-0032989,Train
LOT-0032990,Test (Temporal)
LOT-0032991,Train
LOT-0032992,Train
LOT-0032993,Test (Temporal)
LOT-0032994,Train
LOT-0032995,Train
LOT-0032996,Train
LOT-0032997,Test (Temporal)
LOT-0032998,Train
LOT-0032999,Train
LOT-0033000,Train
LOT-0033001,Train
LOT-0033002,Train
LOT-0033003,Train
LOT-0033004,Train
LOT-0033005,Train
LOT-0033006,Train
LOT-0033007,Train
LOT-0033008,Train
LOT-0033009,Train
LOT-0033010,Train
LOT-0033011,Test (Temporal)
LOT-0033012,Train
LOT-0033013,Train
LOT-0033014,Train
LOT-0033015,Test (Temporal)
LOT-0033016,Train
LOT-0033017,Train
LOT-0033018,Train
LOT-0033019,Train
LOT-0033020,Train
LOT-0033021,Test (Temporal)
LOT-0033022,Train
LOT-0033023,Train
LOT-0033024,Train
LOT-0033025,Train
LOT-0033026,Train
LOT-0033027,Train
LOT-0033028,Train
LOT-0033029,Train
LOT-0033030,Train
LOT-0033031,Train
LOT-0033032,Train
LOT-0033033,Train
LOT-0033034,Train
LOT-0033035,Train
LOT-0033036,Test (Temporal)
LOT-0033037,Train
LOT-0033038,Train
LOT-0033039,Train
LOT-0033040,Train
LOT-0033041,Train
LOT-0033042,Test (Temporal)
LOT-0033043,Test (Temporal)
LOT-0033044,Train
LOT-0033045,Train
LOT-0033046,Train
LOT-0033047,Train
LOT-0033048,Train
LOT-0033049,Test (Temporal)
LOT-0033050,Train
LOT-0033051,Train
LOT-0033052,Train
LOT-0033053,Train
LOT-0033054,Train
LOT-0033055,Train
LOT-0033056,Train
LOT-0033057,Test (Temporal)
LOT-0033058,Train
LOT-0033059,Train
LOT-0033060,Train
LOT-0033061,Train
LOT-0033062,Train
LOT-0033063,Train
LOT-0033064,Test (Temporal)
LOT-0033065,Train
LOT-0033066,Train
LOT-0033067,Train
LOT-0033068,Train
LOT-0033069,Train
LOT-0033070,Train
LOT-0033071,Test (Temporal)
LOT-0033072,Train
LOT-0033073,Train
LOT-0033074,Train
LOT-0033075,Train
LOT-0033076,Train
LOT-0033077,Train
LOT-0033078,Train
LOT-0033079,Train
LOT-0033080,Train
LOT-0033081,Train
LOT-0033082,Train
LOT-0033083,Test (Temporal)
LOT-0033084,Test (Temporal)
LOT-0033085,Train
LOT-0033086,Train
LOT-0033087,Train
LOT-0033088,Train
LOT-0033089,Train
LOT-0033090,Train
LOT-0033091,Train
LOT-0033092,Train
LOT-0033093,Train
LOT-0033094,Test (Temporal)
LOT-0033095,Train
LOT-0033096,Train
LOT-0033097,Train
LOT-0033098,Train
LOT-0033099,Train
LOT-0033100,Train
LOT-0033101,Test (Temporal)
LOT-0033102,Test (Temporal)
LOT-0033103,Train
LOT-0033104,Train
LOT-0033105,Train
LOT-0033106,Train
LOT-0033107,Train
LOT-0033108,Train
LOT-0033109,Train
LOT-0033110,Train
LOT-0033111,Train
LOT-0033112,Train
LOT-0033113,Train
LOT-0033114,Train
LOT-0033115,Train
LOT-0033116,Test (Temporal)
LOT-0033117,Train
LOT-0033118,Train
LOT-0033119,Test (Temporal)
LOT-0033120,Train
LOT-0033121,Train
LOT-0033122,Train
LOT-0033123,Train
LOT-0033124,Test (Temporal)
LOT-0033125,Train
LOT-0033126,Train
LOT-0033127,Train
LOT-0033128,Train
LOT-0033129,Train
LOT-0033130,Train
LOT-0033131,Train
LOT-0033132,Train
LOT-0033133,Train
LOT-0033134,Train
LOT-0033135,Train
LOT-0033136,Test (Temporal)
LOT-0033137,Test (Temporal)
LOT-0033138,Test (Temporal)
LOT-0033139,Train
LOT-0033140,Train
LOT-0033141,Train
LOT-0033142,Train
LOT-0033143,Train
LOT-0033144,Train
LOT-0033145,Train
LOT-0033146,Train
LOT-0033147,Train
LOT-0033148,Test (Temporal)
LOT-0033149,Train
LOT-0033150,Train
LOT-0033151,Train
LOT-0033152,Train
LOT-0033153,Train
LOT-0033154,Train
LOT-0033155,Train
LOT-0033156,Test (Temporal)
LOT-0033157,Train
LOT-0033158,Train
LOT-0033159,Train
LOT-0033160,Train
LOT-0033161,Train
LOT-0033162,Train
LOT-0033163,Test (Temporal)
LOT-0033164,Train
LOT-0033165,Train
LOT-0033166,Train
LOT-0033167,Train
LOT-0033168,Train
LOT-0033169,Train
LOT-0033170,Test (Temporal)
LOT-0033171,Train
LOT-0033172,Test (Temporal)
LOT-0033173,Train
LOT-0033174,Train
LOT-0033175,Train
LOT-0033176,Train
LOT-0033177,Train
LOT-0033178,Train
LOT-0033179,Test (Temporal)
LOT-0033180,Train
LOT-0033181,Train
LOT-0033182,Train
LOT-0033183,Train
LOT-0033184,Train
LOT-0033185,Train
LOT-0033186,Train
LOT-0033187,Train
LOT-0033188,Train
LOT-0033189,Train
LOT-0033190,Train
LOT-0033191,Train
LOT-0033192,Train
LOT-0033193,Train
LOT-0033194,Train
LOT-0033195,Train
LOT-0033196,Train
LOT-0033197,Train
LOT-0033198,Train
LOT-0033199,Train
LOT-0033200,Test (Temporal)
LOT-0033201,Train
LOT-0033202,Train
LOT-0033203,Train
LOT-0033204,Train
LOT-0033205,Train
LOT-0033206,Train
LOT-0033207,Test (Temporal)
LOT-0033208,Train
LOT-0033209,Train
LOT-0033210,Train
LOT-0033211,Train
LOT-0033212,Test (Temporal)
LOT-0033213,Train
LOT-0033214,Test (Temporal)
LOT-0033215,Train
LOT-0033216,Train
LOT-0033217,Train
LOT-0033218,Train
LOT-0033219,Train
LOT-0033220,Train
LOT-0033221,Train
LOT-0033222,Train
LOT-0033223,Test (Temporal)
LOT-0033224,Train
LOT-0033225,Train
LOT-0033226,Train
LOT-0033227,Train
LOT-0033228,Train
LOT-0033229,Train
LOT-0033230,Train
LOT-0033231,Train
LOT-0033232,Train
LOT-0033233,Train
LOT-0033234,Train
LOT-0033235,Train
LOT-0033236,Train
LOT-0033237,Train
LOT-0033238,Train
LOT-0033239,Test (Temporal)
LOT-0033240,Train
LOT-0033241,Train
LOT-0033242,Test (Temporal)
LOT-0033243,Train
LOT-0033244,Train
LOT-0033245,Test (Temporal)
LOT-0033246,Train
LOT-0033247,Train
LOT-0033248,Train
LOT-0033249,Train
LOT-0033250,Train
LOT-0033251,Train
LOT-0033252,Train
LOT-0033253,Train
LOT-0033254,Test (Temporal)
LOT-0033255,Train
LOT-0033256,Train
LOT-0033257,Train
LOT-0033258,Train
LOT-0033259,Train
LOT-0033260,Train
LOT-0033261,Train
LOT-0033262,Train
LOT-0033263,Train
LOT-0033264,Test (Temporal)
LOT-0033265,Train
LOT-0033266,Test (Temporal)
LOT-0033267,Train
LOT-0033268,Train
LOT-0033269,Train
LOT-0033270,Test (Temporal)
LOT-0033271,Train
LOT-0033272,Test (Temporal)
LOT-0033273,Test (Temporal)
LOT-0033274,Train
LOT-0033275,Train
LOT-0033276,Train
LOT-0033277,Train
LOT-0033278,Train
LOT-0033279,Train
LOT-0033280,Train
LOT-0033281,Train
LOT-0033282,Train
LOT-0033283,Train
LOT-0033284,Train
LOT-0033285,Train
LOT-0033286,Train
LOT-0033287,Test (Temporal)
LOT-0033288,Train
LOT-0033289,Test (Temporal)
LOT-0033290,Train
LOT-0033291,Train
LOT-0033292,Test (Temporal)
LOT-0033293,Test (Temporal)
LOT-0033294,Train
LOT-0033295,Train
LOT-0033296,Test (Temporal)
LOT-0033297,Train
LOT-0033298,Train
LOT-0033299,Train
LOT-0033300,Train
LOT-0033301,Train
LOT-0033302,Train
LOT-0033303,Train
LOT-0033304,Train
LOT-0033305,Train
LOT-0033306,Train
LOT-0033307,Train
LOT-0033308,Train
LOT-0033309,Train
LOT-0033310,Train
LOT-0033311,Train
LOT-0033312,Train
LOT-0033313,Train
LOT-0033314,Train
LOT-0033315,Train
LOT-0033316,Train
LOT-0033317,Train
LOT-0033318,Train
LOT-0033319,Train
LOT-0033320,Train
LOT-0033321,Train
LOT-0033322,Train
LOT-0033323,Train
LOT-0033324,Train
LOT-0033325,Train
LOT-0033326,Train
LOT-0033327,Train
LOT-0033328,Train
LOT-0033329,Train
LOT-0033330,Train
LOT-0033331,Train
LOT-0033332,Train
LOT-0033333,Train
LOT-0033334,Train
LOT-0033335,Test (Temporal)
LOT-0033336,Train
LOT-0033337,Train
LOT-0033338,Train
LOT-0033339,Train
LOT-0033340,Train
LOT-0033341,Test (Temporal)
LOT-0033342,Train
LOT-0033343,Train
LOT-0033344,Test (Temporal)
LOT-0033345,Test (Temporal)
LOT-0033346,Train
LOT-0033347,Train
LOT-0033348,Train
LOT-0033349,Train
LOT-0033350,Train
LOT-0033351,Train
LOT-0033352,Test (Temporal)
LOT-0033353,Train
LOT-0033354,Train
LOT-0033355,Train
LOT-0033356,Train
LOT-0033357,Train
LOT-0033358,Train
LOT-0033359,Train
LOT-0033360,Train
LOT-0033361,Train
LOT-0033362,Train
LOT-0033363,Train
LOT-0033364,Test (Temporal)
LOT-0033365,Train
LOT-0033366,Train
LOT-0033367,Train
LOT-0033368,Train
LOT-0033369,Train
LOT-0033370,Train
LOT-0033371,Train
LOT-0033372,Train
LOT-0033373,Test (Temporal)
LOT-0033374,Test (Temporal)
LOT-0033375,Test (Temporal)
LOT-0033376,Train
LOT-0033377,Train
LOT-0033378,Train
LOT-0033379,Test (Temporal)
LOT-0033380,Test (Temporal)
LOT-0033381,Train
LOT-0033382,Test (Temporal)
LOT-0033383,Train
LOT-0033384,Train
LOT-0033385,Train
LOT-0033386,Train
LOT-0033387,Train
LOT-0033388,Train
LOT-0033389,Train
LOT-0033390,Train
LOT-0033391,Train
LOT-0033392,Train
LOT-0033393,Train
LOT-0033394,Train
LOT-0033395,Train
LOT-0033396,Test (Temporal)
LOT-0033397,Train
LOT-0033398,Train
LOT-0033399,Train
LOT-0033400,Train
LOT-0033401,Train
LOT-0033402,Test (Temporal)
LOT-0033403,Train
LOT-0033404,Train
LOT-0033405,Test (Temporal)
LOT-0033406,Train
LOT-0033407,Train
LOT-0033408,Train
LOT-0033409,Train
LOT-0033410,Test (Temporal)
LOT-0033411,Train
LOT-0033412,Train
LOT-0033413,Train
LOT-0033414,Train
LOT-0033415,Train
LOT-0033416,Train
LOT-0033417,Test (Temporal)
LOT-0033418,Train
LOT-0033419,Train
LOT-0033420,Train
LOT-0033421,Train
LOT-0033422,Train
LOT-0033423,Train
LOT-0033424,Train
LOT-0033425,Train
LOT-0033426,Train
LOT-0033427,Test (Temporal)
LOT-0033428,Train
LOT-0033429,Test (Temporal)
LOT-0033430,Train
LOT-0033431,Train
LOT-0033432,Train
LOT-0033433,Train
LOT-0033434,Train
LOT-0033435,Train
LOT-0033436,Train
LOT-0033437,Test (Temporal)
LOT-0033438,Train
LOT-0033439,Train
LOT-0033440,Test (Temporal)
LOT-0033441,Train
LOT-0033442,Train
LOT-0033443,Test (Temporal)
LOT-0033444,Train
LOT-0033445,Train
LOT-0033446,Train
LOT-0033447,Test (Temporal)
LOT-0033448,Train
LOT-0033449,Train
LOT-0033450,Train
LOT-0033451,Train
LOT-0033452,Train
LOT-0033453,Test (Temporal)
LOT-0033454,Train
LOT-0033455,Train
LOT-0033456,Train
LOT-0033457,Train
LOT-0033458,Train
LOT-0033459,Train
LOT-0033460,Train
LOT-0033461,Train
LOT-0033462,Train
LOT-0033463,Train
LOT-0033464,Train
LOT-0033465,Train
LOT-0033466,Train
LOT-0033467,Train
LOT-0033468,Train
LOT-0033469,Train
LOT-0033470,Train
LOT-0033471,Train
LOT-0033472,Train
LOT-0033473,Train
LOT-0033474,Train
LOT-0033475,Train
LOT-0033476,Train
LOT-0033477,Train
LOT-0033478,Train
LOT-0033479,Train
LOT-0033480,Train
LOT-0033481,Train
LOT-0033482,Train
LOT-0033483,Train
LOT-0033484,Test (Temporal)
LOT-0033485,Train
LOT-0033486,Train
LOT-0033487,Train
LOT-0033488,Train
LOT-0033489,Test (Temporal)
LOT-0033490,Train
LOT-0033491,Train
LOT-0033492,Test (Temporal)
LOT-0033493,Train
LOT-0033494,Train
LOT-0033495,Test (Temporal)
LOT-0033496,Train
LOT-0033497,Test (Temporal)
LOT-0033498,Train
LOT-0033499,Test (Temporal)
LOT-0033500,Test (Temporal)
LOT-0033501,Train
LOT-0033502,Train
LOT-0033503,Test (Temporal)
LOT-0033504,Train
LOT-0033505,Test (Temporal)
LOT-0033506,Train
LOT-0033507,Train
LOT-0033508,Train
LOT-0033509,Train
LOT-0033510,Train
LOT-0033511,Train
LOT-0033512,Train
LOT-0033513,Train
LOT-0033514,Train
LOT-0033515,Train
LOT-0033516,Train
LOT-0033517,Train
LOT-0033518,Train
LOT-0033519,Train
LOT-0033520,Train
LOT-0033521,Train
LOT-0033522,Train
LOT-0033523,Train
LOT-0033524,Train
LOT-0033525,Test (Temporal)
LOT-0033526,Train
LOT-0033527,Test (Temporal)
LOT-0033528,Train
LOT-0033529,Train
LOT-0033530,Test (Temporal)
LOT-0033531,Test (Temporal)
LOT-0033532,Train
LOT-0033533,Train
LOT-0033534,Train
LOT-0033535,Train
LOT-0033536,Train
LOT-0033537,Test (Temporal)
LOT-0033538,Test (Temporal)
LOT-0033539,Train
LOT-0033540,Train
LOT-0033541,Train
LOT-0033542,Train
LOT-0033543,Train
LOT-0033544,Train
LOT-0033545,Train
LOT-0033546,Train
LOT-0033547,Train
LOT-0033548,Train
LOT-0033549,Train
LOT-0033550,Train
LOT-0033551,Train
LOT-0033552,Train
LOT-0033553,Train
LOT-0033554,Train
LOT-0033555,Train
LOT-0033556,Train
LOT-0033557,Test (Temporal)
LOT-0033558,Train
LOT-0033559,Test (Temporal)
LOT-0033560,Train
LOT-0033561,Test (Temporal)
LOT-0033562,Train
LOT-0033563,Train
LOT-0033564,Train
LOT-0033565,Train
LOT-0033566,Train
LOT-0033567,Train
LOT-0033568,Train
LOT-0033569,Test (Temporal)
LOT-0033570,Train
LOT-0033571,Train
LOT-0033572,Train
LOT-0033573,Train
LOT-0033574,Train
LOT-0033575,Train
LOT-0033576,Train
LOT-0033577,Train
LOT-0033578,Train
LOT-0033579,Train
LOT-0033580,Train
LOT-0033581,Train
LOT-0033582,Train
LOT-0033583,Train
LOT-0033584,Test (Temporal)
LOT-0033585,Train
LOT-0033586,Train
LOT-0033587,Train
LOT-0033588,Train
LOT-0033589,Train
LOT-0033590,Train
LOT-0033591,Train
LOT-0033592,Train
LOT-0033593,Test (Temporal)
LOT-0033594,Train
LOT-0033595,Train
LOT-0033596,Train
LOT-0033597,Train
LOT-0033598,Train
LOT-0033599,Test (Temporal)
LOT-0033600,Train
LOT-0033601,Test (Temporal)
LOT-0033602,Train
LOT-0033603,Train
LOT-0033604,Train
LOT-0033605,Train
LOT-0033606,Train
LOT-0033607,Test (Temporal)
LOT-0033608,Train
LOT-0033609,Train
LOT-0033610,Train
LOT-0033611,Train
LOT-0033612,Train
LOT-0033613,Train
LOT-0033614,Train
LOT-0033615,Train
LOT-0033616,Test (Temporal)
LOT-0033617,Test (Temporal)
LOT-0033618,Train
LOT-0033619,Train
LOT-0033620,Train
LOT-0033621,Train
LOT-0033622,Train
LOT-0033623,Train
LOT-0033624,Train
LOT-0033625,Test (Temporal)
LOT-0033626,Train
LOT-0033627,Train
LOT-0033628,Train
LOT-0033629,Test (Temporal)
LOT-0033630,Train
LOT-0033631,Train
LOT-0033632,Train
LOT-0033633,Train
LOT-0033634,Train
LOT-0033635,Test (Temporal)
LOT-0033636,Train
LOT-0033637,Train
LOT-0033638,Test (Temporal)
LOT-0033639,Train
LOT-0033640,Train
LOT-0033641,Test (Temporal)
LOT-0033642,Test (Temporal)
LOT-0033643,Train
LOT-0033644,Train
LOT-0033645,Train
LOT-0033646,Train
LOT-0033647,Train
LOT-0033648,Test (Temporal)
LOT-0033649,Train
LOT-0033650,Test (Temporal)
LOT-0033651,Train
LOT-0033652,Test (Temporal)
LOT-0033653,Train
LOT-0033654,Train
LOT-0033655,Test (Temporal)
LOT-0033656,Train
LOT-0033657,Train
LOT-0033658,Train
LOT-0033659,Train
LOT-0033660,Train
LOT-0033661,Train
LOT-0033662,Train
LOT-0033663,Train
LOT-0033664,Train
LOT-0033665,Train
LOT-0033666,Train
LOT-0033667,Train
LOT-0033668,Train
LOT-0033669,Test (Temporal)
LOT-0033670,Test (Temporal)
LOT-0033671,Train
LOT-0033672,Train
LOT-0033673,Test (Temporal)
LOT-0033674,Train
LOT-0033675,Test (Temporal)
LOT-0033676,Test (Temporal)
LOT-0033677,Train
LOT-0033678,Train
LOT-0033679,Train
LOT-0033680,Test (Temporal)
LOT-0033681,Train
LOT-0033682,Train
LOT-0033683,Train
LOT-0033684,Train
LOT-0033685,Train
LOT-0033686,Train
LOT-0033687,Test (Temporal)
LOT-0033688,Train
LOT-0033689,Train
LOT-0033690,Train
LOT-0033691,Train
LOT-0033692,Train
LOT-0033693,Train
LOT-0033694,Train
LOT-0033695,Train
LOT-0033696,Train
LOT-0033697,Train
LOT-0033698,Test (Temporal)
LOT-0033699,Train
LOT-0033700,Train
LOT-0033701,Train
LOT-0033702,Train
LOT-0033703,Train
LOT-0033704,Train
LOT-0033705,Train
LOT-0033706,Train
LOT-0033707,Train
LOT-0033708,Train
LOT-0033709,Train
LOT-0033710,Train
LOT-0033711,Test (Temporal)
LOT-0033712,Train
LOT-0033713,Train
LOT-0033714,Train
LOT-0033715,Train
LOT-0033716,Train
LOT-0033717,Train
LOT-0033718,Train
LOT-0033719,Train
LOT-0033720,Test (Temporal)
LOT-0033721,Train
LOT-0033722,Train
LOT-0033723,Train
LOT-0033724,Train
LOT-0033725,Train
LOT-0033726,Train
LOT-0033727,Train
LOT-0033728,Train
LOT-0033729,Train
LOT-0033730,Train
LOT-0033731,Train
LOT-0033732,Train
LOT-0033733,Train
LOT-0033734,Train
LOT-0033735,Train
LOT-0033736,Train
LOT-0033737,Train
LOT-0033738,Train
LOT-0033739,Train
LOT-0033740,Train
LOT-0033741,Train
LOT-0033742,Test (Temporal)
LOT-0033743,Train
LOT-0033744,Train
LOT-0033745,Train
LOT-0033746,Train
LOT-0033747,Test (Temporal)
LOT-0033748,Train
LOT-0033749,Train
LOT-0033750,Train
LOT-0033751,Train
LOT-0033752,Train
LOT-0033753,Train
LOT-0033754,Train
LOT-0033755,Train
LOT-0033756,Train
LOT-0033757,Train
LOT-0033758,Test (Temporal)
LOT-0033759,Train
LOT-0033760,Train
LOT-0033761,Train
LOT-0033762,Train
LOT-0033763,Train
LOT-0033764,Train
LOT-0033765,Train
LOT-0033766,Train
LOT-0033767,Train
LOT-0033768,Train
LOT-0033769,Train
LOT-0033770,Train
LOT-0033771,Train
LOT-0033772,Test (Temporal)
LOT-0033773,Train
LOT-0033774,Train
LOT-0033775,Test (Temporal)
LOT-0033776,Train
LOT-0033777,Train
LOT-0033778,Train
LOT-0033779,Train
LOT-0033780,Train
LOT-0033781,Train
LOT-0033782,Train
LOT-0033783,Train
LOT-0033784,Train
LOT-0033785,Train
LOT-0033786,Train
LOT-0033787,Train
LOT-0033788,Train
LOT-0033789,Train
LOT-0033790,Train
LOT-0033791,Train
LOT-0033792,Train
LOT-0033793,Train
LOT-0033794,Train
LOT-0033795,Train
LOT-0033796,Train
LOT-0033797,Train
LOT-0033798,Train
LOT-0033799,Train
LOT-0033800,Train
LOT-0033801,Test (Temporal)
LOT-0033802,Test (Temporal)
LOT-0033803,Train
LOT-0033804,Train
LOT-0033805,Train
LOT-0033806,Train
LOT-0033807,Train
LOT-0033808,Train
LOT-0033809,Train
LOT-0033810,Train
LOT-0033811,Train
LOT-0033812,Train
LOT-0033813,Train
LOT-0033814,Test (Temporal)
LOT-0033815,Train
LOT-0033816,Train
LOT-0033817,Train
LOT-0033818,Train
LOT-0033819,Train
LOT-0033820,Train
LOT-0033821,Train
LOT-0033822,Train
LOT-0033823,Test (Temporal)
LOT-0033824,Test (Temporal)
LOT-0033825,Test (Temporal)
LOT-0033826,Train
LOT-0033827,Test (Temporal)
LOT-0033828,Train
LOT-0033829,Train
LOT-0033830,Train
LOT-0033831,Train
LOT-0033832,Train
LOT-0033833,Train
LOT-0033834,Train
LOT-0033835,Train
LOT-0033836,Train
LOT-0033837,Train
LOT-0033838,Train
LOT-0033839,Train
LOT-0033840,Train
LOT-0033841,Train
LOT-0033842,Train
LOT-0033843,Train
LOT-0033844,Train
LOT-0033845,Train
LOT-0033846,Train
LOT-0033847,Train
LOT-0033848,Train
LOT-0033849,Train
LOT-0033850,Train
LOT-0033851,Train
LOT-0033852,Train
LOT-0033853,Test (Temporal)
LOT-0033854,Test (Temporal)
LOT-0033855,Train
LOT-0033856,Train
LOT-0033857,Train
LOT-0033858,Train
LOT-0033859,Train
LOT-0033860,Train
LOT-0033861,Train
LOT-0033862,Train
LOT-0033863,Train
LOT-0033864,Train
LOT-0033865,Train
LOT-0033866,Train
LOT-0033867,Train
LOT-0033868,Train
LOT-0033869,Train
LOT-0033870,Train
LOT-0033871,Train
LOT-0033872,Train
LOT-0033873,Test (Temporal)
LOT-0033874,Train
LOT-0033875,Train
LOT-0033876,Train
LOT-0033877,Train
LOT-0033878,Train
LOT-0033879,Train
LOT-0033880,Train
LOT-0033881,Test (Temporal)
LOT-0033882,Train
LOT-0033883,Train
LOT-0033884,Train
LOT-0033885,Train
LOT-0033886,Train
LOT-0033887,Test (Temporal)
LOT-0033888,Train
LOT-0033889,Train
LOT-0033890,Train
LOT-0033891,Train
LOT-0033892,Train
LOT-0033893,Train
LOT-0033894,Train
LOT-0033895,Train
LOT-0033896,Test (Temporal)
LOT-0033897,Train
LOT-0033898,Train
LOT-0033899,Train
LOT-0033900,Train
LOT-0033901,Train
LOT-0033902,Train
LOT-0033903,Train
LOT-0033904,Train
LOT-0033905,Train
LOT-0033906,Train
LOT-0033907,Train
LOT-0033908,Train
LOT-0033909,Test (Temporal)
LOT-0033910,Train
LOT-0033911,Test (Temporal)
LOT-0033912,Train
LOT-0033913,Train
LOT-0033914,Train
LOT-0033915,Train
LOT-0033916,Test (Temporal)
LOT-0033917,Train
LOT-0033918,Train
LOT-0033919,Train
LOT-0033920,Train
LOT-0033921,Train
LOT-0033922,Test (Temporal)
LOT-0033923,Train
LOT-0033924,Train
LOT-0033925,Train
LOT-0033926,Train
LOT-0033927,Train
LOT-0033928,Train
LOT-0033929,Train
LOT-0033930,Train
LOT-0033931,Train
LOT-0033932,Test (Temporal)
LOT-0033933,Train
LOT-0033934,Train
LOT-0033935,Train
LOT-0033936,Train
LOT-0033937,Train
LOT-0033938,Test (Temporal)
LOT-0033939,Train
LOT-0033940,Train
LOT-0033941,Train
LOT-0033942,Train
LOT-0033943,Train
LOT-0033944,Train
LOT-0033945,Train
LOT-0033946,Train
LOT-0033947,Test (Temporal)
LOT-0033948,Train
LOT-0033949,Train
LOT-0033950,Train
LOT-0033951,Train
LOT-0033952,Train
LOT-0033953,Train
LOT-0033954,Train
LOT-0033955,Test (Temporal)
LOT-0033956,Train
LOT-0033957,Train
LOT-0033958,Train
LOT-0033959,Test (Temporal)
LOT-0033960,Train
LOT-0033961,Test (Temporal)
LOT-0033962,Test (Temporal)
LOT-0033963,Train
LOT-0033964,Test (Temporal)
LOT-0033965,Train
LOT-0033966,Train
LOT-0033967,Train
LOT-0033968,Train
LOT-0033969,Train
LOT-0033970,Train
LOT-0033971,Train
LOT-0033972,Train
LOT-0033973,Train
LOT-0033974,Test (Temporal)
LOT-0033975,Test (Temporal)
LOT-0033976,Train
LOT-0033977,Train
LOT-0033978,Train
LOT-0033979,Train
LOT-0033980,Train
LOT-0033981,Train
LOT-0033982,Train
LOT-0033983,Train
LOT-0033984,Train
LOT-0033985,Train
LOT-0033986,Train
LOT-0033987,Train
LOT-0033988,Train
LOT-0033989,Train
LOT-0033990,Train
LOT-0033991,Train
LOT-0033992,Train
LOT-0033993,Train
LOT-0033994,Train
LOT-0033995,Test (Temporal)
LOT-0033996,Train
LOT-0033997,Train
LOT-0033998,Train
LOT-0033999,Test (Temporal)
LOT-0034000,Test (Temporal)
LOT-0034001,Train
LOT-0034002,Test (Temporal)
LOT-0034003,Test (Temporal)
LOT-0034004,Train
LOT-0034005,Train
LOT-0034006,Train
LOT-0034007,Train
LOT-0034008,Train
LOT-0034009,Train
LOT-0034010,Train
LOT-0034011,Train
LOT-0034012,Train
LOT-0034013,Train
LOT-0034014,Train
LOT-0034015,Train
LOT-0034016,Train
LOT-0034017,Train
LOT-0034018,Train
LOT-0034019,Test (Temporal)
LOT-0034020,Train
LOT-0034021,Train
LOT-0034022,Train
LOT-0034023,Train
LOT-0034024,Train
LOT-0034025,Train
LOT-0034026,Train
LOT-0034027,Train
LOT-0034028,Train
LOT-0034029,Train
LOT-0034030,Train
LOT-0034031,Train
LOT-0034032,Train
LOT-0034033,Train
LOT-0034034,Train
LOT-0034035,Train
LOT-0034036,Train
LOT-0034037,Train
LOT-0034038,Train
LOT-0034039,Train
LOT-0034040,Train
LOT-0034041,Train
LOT-0034042,Test (Temporal)
LOT-0034043,Train
LOT-0034044,Train
LOT-0034045,Train
LOT-0034046,Train
LOT-0034047,Train
LOT-0034048,Train
LOT-0034049,Train
LOT-0034050,Test (Temporal)
LOT-0034051,Train
LOT-0034052,Train
LOT-0034053,Train
LOT-0034054,Train
LOT-0034055,Train
LOT-0034056,Train
LOT-0034057,Train
LOT-0034058,Train
LOT-0034059,Train
LOT-0034060,Train
LOT-0034061,Train
LOT-0034062,Train
LOT-0034063,Train
LOT-0034064,Train
LOT-0034065,Train
LOT-0034066,Train
LOT-0034067,Train
LOT-0034068,Train
LOT-0034069,Train
LOT-0034070,Train
LOT-0034071,Train
LOT-0034072,Test (Temporal)
LOT-0034073,Test (Temporal)
LOT-0034074,Train
LOT-0034075,Train
LOT-0034076,Train
LOT-0034077,Train
LOT-0034078,Train
LOT-0034079,Train
LOT-0034080,Train
LOT-0034081,Train
LOT-0034082,Train
LOT-0034083,Train
LOT-0034084,Train
LOT-0034085,Train
LOT-0034086,Train
LOT-0034087,Train
LOT-0034088,Train
LOT-0034089,Train
LOT-0034090,Train
LOT-0034091,Train
LOT-0034092,Train
LOT-0034093,Train
LOT-0034094,Train
LOT-0034095,Train
LOT-0034096,Train
LOT-0034097,Train
LOT-0034098,Test (Temporal)
LOT-0034099,Train
LOT-0034100,Train
LOT-0034101,Train
LOT-0034102,Train
LOT-0034103,Train
LOT-0034104,Train
LOT-0034105,Train
LOT-0034106,Train
LOT-0034107,Train
LOT-0034108,Train
LOT-0034109,Train
LOT-0034110,Train
LOT-0034111,Train
LOT-0034112,Test (Temporal)
LOT-0034113,Train
LOT-0034114,Train
LOT-0034115,Train
LOT-0034116,Train
LOT-0034117,Test (Temporal)
LOT-0034118,Train
LOT-0034119,Train
LOT-0034120,Train
LOT-0034121,Train
LOT-0034122,Train
LOT-0034123,Train
LOT-0034124,Train
LOT-0034125,Train
LOT-0034126,Train
LOT-0034127,Train
LOT-0034128,Train
LOT-0034129,Train
LOT-0034130,Test (Temporal)
LOT-0034131,Train
LOT-0034132,Train
LOT-0034133,Train
LOT-0034134,Train
LOT-0034135,Train
LOT-0034136,Train
LOT-0034137,Train
LOT-0034138,Train
LOT-0034139,Test (Temporal)
LOT-0034140,Train
LOT-0034141,Train
LOT-0034142,Train
LOT-0034143,Train
LOT-0034144,Train
LOT-0034145,Train
LOT-0034146,Train
LOT-0034147,Test (Temporal)
LOT-0034148,Test (Temporal)
LOT-0034149,Train
LOT-0034150,Train
LOT-0034151,Test (Temporal)
LOT-0034152,Train
LOT-0034153,Train
LOT-0034154,Train
LOT-0034155,Train
LOT-0034156,Train
LOT-0034157,Test (Temporal)
LOT-0034158,Test (Temporal)
LOT-0034159,Train
LOT-0034160,Train
LOT-0034161,Train
LOT-0034162,Test (Temporal)
LOT-0034163,Train
LOT-0034164,Test (Temporal)
LOT-0034165,Train
LOT-0034166,Train
LOT-0034167,Train
LOT-0034168,Test (Temporal)
LOT-0034169,Train
LOT-0034170,Test (Temporal)
LOT-0034171,Train
LOT-0034172,Train
LOT-0034173,Train
LOT-0034174,Train
LOT-0034175,Train
LOT-0034176,Train
LOT-0034177,Train
LOT-0034178,Test (Temporal)
LOT-0034179,Test (Temporal)
LOT-0034180,Train
LOT-0034181,Train
LOT-0034182,Train
LOT-0034183,Train
LOT-0034184,Train
LOT-0034185,Train
LOT-0034186,Test (Temporal)
LOT-0034187,Train
LOT-0034188,Train
LOT-0034189,Train
LOT-0034190,Train
LOT-0034191,Train
LOT-0034192,Train
LOT-0034193,Train
LOT-0034194,Test (Temporal)
LOT-0034195,Train
LOT-0034196,Train
LOT-0034197,Train
LOT-0034198,Train
LOT-0034199,Test (Temporal)
LOT-0034200,Train
LOT-0034201,Test (Temporal)
LOT-0034202,Train
LOT-0034203,Train
LOT-0034204,Train
LOT-0034205,Train
LOT-0034206,Train
LOT-0034207,Train
LOT-0034208,Train
LOT-0034209,Train
LOT-0034210,Train
LOT-0034211,Train
LOT-0034212,Train
LOT-0034213,Train
LOT-0034214,Test (Temporal)
LOT-0034215,Train
LOT-0034216,Train
LOT-0034217,Test (Temporal)
LOT-0034218,Train
LOT-0034219,Train
LOT-0034220,Train
LOT-0034221,Train
LOT-0034222,Test (Temporal)
LOT-0034223,Train
LOT-0034224,Train
LOT-0034225,Train
LOT-0034226,Train
LOT-0034227,Train
LOT-0034228,Train
LOT-0034229,Train
LOT-0034230,Train
LOT-0034231,Train
LOT-0034232,Train
LOT-0034233,Train
LOT-0034234,Train
LOT-0034235,Train
LOT-0034236,Train
LOT-0034237,Train
LOT-0034238,Train
LOT-0034239,Train
LOT-0034240,Train
LOT-0034241,Test (Temporal)
LOT-0034242,Train
LOT-0034243,Test (Temporal)
LOT-0034244,Test (Temporal)
LOT-0034245,Test (Temporal)
LOT-0034246,Train
LOT-0034247,Test (Temporal)
LOT-0034248,Train
LOT-0034249,Train
LOT-0034250,Train
LOT-0034251,Train
LOT-0034252,Train
LOT-0034253,Train
LOT-0034254,Train
LOT-0034255,Train
LOT-0034256,Train
LOT-0034257,Train
LOT-0034258,Train
LOT-0034259,Train
LOT-0034260,Train
LOT-0034261,Train
LOT-0034262,Train
LOT-0034263,Test (Temporal)
LOT-0034264,Test (Temporal)
LOT-0034265,Train
LOT-0034266,Train
LOT-0034267,Train
LOT-0034268,Test (Temporal)
LOT-0034269,Test (Temporal)
LOT-0034270,Train
LOT-0034271,Train
LOT-0034272,Train
LOT-0034273,Train
LOT-0034274,Test (Temporal)
LOT-0034275,Train
LOT-0034276,Train
LOT-0034277,Train
LOT-0034278,Train
LOT-0034279,Train
LOT-0034280,Test (Temporal)
LOT-0034281,Train
LOT-0034282,Train
LOT-0034283,Train
LOT-0034284,Train
LOT-0034285,Train
LOT-0034286,Test (Temporal)
LOT-0034287,Train
LOT-0034288,Train
LOT-0034289,Train
LOT-0034290,Train
LOT-0034291,Test (Temporal)
LOT-0034292,Train
LOT-0034293,Train
LOT-0034294,Train
LOT-0034295,Train
LOT-0034296,Train
LOT-0034297,Train
LOT-0034298,Train
LOT-0034299,Train
LOT-0034300,Train
LOT-0034301,Train
LOT-0034302,Train
LOT-0034303,Test (Temporal)
LOT-0034304,Train
LOT-0034305,Train
LOT-0034306,Test (Temporal)
LOT-0034307,Train
LOT-0034308,Train
LOT-0034309,Train
LOT-0034310,Train
LOT-0034311,Test (Temporal)
LOT-0034312,Train
LOT-0034313,Train
LOT-0034314,Test (Temporal)
LOT-0034315,Train
LOT-0034316,Test (Temporal)
LOT-0034317,Train
LOT-0034318,Train
LOT-0034319,Train
LOT-0034320,Train
LOT-0034321,Train
LOT-0034322,Train
LOT-0034323,Train
LOT-0034324,Train
LOT-0034325,Test (Temporal)
LOT-0034326,Train
LOT-0034327,Train
LOT-0034328,Train
LOT-0034329,Train
LOT-0034330,Train
LOT-0034331,Train
LOT-0034332,Train
LOT-0034333,Train
LOT-0034334,Train
LOT-0034335,Train
LOT-0034336,Train
LOT-0034337,Train
LOT-0034338,Train
LOT-0034339,Train
LOT-0034340,Train
LOT-0034341,Train
LOT-0034342,Train
LOT-0034343,Train
LOT-0034344,Test (Temporal)
LOT-0034345,Test (Temporal)
LOT-0034346,Train
LOT-0034347,Train
LOT-0034348,Train
LOT-0034349,Train
LOT-0034350,Train
LOT-0034351,Train
LOT-0034352,Train
LOT-0034353,Train
LOT-0034354,Train
LOT-0034355,Train
LOT-0034356,Train
LOT-0034357,Train
LOT-0034358,Train
LOT-0034359,Train
LOT-0034360,Train
LOT-0034361,Test (Temporal)
LOT-0034362,Test (Temporal)
LOT-0034363,Train
LOT-0034364,Test (Temporal)
LOT-0034365,Train
LOT-0034366,Train
LOT-0034367,Train
LOT-0034368,Train
LOT-0034369,Train
LOT-0034370,Train
LOT-0034371,Train
LOT-0034372,Test (Temporal)
LOT-0034373,Train
LOT-0034374,Train
LOT-0034375,Train
LOT-0034376,Train
LOT-0034377,Train
LOT-0034378,Test (Temporal)
LOT-0034379,Train
LOT-0034380,Train
LOT-0034381,Train
LOT-0034382,Train
LOT-0034383,Train
LOT-0034384,Test (Temporal)
LOT-0034385,Train
LOT-0034386,Train
LOT-0034387,Train
LOT-0034388,Train
LOT-0034389,Test (Temporal)
LOT-0034390,Train
LOT-0034391,Test (Temporal)
LOT-0034392,Test (Temporal)
LOT-0034393,Test (Temporal)
LOT-0034394,Train
LOT-0034395,Train
LOT-0034396,Train
LOT-0034397,Train
LOT-0034398,Train
LOT-0034399,Train
LOT-0034400,Train
LOT-0034401,Train
LOT-0034402,Test (Temporal)
LOT-0034403,Train
LOT-0034404,Train
LOT-0034405,Train
LOT-0034406,Test (Temporal)
LOT-0034407,Train
LOT-0034408,Train
LOT-0034409,Train
LOT-0034410,Test (Temporal)
LOT-0034411,Train
LOT-0034412,Train
LOT-0034413,Train
LOT-0034414,Train
LOT-0034415,Train
LOT-0034416,Train
LOT-0034417,Train
LOT-0034418,Train
LOT-0034419,Train
LOT-0034420,Train
LOT-0034421,Train
LOT-0034422,Train
LOT-0034423,Train
LOT-0034424,Train
LOT-0034425,Train
LOT-0034426,Train
LOT-0034427,Test (Temporal)
LOT-0034428,Train
LOT-0034429,Train
LOT-0034430,Train
LOT-0034431,Test (Temporal)
LOT-0034432,Train
LOT-0034433,Train
LOT-0034434,Train
LOT-0034435,Train
LOT-0034436,Train
LOT-0034437,Train
LOT-0034438,Train
LOT-0034439,Train
LOT-0034440,Train
LOT-0034441,Train
LOT-0034442,Train
LOT-0034443,Test (Temporal)
LOT-0034444,Train
LOT-0034445,Train
LOT-0034446,Train
LOT-0034447,Train
LOT-0034448,Train
LOT-0034449,Test (Temporal)
LOT-0034450,Train
LOT-0034451,Train
LOT-0034452,Test (Temporal)
LOT-0034453,Train
LOT-0034454,Train
LOT-0034455,Test (Temporal)
LOT-0034456,Test (Temporal)
LOT-0034457,Train
LOT-0034458,Train
LOT-0034459,Test (Temporal)
LOT-0034460,Test (Temporal)
LOT-0034461,Train
LOT-0034462,Train
LOT-0034463,Train
LOT-0034464,Train
LOT-0034465,Train
LOT-0034466,Train
LOT-0034467,Train
LOT-0034468,Train
LOT-0034469,Test (Temporal)
LOT-0034470,Train
LOT-0034471,Train
LOT-0034472,Train
LOT-0034473,Train
LOT-0034474,Test (Temporal)
LOT-0034475,Test (Temporal)
LOT-0034476,Train
LOT-0034477,Train
LOT-0034478,Train
LOT-0034479,Train
LOT-0034480,Train
LOT-0034481,Train
LOT-0034482,Train
LOT-0034483,Test (Temporal)
LOT-0034484,Train
LOT-0034485,Train
LOT-0034486,Train
LOT-0034487,Test (Temporal)
LOT-0034488,Train
LOT-0034489,Test (Temporal)
LOT-0034490,Train
LOT-0034491,Train
LOT-0034492,Train
LOT-0034493,Train
LOT-0034494,Train
LOT-0034495,Train
LOT-0034496,Train
LOT-0034497,Train
LOT-0034498,Test (Temporal)
LOT-0034499,Train
LOT-0034500,Test (Temporal)
LOT-0034501,Train
LOT-0034502,Train
LOT-0034503,Train
LOT-0034504,Train
LOT-0034505,Train
LOT-0034506,Train
LOT-0034507,Train
LOT-0034508,Test (Temporal)
LOT-0034509,Train
LOT-0034510,Train
LOT-0034511,Train
LOT-0034512,Train
LOT-0034513,Train
LOT-0034514,Train
LOT-0034515,Train
LOT-0034516,Test (Temporal)
LOT-0034517,Train
LOT-0034518,Test (Temporal)
LOT-0034519,Train
LOT-0034520,Train
LOT-0034521,Test (Temporal)
LOT-0034522,Train
LOT-0034523,Train
LOT-0034524,Train
LOT-0034525,Train
LOT-0034526,Train
LOT-0034527,Train
LOT-0034528,Train
LOT-0034529,Train
LOT-0034530,Train
LOT-0034531,Train
LOT-0034532,Train
LOT-0034533,Test (Temporal)
LOT-0034534,Train
LOT-0034535,Train
LOT-0034536,Test (Temporal)
LOT-0034537,Train
LOT-0034538,Train
LOT-0034539,Train
LOT-0034540,Train
LOT-0034541,Test (Temporal)
LOT-0034542,Train
LOT-0034543,Train
LOT-0034544,Train
LOT-0034545,Train
LOT-0034546,Train
LOT-0034547,Train
LOT-0034548,Train
LOT-0034549,Train
LOT-0034550,Train
LOT-0034551,Train
LOT-0034552,Train
LOT-0034553,Train
LOT-0034554,Train
LOT-0034555,Test (Temporal)
LOT-0034556,Test (Temporal)
LOT-0034557,Train
LOT-0034558,Test (Temporal)
LOT-0034559,Train
LOT-0034560,Train
LOT-0034561,Train
LOT-0034562,Test (Temporal)
LOT-0034563,Train
LOT-0034564,Test (Temporal)
LOT-0034565,Train
LOT-0034566,Train
LOT-0034567,Train
LOT-0034568,Train
LOT-0034569,Test (Temporal)
LOT-0034570,Train
LOT-0034571,Train
LOT-0034572,Train
LOT-0034573,Train
LOT-0034574,Train
LOT-0034575,Train
LOT-0034576,Train
LOT-0034577,Test (Temporal)
LOT-0034578,Train
LOT-0034579,Train
LOT-0034580,Train
LOT-0034581,Train
LOT-0034582,Test (Temporal)
LOT-0034583,Train
LOT-0034584,Train
LOT-0034585,Train
LOT-0034586,Train
LOT-0034587,Train
LOT-0034588,Train
LOT-0034589,Test (Temporal)
LOT-0034590,Train
LOT-0034591,Train
LOT-0034592,Train
LOT-0034593,Train
LOT-0034594,Train
LOT-0034595,Train
LOT-0034596,Train
LOT-0034597,Train
LOT-0034598,Train
LOT-0034599,Train
LOT-0034600,Test (Temporal)
LOT-0034601,Train
LOT-0034602,Train
LOT-0034603,Train
LOT-0034604,Train
LOT-0034605,Train
LOT-0034606,Train
LOT-0034607,Train
LOT-0034608,Test (Temporal)
LOT-0034609,Train
LOT-0034610,Train
LOT-0034611,Train
LOT-0034612,Test (Temporal)
LOT-0034613,Train
LOT-0034614,Train
LOT-0034615,Train
LOT-0034616,Train
LOT-0034617,Train
LOT-0034618,Train
LOT-0034619,Train
LOT-0034620,Train
LOT-0034621,Train
LOT-0034622,Train
LOT-0034623,Train
LOT-0034624,Train
LOT-0034625,Train
LOT-0034626,Test (Temporal)
LOT-0034627,Train
LOT-0034628,Train
LOT-0034629,Train
LOT-0034630,Train
LOT-0034631,Train
LOT-0034632,Test (Temporal)
LOT-0034633,Train
LOT-0034634,Train
LOT-0034635,Train
LOT-0034636,Train
LOT-0034637,Train
LOT-0034638,Train
LOT-0034639,Train
LOT-0034640,Test (Temporal)
LOT-0034641,Train
LOT-0034642,Train
LOT-0034643,Train
LOT-0034644,Train
LOT-0034645,Train
LOT-0034646,Train
LOT-0034647,Train
LOT-0034648,Train
LOT-0034649,Train
LOT-0034650,Train
LOT-0034651,Train
LOT-0034652,Train
LOT-0034653,Train
LOT-0034654,Train
LOT-0034655,Train
LOT-0034656,Train
LOT-0034657,Train
LOT-0034658,Test (Temporal)
LOT-0034659,Train
LOT-0034660,Train
LOT-0034661,Train
LOT-0034662,Train
LOT-0034663,Train
LOT-0034664,Train
LOT-0034665,Train
LOT-0034666,Train
LOT-0034667,Train
LOT-0034668,Train
LOT-0034669,Test (Temporal)
LOT-0034670,Train
LOT-0034671,Train
LOT-0034672,Train
LOT-0034673,Train
LOT-0034674,Train
LOT-0034675,Train
LOT-0034676,Train
LOT-0034677,Train
LOT-0034678,Train
LOT-0034679,Train
LOT-0034680,Train
LOT-0034681,Train
LOT-0034682,Train
LOT-0034683,Train
LOT-0034684,Train
LOT-0034685,Train
LOT-0034686,Train
LOT-0034687,Train
LOT-0034688,Train
LOT-0034689,Test (Temporal)
LOT-0034690,Train
LOT-0034691,Train
LOT-0034692,Train
LOT-0034693,Train
LOT-0034694,Train
LOT-0034695,Train
LOT-0034696,Train
LOT-0034697,Test (Temporal)
LOT-0034698,Train
LOT-0034699,Train
LOT-0034700,Train
LOT-0034701,Train
LOT-0034702,Train
LOT-0034703,Train
LOT-0034704,Test (Temporal)
LOT-0034705,Train
LOT-0034706,Train
LOT-0034707,Train
LOT-0034708,Train
LOT-0034709,Train
LOT-0034710,Train
LOT-0034711,Train
LOT-0034712,Train
LOT-0034713,Train
LOT-0034714,Train
LOT-0034715,Train
LOT-0034716,Train
LOT-0034717,Train
LOT-0034718,Train
LOT-0034719,Train
LOT-0034720,Train
LOT-0034721,Train
LOT-0034722,Train
LOT-0034723,Test (Temporal)
LOT-0034724,Train
LOT-0034725,Test (Temporal)
LOT-0034726,Train
LOT-0034727,Train
LOT-0034728,Train
LOT-0034729,Train
LOT-0034730,Train
LOT-0034731,Train
LOT-0034732,Train
LOT-0034733,Train
LOT-0034734,Train
LOT-0034735,Train
LOT-0034736,Train
LOT-0034737,Train
LOT-0034738,Test (Temporal)
LOT-0034739,Train
LOT-0034740,Train
LOT-0034741,Train
LOT-0034742,Train
LOT-0034743,Train
LOT-0034744,Test (Temporal)
LOT-0034745,Train
LOT-0034746,Train
LOT-0034747,Test (Temporal)
LOT-0034748,Test (Temporal)
LOT-0034749,Train
LOT-0034750,Train
LOT-0034751,Test (Temporal)
LOT-0034752,Test (Temporal)
LOT-0034753,Train
LOT-0034754,Train
LOT-0034755,Train
LOT-0034756,Train
LOT-0034757,Train
LOT-0034758,Train
LOT-0034759,Train
LOT-0034760,Train
LOT-0034761,Train
LOT-0034762,Train
LOT-0034763,Train
LOT-0034764,Train
LOT-0034765,Train
LOT-0034766,Train
LOT-0034767,Train
LOT-0034768,Test (Temporal)
LOT-0034769,Train
LOT-0034770,Train
LOT-0034771,Train
LOT-0034772,Train
LOT-0034773,Train
LOT-0034774,Train
LOT-0034775,Train
LOT-0034776,Train
LOT-0034777,Train
LOT-0034778,Train
LOT-0034779,Test (Temporal)
LOT-0034780,Train
LOT-0034781,Test (Temporal)
LOT-0034782,Train
LOT-0034783,Train
LOT-0034784,Test (Temporal)
LOT-0034785,Train
LOT-0034786,Train
LOT-0034787,Test (Temporal)
LOT-0034788,Train
LOT-0034789,Train
LOT-0034790,Train
LOT-0034791,Train
LOT-0034792,Train
LOT-0034793,Train
LOT-0034794,Test (Temporal)
LOT-0034795,Train
LOT-0034796,Test (Temporal)
LOT-0034797,Train
LOT-0034798,Train
LOT-0034799,Test (Temporal)
LOT-0034800,Train
LOT-0034801,Test (Temporal)
LOT-0034802,Train
LOT-0034803,Test (Temporal)
LOT-0034804,Test (Temporal)
LOT-0034805,Train
LOT-0034806,Train
LOT-0034807,Train
LOT-0034808,Test (Temporal)
LOT-0034809,Train
LOT-0034810,Train
LOT-0034811,Train
LOT-0034812,Train
LOT-0034813,Train
LOT-0034814,Train
LOT-0034815,Train
LOT-0034816,Train
LOT-0034817,Test (Temporal)
LOT-0034818,Train
LOT-0034819,Train
LOT-0034820,Test (Temporal)
LOT-0034821,Test (Temporal)
LOT-0034822,Train
LOT-0034823,Train
LOT-0034824,Train
LOT-0034825,Train
LOT-0034826,Train
LOT-0034827,Train
LOT-0034828,Train
LOT-0034829,Train
LOT-0034830,Train
LOT-0034831,Train
LOT-0034832,Train
LOT-0034833,Train
LOT-0034834,Train
LOT-0034835,Train
LOT-0034836,Train
LOT-0034837,Train
LOT-0034838,Train
LOT-0034839,Train
LOT-0034840,Train
LOT-0034841,Train
LOT-0034842,Train
LOT-0034843,Train
LOT-0034844,Train
LOT-0034845,Train
LOT-0034846,Train
LOT-0034847,Train
LOT-0034848,Train
LOT-0034849,Train
LOT-0034850,Test (Temporal)
LOT-0034851,Train
LOT-0034852,Test (Temporal)
LOT-0034853,Train
LOT-0034854,Train
LOT-0034855,Train
LOT-0034856,Test (Temporal)
LOT-0034857,Train
LOT-0034858,Train
LOT-0034859,Test (Temporal)
LOT-0034860,Train
LOT-0034861,Train
LOT-0034862,Train
LOT-0034863,Train
LOT-0034864,Train
LOT-0034865,Train
LOT-0034866,Train
LOT-0034867,Train
LOT-0034868,Train
LOT-0034869,Train
LOT-0034870,Train
LOT-0034871,Train
LOT-0034872,Test (Temporal)
LOT-0034873,Train
LOT-0034874,Train
LOT-0034875,Train
LOT-0034876,Train
LOT-0034877,Train
LOT-0034878,Test (Temporal)
LOT-0034879,Train
LOT-0034880,Test (Temporal)
LOT-0034881,Train
LOT-0034882,Train
LOT-0034883,Train
LOT-0034884,Train
LOT-0034885,Train
LOT-0034886,Test (Temporal)
LOT-0034887,Train
LOT-0034888,Train
LOT-0034889,Train
LOT-0034890,Train
LOT-0034891,Train
LOT-0034892,Train
LOT-0034893,Train
LOT-0034894,Train
LOT-0034895,Train
LOT-0034896,Train
LOT-0034897,Train
LOT-0034898,Train
LOT-0034899,Train
LOT-0034900,Train
LOT-0034901,Test (Temporal)
LOT-0034902,Train
LOT-0034903,Train
LOT-0034904,Test (Temporal)
LOT-0034905,Train
LOT-0034906,Train
LOT-0034907,Train
LOT-0034908,Train
LOT-0034909,Train
LOT-0034910,Train
LOT-0034911,Train
LOT-0034912,Train
LOT-0034913,Train
LOT-0034914,Train
LOT-0034915,Train
LOT-0034916,Train
LOT-0034917,Train
LOT-0034918,Train
LOT-0034919,Train
LOT-0034920,Train
LOT-0034921,Train
LOT-0034922,Train
LOT-0034923,Train
LOT-0034924,Train
LOT-0034925,Train
LOT-0034926,Train
LOT-0034927,Test (Temporal)
LOT-0034928,Train
LOT-0034929,Train
LOT-0034930,Train
LOT-0034931,Test (Temporal)
LOT-0034932,Train
LOT-0034933,Train
LOT-0034934,Test (Temporal)
LOT-0034935,Train
LOT-0034936,Train
LOT-0034937,Train
LOT-0034938,Test (Temporal)
LOT-0034939,Train
LOT-0034940,Test (Temporal)
LOT-0034941,Train
LOT-0034942,Train
LOT-0034943,Train
LOT-0034944,Train
LOT-0034945,Train
LOT-0034946,Train
LOT-0034947,Train
LOT-0034948,Train
LOT-0034949,Train
LOT-0034950,Train
LOT-0034951,Train
LOT-0034952,Test (Temporal)
LOT-0034953,Train
LOT-0034954,Test (Temporal)
LOT-0034955,Train
LOT-0034956,Train
LOT-0034957,Test (Temporal)
LOT-0034958,Train
LOT-0034959,Train
LOT-0034960,Train
LOT-0034961,Test (Temporal)
LOT-0034962,Train
LOT-0034963,Train
LOT-0034964,Train
LOT-0034965,Test (Temporal)
LOT-0034966,Train
LOT-0034967,Train
LOT-0034968,Train
LOT-0034969,Train
LOT-0034970,Train
LOT-0034971,Train
LOT-0034972,Train
LOT-0034973,Train
LOT-0034974,Train
LOT-0034975,Train
LOT-0034976,Train
LOT-0034977,Train
LOT-0034978,Train
LOT-0034979,Train
LOT-0034980,Train
LOT-0034981,Train
LOT-0034982,Train
LOT-0034983,Train
LOT-0034984,Test (Temporal)
LOT-0034985,Train
LOT-0034986,Train
LOT-0034987,Train
LOT-0034988,Train
LOT-0034989,Train
LOT-0034990,Train
LOT-0034991,Test (Temporal)
LOT-0034992,Train
LOT-0034993,Test (Temporal)
LOT-0034994,Train
LOT-0034995,Train
LOT-0034996,Train
LOT-0034997,Train
LOT-0034998,Train
LOT-0034999,Train
LOT-0035000,Train
